{"stats":{"minecraft:mined":{"minecraft:dark_oak_log":16,"minecraft:cave_vines_plant":2,"gravestone:gravestone":2,"minecraft:birch_planks":1,"minecraft:cave_vines":3,"minecraft:end_stone_bricks":16,"minecraft:stone":5,"minecraft:dark_oak_planks":65},"minecraft:killed":{"instrumentalmobs:tuba_enderman":2},"minecraft:killed_by":{"minecraft:enderman":1},"minecraft:dropped":{"functionalstorage:void_upgrade":2,"minecraft:bread":16,"torchmaster:feral_flare_lantern":4,"mob_grinding_utils:fan_upgrade_height":3,"minecraft:wheat_seeds":2,"botanypots:terracotta_botany_pot":1,"tconstruct:seared_bricks":4,"gag:time_sand_pouch":1,"buildinggadgets:gadget_building":1,"prettypipes:medium_speed_module":2,"minecraft:sculk_sensor":2,"functionalstorage:gold_upgrade":2,"functionalstorage:linking_tool":1,"createaddition:chocolate_cake":8,"mob_grinding_utils:jumbo_tank":1,"chancecubes:chance_cube":4,"cobblefordays:tier_1":1,"mekanismtools:stone_paxel":1,"simplybackpacks:commonbackpack":1,"powah:dielectric_casing":8,"fluxnetworks:basic_flux_storage":1,"pipez:fluid_pipe":4,"pipez:item_pipe":8,"minecraft:black_candle":8,"chancecubes:silk_touch_pendant":1,"botania:lexicon":1,"mob_grinding_utils:absorption_hopper":1,"minecraft:beetroot_seeds":3,"darkutils:vector_plate":4,"mob_grinding_utils:fan_upgrade_width":3,"supplementaries:bomb_spiky":6,"gravestone:obituary":1,"createaddition:honey_cake":8,"mob_grinding_utils:fan":2,"industrialforegoing:laser_lens14":1,"minecraft:iron_ore":31,"minecraft:end_stone_bricks":4,"entangled:item":1,"pipez:improved_upgrade":4,"compactcrafting:field_projector":2,"chiselsandbits:chiseledrock":1,"botania:ender_air_bottle":6,"minecraft:dark_oak_planks":35,"cobblefordays:tier_4":1,"shrink:shrinking_device":1,"minecraft:gold_ingot":5},"minecraft:crafted":{"minecraft:oak_planks":8,"simplybackpacks:rarebackpack":1,"create:wrench":1,"simplybackpacks:commonbackpack":1,"create:goggles":1,"minecraft:bone_meal":6,"minecraft:diamond_block":1,"minecraft:iron_bars":16,"minecraft:blue_dye":3,"minecraft:diamond_leggings":1,"minecraft:diamond_helmet":1,"minecraft:leather":3,"minecraft:white_dye":6,"simplybackpacks:uncommonbackpack":1,"minecraft:stick":4,"minecraft:chest":7,"minecraft:diamond_boots":1,"minecraft:gold_ingot":18,"minecraft:diamond_chestplate":1},"minecraft:used":{"minecraft:end_stone_bricks":10,"minecraft:iron_ore":1,"minecraft:birch_planks":1,"minecraft:baked_potato":5,"minecraft:elytra":2,"minecraft:ender_pearl":1,"minecraft:leather_chestplate":1,"minecraft:leather_boots":1,"create:cogwheel":3,"mekanismtools:diamond_paxel":115,"mekanismtools:refined_glowstone_leggings":1,"minecraft:firework_rocket":1,"create:wrench":7,"chancecubes:chance_cube":33,"minecraft:leather_helmet":1},"minecraft:picked_up":{"minecraft:end_stone_bricks":14,"industrialforegoing:item_transporter_type":2,"shrink:shrinking_device":1,"mob_grinding_utils:fan_upgrade_width":3,"powah:dielectric_casing":8,"mob_grinding_utils:absorption_hopper":1,"minecraft:yellow_dye":64,"createaddition:honey_cake":8,"cobblefordays:tier_4":1,"compactcrafting:field_projector":2,"minecraft:birch_planks":1,"immersiveengineering:railgun":1,"minecraft:elytra":1,"justhammers:diamond_reinforced_hammer":1,"botanypots:terracotta_hopper_botany_pot":1,"ftbstoneblock:mob_soul":2,"chiselsandbits:chiseledrock":1,"botania:lexicon":1,"minecraft:black_candle":8,"create:cogwheel":2,"pipez:item_pipe":8,"functionalstorage:void_upgrade":2,"instrumentalmobs:tuba":1,"mekanismtools:diamond_paxel":1,"justhammers:diamond_hammer":1,"minecraft:barrel":15,"fluxnetworks:basic_flux_storage":1,"mob_grinding_utils:fan":2,"minecraft:dark_oak_planks":85,"mob_grinding_utils:jumbo_tank":1,"functionalstorage:gold_upgrade":2,"chancecubes:chance_cube":1,"industrialforegoing:straw":1,"minecraft:gold_ingot":2,"industrialforegoing:laser_lens14":1,"minecraft:glow_berries":7,"mob_grinding_utils:fan_upgrade_height":3,"minecraft:cobblestone":5,"minecraft:ender_pearl":1},"minecraft:custom":{"minecraft:mob_kills":4,"minecraft:interact_with_crafting_table":12,"minecraft:open_barrel":12,"minecraft:eat_cake_slice":2,"minecraft:time_since_death":31715,"minecraft:climb_one_cm":68,"minecraft:time_since_rest":31742,"champions:champion_mobs_killed":2,"minecraft:sprint_one_cm":59617,"minecraft:damage_taken":640,"minecraft:walk_one_cm":74826,"minecraft:drop":79,"minecraft:damage_dealt":1204,"minecraft:fly_one_cm":74605,"minecraft:open_chest":171,"minecraft:crouch_one_cm":1474,"minecraft:play_time":43534,"minecraft:deaths":2,"minecraft:sneak_time":653,"minecraft:aviate_one_cm":60987,"minecraft:jump":439,"minecraft:walk_on_water_one_cm":567,"minecraft:total_world_time":43534,"minecraft:horse_one_cm":3299,"minecraft:fall_one_cm":4024}},"DataVersion":2975}