{"stats":{"minecraft:mined":{"minecraft:dragon_wall_head":1,"createaddition:tesla_coil":2,"minecraft:light_gray_bed":2,"minecraft:oak_wall_sign":1,"minecraft:spawner":21,"powah:ender_cell_spirited":1,"ironchest:crystal_chest":1,"minecraft:magma_block":16,"minecraft:dark_oak_trapdoor":1,"minecraft:fire":7,"minecraft:barrel":92,"minecraft:fletching_table":1,"minecraft:granite_slab":1,"minecraft:twisting_vines":2,"mob_grinding_utils:jumbo_tank":1,"mcwdoors:metal_warning_door":2,"minecraft:spruce_wood":55,"create:mechanical_press":1,"stonechest:chest_cobblestone":3,"minecraft:tripwire":106,"create:cogwheel":50,"minecraft:smoker":1,"minecraft:torch":5,"minecraft:melon":3,"minecraft:bricks":252,"minecraft:amethyst_block":7,"create:basin":1,"minecraft:repeater":4,"minecraft:jukebox":3,"minecraft:wither_rose":7,"minecraft:grass":30,"chickens:roost":5,"minecraft:nether_brick_wall":1,"ae2:charger":1,"minecraft:dark_oak_fence":4,"minecraft:redstone_wire":7,"create:encased_fan":3,"minecraft:red_mushroom":5,"create:shaft":29,"minecraft:andesite":620,"minecraft:big_dripleaf_stem":6,"create:deployer":1,"minecraft:soul_sand":6,"minecraft:warped_roots":1,"minecraft:tall_grass":10,"minecraft:purple_wool":192,"minecraft:trapped_chest":6,"minecraft:stripped_spruce_wood":1,"powah:energy_cable_starter":5,"minecraft:gravel":419,"mekanism:steel_casing":4,"minecraft:cobweb":205,"minecraft:chipped_anvil":4,"minecraft:fern":1,"minecraft:oak_sapling":1,"minecraft:spruce_trapdoor":1,"minecraft:composter":7,"minecraft:pointed_dripstone":3,"minecraft:iron_bars":1,"minecraft:azalea":2,"powah:energy_cable_basic":9,"minecraft:quartz_block":2,"minecraft:beacon":5,"rftoolsutility:crafter3":1,"minecraft:wall_torch":5,"create:large_water_wheel":2,"minecraft:warped_planks":7,"minecraft:tnt":18,"minecraft:oak_log":91,"minecraft:dirt":61,"minecraft:dispenser":35,"minecraft:ancient_debris":1,"create:depot":3,"ftbstoneblock:dust":24,"powah:thermo_generator_hardened":1,"minecraft:gold_block":13,"minecraft:bookshelf":95,"minecraft:scaffolding":3,"pipez:item_pipe":4,"minecraft:warped_fence":10,"minecraft:oak_fence":6,"minecraft:lime_carpet":27,"minecraft:stone_slab":3,"minecraft:sea_pickle":1,"minecraft:warped_hyphae":1,"create:mechanical_crafter":24,"minecraft:small_dripleaf":1,"minecraft:dark_oak_planks":1,"create:andesite_casing":8,"minecraft:obsidian":64,"ftbstoneblock:1x_compressed_gravel":64,"minecraft:coal_block":8,"minecraft:crimson_fungus":1,"minecraft:weeping_vines_plant":8,"minecraft:sticky_piston":2,"minecraft:moss_carpet":15,"minecraft:cave_vines":10,"minecraft:oak_sign":3,"minecraft:iron_block":1,"minecraft:brown_mushroom":10,"minecraft:soul_fire":21,"minecraft:amethyst_cluster":1,"minecraft:blast_furnace":1,"minecraft:glass":4,"minecraft:wheat":1,"minecraft:stone_brick_stairs":1,"create:hand_crank":3,"minecraft:nether_bricks":1,"minecraft:crimson_roots":3,"minecraft:moss_block":82,"minecraft:diamond_block":6,"metalbarrels:diamond_barrel":5,"minecraft:potatoes":2,"thermal:fluid_cell_frame":2,"minecraft:green_candle":2,"create:andesite_encased_large_cogwheel":1,"minecraft:stone_brick_slab":1,"minecraft:cobbled_deepslate_wall":1,"minecraft:big_dripleaf":3,"farmersdelight:skillet":1,"laserio:laser_node":2,"create:gearbox":1,"create:crushing_wheel":3,"industrialforegoing:transporter":1,"ftbstoneblock:1x_compressed_cobblestone":65,"minecraft:spruce_planks":3,"minecraft:cave_vines_plant":8,"minecraft:grass_block":6,"ftbsbc:bits_spawner":2,"minecraft:soul_soil":64,"ftbstoneblock:1x_compressed_dirt":93,"rftoolsutility:crafter1":1,"fluxnetworks:basic_flux_storage":1,"entangled:block":1,"minecraft:end_stone_bricks":6,"simplylight:lamp_post":5,"minecraft:twisting_vines_plant":5,"minecraft:clay":71,"minecraft:chest":84,"mob_grinding_utils:tank":3,"minecraft:cobblestone":391,"minecraft:slime_block":18,"minecraft:iron_door":2,"minecraft:deepslate_copper_ore":36,"minecraft:nether_wart_block":5,"minecraft:sand":19,"powah:magmator_starter":1,"minecraft:tripwire_hook":20,"minecraft:netherrack":450,"minecraft:oak_leaves":362,"minecraft:gray_candle":1,"minecraft:tuff":12,"trashcans:item_trash_can":1,"gravestone:gravestone":45,"create:large_cogwheel":43,"minecraft:weeping_vines":3,"minecraft:polished_andesite_slab":6,"minecraft:sandstone":1,"createaddition:rolling_mill":5,"minecraft:dark_oak_fence_gate":1,"minecraft:stone":964,"farmersdelight:cooking_pot":1,"ftbstoneblock:2x_compressed_stone":2,"ftbstoneblock:1x_compressed_sand":92,"minecraft:sculk_sensor":1,"chancecubes:chance_cube":1,"minecraft:cactus":2,"minecraft:beehive":1,"minecraft:polished_andesite":6},"minecraft:broken":{"minecraft:leather_helmet":1,"ftbsbc:fire_plow":8,"minecraft:iron_pickaxe":1,"minecraft:diamond_boots":1,"woodenshears:wooden_shears":2,"minecraft:diamond_chestplate":1,"justhammers:iron_hammer":4,"mekanismtools:stone_paxel":1,"minecraft:golden_boots":2,"botania:manasteel_helmet":2,"minecraft:iron_sword":2,"botania:manasteel_boots":1,"ftbsbc:stone_hammer":6,"minecraft:turtle_helmet":1,"mekanismtools:iron_paxel":3,"minecraft:golden_leggings":1,"botania:manasteel_leggings":1,"ftbsbc:stone_crook":1,"create:sand_paper":1},"minecraft:killed_by":{"minecraft:ravager":1,"minecraft:zombie":2,"minecraft:skeleton":2,"minecraft:piglin_brute":7,"minecraft:vindicator":1,"minecraft:vex":1,"minecraft:wither_skeleton":3,"minecraft:creeper":2,"minecraft:piglin":1,"minecraft:cave_spider":1,"minecraft:blaze":3,"minecraft:endermite":1,"minecraft:player":13,"minecraft:bee":1,"minecraft:hoglin":1},"minecraft:killed":{"minecraft:zombie_horse":2,"minecraft:guardian":1,"minecraft:parrot":1,"minecraft:elder_guardian":1,"minecraft:pillager":18,"minecraft:zombie":133,"minecraft:evoker":2,"minecraft:vindicator":5,"minecraft:endermite":6,"minecraft:husk":1,"minecraft:witch":8,"minecraft:zombified_piglin":6,"minecraft:spider":11,"minecraft:bee":4,"minecraft:silverfish":57,"minecraft:piglin_brute":7,"minecraft:piglin":16,"minecraft:zombie_villager":3,"minecraft:ghast":1,"minecraft:vex":8,"minecraft:slime":10,"minecraft:drowned":1,"ars_nouveau:summon_wolf":1,"minecraft:hoglin":5,"minecraft:squid":4,"minecraft:wither_skeleton":17,"minecraft:cave_spider":4,"minecraft:skeleton":46,"minecraft:fox":2,"minecraft:chicken":1,"minecraft:magma_cube":49,"minecraft:glow_squid":1,"minecraft:cow":1,"minecraft:enderman":5,"minecraft:wolf":6,"minecraft:creeper":13,"minecraft:stray":3,"minecraft:blaze":12,"minecraft:phantom":3,"minecraft:llama":5,"minecraft:bat":2,"ars_nouveau:wilden_stalker":7},"minecraft:dropped":{"farmersdelight:hamburger":4,"minecraft:iron_sword":3,"minecraft:porkchop":53,"minecraft:respawn_anchor":6,"minecraft:lapis_lazuli":8464,"chipped:glowstone_13":8,"minecraft:glow_ink_sac":118,"minecraft:diamond":157,"minecraft:glass_bottle":45,"minecraft:crafting_table":2,"minecraft:cooked_porkchop":18,"minecraft:weeping_vines":42,"minecraft:glow_berries":177,"minecraft:warped_roots":6,"ars_nouveau:earth_essence":5,"minecraft:brown_banner":1,"nethersdelight:hoglin_loin":12,"minecraft:red_mushroom":203,"botania:manasteel_leggings":7,"minecraft:emerald":77,"minecraft:gold_block":413,"botania:manasteel_boots":1,"minecraft:dark_oak_fence":1,"minecraft:dark_oak_trapdoor":1,"buddingcrystals:budding_emerald":1,"darkutils:vector_plate":4,"powah:dielectric_paste":124,"minecraft:gold_nugget":659,"chipped:bone_block_10":23,"minecraft:sand":374,"minecraft:gray_candle":31,"minecraft:purple_wool":65,"minecraft:lime_candle":45,"minecraft:fermented_spider_eye":5,"minecraft:dark_oak_planks":170,"projecte:white_alchemical_bag":1,"minecraft:stone_axe":6,"minecraft:compass":1,"minecraft:ancient_debris":23,"minecraft:iron_nugget":973,"minecraft:wheat":63,"minecraft:obsidian":222,"minecraft:rotten_flesh":430,"minecraft:grindstone":3,"powah:crystal_blazing":4,"minecraft:oak_planks":30,"botania:cosmetic_questgiver_mark":8,"minecraft:glowstone_dust":346,"create:potato_cannon":4,"minecraft:music_disc_far":1,"minecraft:golden_shovel":6,"minecraft:nether_brick_fence":153,"minecraft:warped_planks":43,"minecraft:rabbit_foot":2,"minecraft:red_candle":57,"compactmachines:personal_shrinking_device":1,"minecraft:quartz_block":112,"minecraft:music_disc_mall":8,"minecraft:leather_boots":1,"minecraft:acacia_sapling":44,"botanypots:light_blue_concrete_botany_pot":3,"minecraft:leather_leggings":6,"minecraft:brown_candle":18,"minecraft:red_nether_bricks":123,"minecraft:glass":2,"minecraft:beef":1,"minecraft:stone_brick_stairs":4,"minecraft:golden_boots":16,"create:rose_quartz":2,"minecraft:mooshroom_spawn_egg":1,"minecraft:wheat_seeds":99,"minecraft:clock":25,"minecraft:book":169,"ftbdripper:dripper":1,"minecraft:deepslate_tile_slab":27,"minecraft:chicken_spawn_egg":1,"minecraft:golden_apple":22,"minecraft:coal_block":48,"minecraft:lava_bucket":2,"minecraft:cobweb":18,"minecraft:diamond_horse_armor":1,"immersiveengineering:cloche":6,"tconstruct:necrotic_bone":12,"minecraft:ink_sac":6,"minecraft:lodestone":19,"minecraft:wooden_axe":3,"minecraft:cooked_salmon":7,"projecte:dark_matter":4,"minecraft:potion":2,"minecraft:golden_hoe":3,"minecraft:white_banner":2,"ftbstoneblock:stonepebble":2,"thermal:rf_potato":9,"minecraft:chipped_anvil":8,"minecraft:chainmail_leggings":4,"powah:energy_cable_basic":2,"minecraft:trapped_chest":35,"ftbstoneblock:2x_compressed_cobblestone":1,"minecraft:red_nether_brick_wall":6,"create:raw_zinc":231,"powah:uraninite_raw":96,"minecraft:stone_brick_slab":1,"minecraft:snow_block":12,"farmersdelight:melon_juice":4,"chiselsandbits:magnifying_glass":1,"minecraft:bricks":57,"ars_nouveau:manipulation_essence":2,"minecraft:soul_soil":857,"minecraft:sticky_piston":3,"minecraft:experience_bottle":6,"minecraft:white_carpet":2,"farmersdelight:beef_stew":45,"minecraft:clay_ball":2060,"minecraft:iron_boots":1,"minecraft:name_tag":6,"minecraft:budding_amethyst":8,"minecraft:oak_sign":3,"minecraft:blast_furnace":2,"minecraft:diamond_sword":7,"mekanismtools:steel_sword":1,"tconstruct:sky_slime_sling":1,"minecraft:flower_pot":5,"minecraft:sea_pickle":27,"minecraft:powder_snow_bucket":5,"minecraft:spruce_planks":9,"create:zinc_ingot":136,"minecraft:diamond_pickaxe":17,"thermal:phytogro":119,"create:hand_crank":1,"ars_nouveau:starbuncle_shards":1,"minecraft:redstone_torch":1,"minecraft:barrel":366,"minecraft:bamboo":15,"thermal:energy_cell_frame":4,"minecraft:sandstone":1,"minecraft:bow":35,"minecraft:purple_candle":10,"minecraft:horse_spawn_egg":2,"ars_nouveau:amplify_arrow":24,"minecraft:magma_block":9,"minecraft:crimson_hyphae":5,"minecraft:cooked_rabbit":10,"minecraft:moss_block":21,"minecraft:soul_sand":1198,"minecraft:candle":270,"minecraft:llama_spawn_egg":2,"minecraft:warped_fungus":1,"minecraft:oak_log":90,"minecraft:golden_pickaxe":6,"minecraft:ender_pearl":63,"minecraft:nether_star":4,"minecraft:dark_oak_sapling":4,"botania:lava_pendant":2,"chipped:blackstone_29":15,"minecraft:leather":422,"tconstruct:blood_slime_sapling":8,"minecraft:iron_horse_armor":1,"chancecubes:chance_cube":211,"luggage:luggage":39,"minecraft:cod":54,"minecraft:cobblestone_stairs":9,"ftbstoneblock:mob_soul":175,"minecraft:redstone_lamp":442,"create:brass_sheet":1,"minecraft:polished_blackstone_pressure_plate":84,"minecraft:mutton":10,"minecraft:snowball":6,"ironchest:iron_chest":2,"gravestone:obituary":153,"farmersdelight:cooked_salmon_slice":34,"minecraft:gold_ingot":210,"stonechest:part_cobblestone":3,"minecraft:music_disc_otherside":1,"soulshards:soul_shard":1,"minecraft:twisting_vines":33,"minecraft:pointed_dripstone":4,"minecraft:white_candle":1,"minecraft:cooked_mutton":4,"ae2:certus_crystal_seed":510,"ae2:charged_certus_quartz_crystal":97,"industrialforegoing:mob_imprisonment_tool":1,"ars_nouveau:water_essence":9,"minecraft:leather_chestplate":4,"tconstruct:bacon":4,"minecraft:trident":10,"minecraft:ocelot_spawn_egg":1,"minecraft:beetroot_seeds":9,"minecraft:iron_bars":84,"compactcrafting:field_projector":4,"minecraft:scaffolding":16,"minecraft:splash_potion":14,"create:andesite_alloy":19,"minecraft:stone_hoe":1,"minecraft:bread":11,"minecraft:light_blue_candle":9,"minecraft:golden_helmet":10,"chipped:clay_46":2,"metalbarrels:diamond_barrel":5,"minecraft:golden_axe":8,"farmersdelight:bacon_sandwich":1,"minecraft:amethyst_block":7,"minecraft:iron_block":20,"minecraft:black_candle":10,"minecraft:milk_bucket":4,"minecraft:repeater":66,"minecraft:nether_wart_block":521,"minecraft:melon_slice":14,"minecraft:iron_door":4,"minecraft:zombie_head":5,"minecraft:fire_charge":50,"minecraft:music_disc_strad":2,"mekanism:raw_osmium":73,"minecraft:polished_andesite_stairs":1,"minecraft:music_disc_ward":8,"minecraft:cyan_candle":40,"createaddition:copper_spool":3,"minecraft:music_disc_wait":6,"minecraft:cactus":6,"minecraft:tripwire_hook":112,"createaddition:brass_rod":4,"minecraft:dragon_head":4,"tconstruct:ichor_slime_ball":5,"thermal:raw_lead":75,"supplementaries:bomb":4,"botania:magnet_ring":3,"minecraft:pink_candle":4,"ftbstoneblock:cold_silverfish_shard":502,"minecraft:light_gray_candle":27,"minecraft:flint_and_steel":57,"pipez:fluid_pipe":16,"minecraft:andesite":688,"minecraft:golden_leggings":44,"tconstruct:earth_slime_sapling":6,"minecraft:oak_sapling":64,"supercircuitmaker:tiny_redstone":12,"projecte:cyan_alchemical_bag":1,"projecte:mobius_fuel":6,"mekanismtools:refined_glowstone_leggings":5,"minecraft:wooden_pickaxe":1,"minecraft:magma_cream":55,"botania:cosmetic_tiny_potato_mask":8,"ftbquests:lootcrate":82,"minecraft:brick":109,"ars_nouveau:ritual_challenge":3,"minecraft:clay":12,"minecraft:piston":4,"minecraft:crossbow":12,"farmersdelight:cooked_bacon":8,"minecraft:cookie":482,"create:cogwheel":4,"minecraft:fletching_table":1,"minecraft:saddle":51,"minecraft:leather_helmet":1,"minecraft:red_carpet":1,"minecraft:dirt":13,"constructionwand:iron_wand":2,"ars_nouveau:ring_of_lesser_discount":9,"minecraft:stone_button":6,"minecraft:yellow_dye":160,"ars_nouveau:fire_essence":2,"minecraft:jack_o_lantern":9,"minecraft:jungle_sapling":36,"minecraft:chain":37,"supplementaries:flax":16,"minecraft:bone_meal":219,"minecraft:phantom_membrane":28,"tconstruct:sky_slime_ball":45,"minecraft:sugar":7,"minecraft:iron_pickaxe":1,"minecraft:music_disc_stal":4,"minecraft:green_candle":24,"ars_nouveau:source_gem":2,"minecraft:bone":218,"thermal:raw_tin":75,"minecraft:oak_door":5,"minecraft:sugar_cane":1,"minecraft:music_disc_chirp":8,"minecraft:polished_andesite_slab":41,"minecraft:golden_chestplate":86,"ars_nouveau:whirlisprig_shards":4,"minecraft:birch_sapling":20,"buildinggadgets:gadget_building":2,"ftbsbc:stone_crook":6,"minecraft:enchanted_golden_apple":7,"immersiveengineering:raw_aluminum":129,"minecraft:blaze_powder":49,"botania:lens_fire":5,"powah:energy_cable_starter":24,"justhammers:iron_hammer":1,"jags:jags":11,"botania:manasteel_ingot":1,"projecte:alchemical_coal":2,"cobblefordays:tier_3":1,"minecraft:tipped_arrow":1079,"minecraft:charcoal":60,"minecraft:hopper":15,"farmersdelight:mixed_salad":14,"minecraft:ladder":1,"create:mechanical_crafter":12,"farmersdelight:rope":40,"minecraft:end_stone_bricks":224,"mcwfurnitures:acacia_drawer":4,"thermal:bronze_ingot":1,"minecraft:crying_obsidian":321,"minecraft:ghast_tear":6,"prettypipes:high_speed_module":4,"powah:magmator_starter":1,"minecraft:egg":9,"farmersdelight:tomato_seeds":3,"mekanism:fluorite_gem":7,"minecraft:enchanted_book":21,"minecraft:iron_ingot":134,"minecraft:wolf_spawn_egg":22,"minecraft:tnt":17,"ars_nouveau:apprentice_boots":1,"minecraft:golden_horse_armor":3,"minecraft:guardian_spawn_egg":6,"minecraft:oak_fence":11,"minecraft:feather":47,"minecraft:cobblestone":10376,"minecraft:elder_guardian_spawn_egg":1,"minecraft:apple":34,"minecraft:granite":1,"minecraft:music_disc_pigstep":3,"minecraft:polished_blackstone_button":8,"minecraft:chainmail_helmet":1,"minecraft:coal":7929,"chickens:chicken_item":301,"minecraft:polished_andesite":151,"minecraft:dried_kelp_block":9,"minecraft:golden_carrot":35,"minecraft:wooden_hoe":3,"minecraft:rabbit":14,"minecraft:lime_carpet":378,"minecraft:diamond_helmet":2,"minecraft:dead_bush":5,"minecraft:dried_kelp":1581,"minecraft:iron_shovel":3,"minecraft:paper":10,"minecraft:string":1885,"minecraft:blue_candle":35,"minecraft:spruce_sapling":12,"farmersdelight:glow_berry_custard":6,"minecraft:furnace":1,"minecraft:moss_carpet":15,"createaddition:capacitor":5,"ars_nouveau:source_berry":2,"minecraft:stone_sword":8,"minecraft:cobblestone_wall":1,"minecraft:bowl":27,"minecraft:diamond_hoe":3,"minecraft:chicken":19,"torchbowmod:torchbow":7,"minecraft:slime_block":27,"minecraft:stone_slab":18,"cobblefordays:tier_5":1,"minecraft:nether_bricks":130,"minecraft:pumpkin_seeds":5,"minecraft:big_dripleaf":11,"minecraft:cobblestone_slab":5,"minecraft:potato":5,"tconstruct:earth_slime_sling":2,"ftbstoneblock:dust":2865,"minecraft:wooden_shovel":2,"minecraft:spider_eye":26,"minecraft:warped_button":15,"farmersdelight:mushroom_rice":6,"create:brass_casing":4,"farmersdelight:apple_cider":1,"ars_nouveau:source_berry_pie":20,"create:electron_tube":1,"ironchest:crystal_chest":1,"ae2:certus_quartz_crystal":128,"minecraft:crimson_nylium":15,"minecraft:brown_mushroom":24,"minecraft:diamond_axe":2,"ftbstoneblock:warm_silverfish_shard":28,"minecraft:lantern":1,"minecraft:deepslate_tile_wall":3,"createaddition:chocolate_cake":4,"minecraft:flint":510,"minecraft:music_disc_11":1,"minecraft:deepslate_tile_stairs":39,"minecraft:warped_pressure_plate":6,"minecraft:netherite_scrap":2,"minecraft:dispenser":44,"botania:manasteel_helmet":5,"minecraft:cornflower":113,"buildinggadgets:gadget_exchanging":1,"minecraft:crimson_roots":120,"minecraft:cooked_cod":12,"ftbdripper:water_bowl":1,"minecraft:pumpkin_pie":11,"minecraft:gilded_blackstone":174,"botania:quartz_mana":39,"minecraft:glistering_melon_slice":32,"create:large_cogwheel":3,"industrialforegoing:straw":8,"minecraft:armor_stand":1,"minecraft:gravel":2802,"minecraft:crimson_fungus":50,"minecraft:blackstone":1876,"ars_nouveau:wilden_spike":21,"minecraft:diamond_shovel":9,"minecraft:prismarine":16,"minecraft:beehive":13,"ftbstoneblock:2x_compressed_stone":18,"bloodmagic:weakbloodorb":15,"minecraft:stone_stairs":8,"minecraft:honey_bottle":99,"minecraft:carrot":2,"ae2:sky_dust":3,"minecraft:poppy":2,"minecraft:shulker_shell":1,"supplementaries:ash":4,"minecraft:gunpowder":1750,"ars_nouveau:apprentice_hood":1,"minecraft:skeleton_skull":21,"minecraft:melon_seeds":5,"minecraft:lingering_potion":11,"minecraft:glowstone":121,"thermal:basalz_powder":1,"minecraft:chainmail_boots":1,"minecraft:azalea":5,"minecraft:chest":265,"create:brass_ingot":48,"minecraft:arrow":307,"minecraft:quartz":684,"immersiveengineering:seed":7,"minecraft:written_book":6,"minecraft:netherrack":4231,"minecraft:firework_rocket":1311,"minecraft:water_bucket":11,"minecraft:oak_slab":43,"tconstruct:blood_slime_grass_seeds":12,"minecraft:bookshelf":80,"buddingcrystals:crystal_catalyst":16,"minecraft:diamond_leggings":6,"minecraft:poisonous_potato":1,"powah:steel_energized":13,"minecraft:nether_brick_wall":14,"minecraft:copper_ingot":220,"minecraft:orange_candle":9,"minecraft:stick":242,"ftbsbc:stone_hammer":8,"botania:manasteel_chestplate":6,"minecraft:diorite":13,"minecraft:brewing_stand":1,"minecraft:torch":413,"minecraft:brown_wool":16,"minecraft:iron_leggings":4,"minecraft:zombie_horse_spawn_egg":2,"minecraft:wither_rose":19,"immersiveengineering:shader_bag_epic":32,"minecraft:bucket":2,"farmersdelight:shepherds_pie":4,"minecraft:music_disc_cat":1,"ars_nouveau:wilden_wing":62,"minecraft:dandelion":134,"minecraft:redstone":422,"buddingcrystals:budding_diamond":1,"mekanismtools:diamond_paxel":4,"nethersdelight:hoglin_sirloin":2,"minecraft:anvil":2,"minecraft:nether_wart":67,"minecraft:blaze_rod":235,"minecraft:raw_copper":379,"minecraft:jukebox":13,"minecraft:tuff":518,"thermal:slag":11,"minecraft:raw_iron":183,"minecraft:composter":21,"minecraft:wither_skeleton_skull":6,"minecraft:smoker":1,"minecraft:iron_hoe":1,"immersiveengineering:shader":17,"minecraft:diamond_chestplate":4,"supplementaries:flint_block":1,"ae2:fluix_crystal":28,"simplylight:lamp_post":4,"minecraft:iron_chestplate":6,"minecraft:warped_fence":10,"minecraft:fox_spawn_egg":6,"minecraft:cake":3,"minecraft:magenta_candle":16,"minecraft:golden_sword":18,"supplementaries:bomb_spiky":2,"minecraft:slime_ball":97,"minecraft:beacon":2,"minecraft:music_disc_mellohi":20},"minecraft:crafted":{"minecraft:oak_sign":3,"projecte:dark_matter_block":1,"ae2:drive":1,"create:cogwheel":24,"ftbsbc:stone_rod":56,"industrialforegoing:item_transporter_type":2,"minecraft:stone_slab":6,"minecraft:iron_pickaxe":1,"create:large_cogwheel":8,"buddingcrystals:budding_emerald":1,"buddingcrystals:budding_diamond":1,"minecraft:composter":1,"thermal:tin_ingot":11,"minecraft:stone_pickaxe":1,"create:belt_connector":1,"ae2:fluix_glass_cable":4,"minecraft:wheat_seeds":338,"minecraft:iron_shovel":1,"create:shaft":24,"minecraft:grindstone":1,"mekanismtools:iron_paxel":2,"minecraft:cooked_chicken":123,"minecraft:stone":57,"minecraft:warped_planks":8,"minecraft:oak_button":41,"create:brass_hand":1,"minecraft:dropper":2,"create:depot":2,"minecraft:cauldron":1,"botanypots:light_blue_concrete_hopper_botany_pot":1,"woodenshears:wooden_shears":6,"create:zinc_nugget":63,"ftbstoneblock:1x_compressed_sand":197,"cobblefordays:tier_1":1,"create:water_wheel":12,"minecraft:yellow_dye":40,"minecraft:stick":164,"minecraft:iron_ingot":134,"ae2:charger":1,"minecraft:furnace":1,"minecraft:flint_and_steel":1,"create:andesite_alloy":31,"minecraft:iron_sword":1,"create:large_water_wheel":12,"industrialforegoing:machine_frame_pity":1,"minecraft:dirt":18,"ae2:silicon":9,"ftbstoneblock:1x_compressed_cobblestone":262,"minecraft:white_dye":40,"minecraft:anvil":1,"minecraft:diamond_chestplate":1,"ironchest:iron_chest":9,"pipez:item_pipe":16,"stonechest:chest_cobblestone":19,"projecte:red_matter_block":1,"minecraft:bookshelf":7,"minecraft:glass":18,"create:mechanical_press":1,"ftbstoneblock:1x_compressed_stone":6,"minecraft:gravel":45,"minecraft:copper_ingot":18,"minecraft:hay_block":60,"create:gearbox":2,"create:encased_fan":1,"ftbsbc:stone_hammer":19,"minecraft:iron_block":4,"create:propeller":1,"minecraft:stone_shovel":1,"ftbsbc:stone_crook":6,"minecraft:bone_meal":42,"minecraft:redstone_block":1,"create:electron_tube":1,"ironchest:gold_chest":7,"ae2:certus_crystal_seed":110,"minecraft:cobblestone":2,"thermal:lead_ingot":21,"chancecubes:chance_cube":126,"ae2:sky_stone_block":11,"minecraft:oak_planks":400,"ae2:controller":1,"chickens:catcher":1,"minecraft:sand":45,"create:deployer":1,"ftbstoneblock:1x_compressed_dirt":198,"minecraft:stone_hoe":1,"immersiveengineering:ingot_aluminum":29,"minecraft:oak_slab":12,"minecraft:crafting_table":3,"ftbsbc:fire_plow":9,"create:sand_paper":1,"mekanismtools:stone_paxel":1,"minecraft:stone_sword":1,"minecraft:shears":1,"create:empty_blaze_burner":1,"ae2:quartz_fiber":3,"minecraft:polished_andesite":12,"minecraft:coarse_dirt":4,"stonechest:part_cobblestone":76,"ironfurnaces:gold_furnace":1,"ftbstoneblock:1x_compressed_gravel":198,"minecraft:iron_axe":1,"create:millstone":1,"chickens:breeder":3,"minecraft:red_dye":24,"create:hand_crank":5,"minecraft:cyan_dye":1,"minecraft:bucket":2,"minecraft:stone_axe":2,"minecraft:air":0,"minecraft:blue_dye":40,"justhammers:iron_hammer":1,"projecte:cyan_alchemical_bag":1,"chickens:roost":14,"create:zinc_ingot":80,"minecraft:lapis_lazuli":18,"minecraft:lapis_block":128},"minecraft:used":{"minecraft:moss_block":8,"create:deployer":2,"trashcans:item_trash_can":1,"minecraft:stone":2,"woodenshears:wooden_shears":116,"minecraft:soul_sand":27,"minecraft:bowl":1,"minecraft:lava_bucket":15,"minecraft:quartz_block":1,"farmersdelight:glow_berry_custard":2,"minecraft:bow":135,"create:shaft":33,"minecraft:oak_sapling":20,"minecraft:cooked_cod":13,"minecraft:composter":1,"minecraft:golden_apple":1,"minecraft:glow_berries":226,"rftoolsutility:crafter3":2,"mob_grinding_utils:tank":4,"minecraft:nether_wart_block":3,"minecraft:diamond_sword":756,"powah:thermo_generator_hardened":2,"create:basin":1,"minecraft:purple_wool":63,"ironfurnaces:gold_furnace":1,"ftbsbc:fire_plow":32,"minecraft:torch":9,"metalbarrels:diamond_barrel":16,"minecraft:iron_block":1,"minecraft:barrel":1,"minecraft:diamond_chestplate":1,"createaddition:honey_cake":6,"cobblefordays:tier_1":1,"stonechest:chest_cobblestone":21,"minecraft:wheat_seeds":2,"mob_grinding_utils:solid_xp_baby":4,"tconstruct:bacon":4,"minecraft:cauldron":1,"create:blaze_burner":1,"minecraft:diamond_pickaxe":505,"rftoolsutility:crafter1":4,"minecraft:spruce_trapdoor":1,"minecraft:cooked_porkchop":3,"minecraft:moss_carpet":13,"jags:jags":1,"create:cogwheel":101,"minecraft:beehive":1,"mekanismtools:diamond_paxel":1732,"minecraft:honey_bottle":34,"minecraft:big_dripleaf":7,"ftbstoneblock:1x_compressed_dirt":198,"minecraft:written_book":3,"pipez:item_pipe":26,"industrialforegoing:item_transporter_type":4,"minecraft:diamond_boots":1,"create:crushing_wheel":5,"minecraft:chainmail_helmet":1,"minecraft:white_wool":4,"minecraft:crossbow":18,"minecraft:bread":19,"create:potato_cannon":1,"ars_nouveau:apprentice_boots":1,"minecraft:cooked_rabbit":10,"minecraft:coarse_dirt":4,"minecraft:bone_meal":570,"create:large_cogwheel":58,"ftbsbc:stone_crook":265,"minecraft:flint_and_steel":4,"powah:energy_cable_basic":19,"thermal:device_water_gen":1,"minecraft:stone_hoe":130,"minecraft:cooked_chicken":28,"botanypots:light_blue_concrete_hopper_botany_pot":1,"minecraft:dirt":110,"ironchest:diamond_chest":1,"minecraft:golden_chestplate":2,"farmersdelight:cooked_salmon_slice":4,"ironchest:gold_chest":7,"ftbstoneblock:1x_compressed_gravel":205,"minecraft:light_gray_bed":2,"minecraft:iron_leggings":1,"pipez:fluid_pipe":9,"farmersdelight:skillet":3,"minecraft:warped_planks":7,"farmersdelight:apple_cider":3,"create:mechanical_press":2,"torchbowmod:torchbow":12,"minecraft:stone_slab":2,"create:large_water_wheel":14,"minecraft:golden_leggings":1,"minecraft:stone_axe":78,"minecraft:pumpkin_pie":7,"farmersdelight:mixed_salad":9,"ae2:charger":2,"minecraft:spruce_slab":1,"minecraft:chest":3,"create:mechanical_crafter":42,"create:depot":5,"simplylight:lamp_post":7,"farmersdelight:bacon_sandwich":6,"minecraft:furnace":1,"powah:energy_cable_starter":59,"minecraft:egg":8,"minecraft:potato":63,"mcwdoors:metal_warning_door":2,"farmersdelight:beef_stew":3,"farmersdelight:hamburger":9,"minecraft:oak_leaves":6,"minecraft:cookie":3,"minecraft:sand":21,"ae2:controller":1,"minecraft:stone_button":1,"mekanismtools:iron_paxel":1464,"gag:time_sand_pouch":490,"minecraft:dark_oak_fence":1,"minecraft:stone_sword":80,"powah:energizing_rod_starter":1,"ftbsbc:stone_hammer":1055,"minecraft:netherrack":152,"minecraft:twisting_vines":1,"chancecubes:compact_giant_chance_cube":1,"create:gearbox":3,"minecraft:totem_of_undying":4,"farmersdelight:cooking_pot":1,"farmersdelight:shepherds_pie":2,"minecraft:water_bucket":30,"mekanismtools:stone_paxel":290,"create:encased_fan":4,"minecraft:crafting_table":2,"supplementaries:bomb":2,"botania:manasteel_helmet":2,"minecraft:dark_oak_fence_gate":1,"minecraft:cake":1,"justhammers:iron_hammer":516,"minecraft:oak_log":9,"minecraft:iron_pickaxe":250,"minecraft:cobblestone":525,"minecraft:candle":1,"minecraft:oak_sign":2,"minecraft:iron_sword":525,"farmersdelight:melon_juice":5,"minecraft:iron_chestplate":1,"minecraft:tuff":21,"chancecubes:chance_cube":530,"chickens:breeder":2,"create:millstone":1,"minecraft:red_carpet":1,"minecraft:magma_block":1,"ftbstoneblock:1x_compressed_sand":197,"minecraft:golden_boots":2,"justhammers:iron_impact_hammer":129,"chickens:roost":19,"createaddition:rolling_mill":6,"minecraft:firework_rocket":29,"minecraft:gravel":325,"minecraft:andesite":23,"ironchest:crystal_chest":1,"minecraft:experience_bottle":10,"minecraft:oak_fence":4,"minecraft:granite":1,"minecraft:stone_brick_slab":2,"minecraft:dark_oak_planks":23,"farmersdelight:mushroom_rice":3,"minecraft:bookshelf":7,"createaddition:tesla_coil":3,"minecraft:golden_carrot":44,"ftbstoneblock:1x_compressed_cobblestone":262,"minecraft:cooked_mutton":4,"botanypots:terracotta_hopper_botany_pot":2,"botania:manasteel_boots":1,"minecraft:apple":36,"minecraft:bucket":87,"create:hand_crank":10,"farmersdelight:fruit_salad":2,"minecraft:splash_potion":1,"minecraft:chainmail_leggings":1},"minecraft:picked_up":{"minecraft:blue_candle":1,"mob_grinding_utils:fan_upgrade_width":6,"minecraft:stone_slab":17,"minecraft:enchanted_book":21,"projecte:magenta_alchemical_bag":1,"minecraft:string":1607,"minecraft:ocelot_spawn_egg":1,"botania:manasteel_chestplate":6,"minecraft:diamond_leggings":6,"supplementaries:bomb_spiky":6,"immersiveengineering:shader_bag_epic":42,"minecraft:jukebox":13,"ftbstoneblock:warm_silverfish_shard":39,"minecraft:big_dripleaf":40,"create:andesite_casing":7,"entangled:item":2,"minecraft:golden_axe":11,"minecraft:warped_button":15,"minecraft:warped_pressure_plate":8,"minecraft:golden_chestplate":89,"thermal:apatite":27,"chipped:clay_46":2,"botania:manasteel_ingot":1,"minecraft:stone_sword":7,"minecraft:lime_carpet":378,"minecraft:honey_bottle":88,"minecraft:red_tulip":1,"projecte:alchemical_coal":1,"minecraft:glowstone":129,"farmersdelight:rope":40,"minecraft:bookshelf":80,"minecraft:wolf_spawn_egg":22,"supplementaries:ash":8,"minecraft:blaze_rod":237,"farmersdelight:melon_juice":6,"minecraft:iron_bars":81,"minecraft:snowball":6,"ars_nouveau:manipulation_essence":2,"industrialforegoing:item_transporter_type":2,"minecraft:feather":49,"minecraft:water_bucket":8,"minecraft:brown_wool":17,"ars_nouveau:source_berry":5,"minecraft:flint":471,"farmersdelight:cooked_bacon":5,"trashcans:item_trash_can":1,"simplybackpacks:commonbackpack":1,"luggage:luggage":38,"mcwfurnitures:acacia_drawer":4,"minecraft:lantern":1,"ftbstoneblock:1x_compressed_dirt":4,"minecraft:warped_hyphae":2,"mekanismtools:lapis_lazuli_paxel":1,"projecte:philosophers_stone":1,"industrialforegoing:range_addon0":1,"minecraft:diamond_helmet":1,"minecraft:llama_spawn_egg":1,"minecraft:magenta_candle":20,"bloodmagic:furnacecell_primitive":1,"powah:thermo_generator_hardened":2,"ftbsbc:stone_hammer":2,"minecraft:polished_andesite":151,"ars_nouveau:apprentice_boots":1,"minecraft:granite":2,"chiselsandbits:bit_bag":1,"tconstruct:blood_slime_grass_seeds":12,"minecraft:golden_horse_armor":3,"minecraft:horse_spawn_egg":2,"minecraft:jack_o_lantern":12,"minecraft:light_blue_candle":9,"minecraft:crimson_roots":125,"minecraft:diamond_pickaxe":23,"botania:lens_fire":5,"mob_grinding_utils:absorption_hopper":1,"minecraft:leather_leggings":8,"minecraft:clay_ball":1873,"minecraft:golden_pickaxe":5,"minecraft:redstone_lamp":448,"minecraft:dragon_head":5,"minecraft:cornflower":111,"minecraft:pink_candle":3,"minecraft:flint_and_steel":59,"minecraft:white_carpet":2,"thermal:raw_nickel":7,"pipez:advanced_upgrade":6,"minecraft:iron_shovel":1,"supplementaries:bomb":4,"thermal:niter":4,"minecraft:jungle_sapling":42,"minecraft:poppy":3,"minecraft:spruce_slab":1,"minecraft:birch_sapling":24,"minecraft:piston":8,"minecraft:diamond_hoe":3,"ars_nouveau:fire_essence":2,"pipez:item_pipe":12,"minecraft:music_disc_mellohi":20,"minecraft:fire_charge":29,"minecraft:red_nether_brick_wall":6,"minecraft:diamond_chestplate":2,"create:depot":3,"minecraft:totem_of_undying":4,"tconstruct:earth_slime_sapling":2,"minecraft:mutton":4,"projecte:cyan_alchemical_bag":3,"minecraft:clock":25,"minecraft:tripwire_hook":132,"minecraft:yellow_dye":112,"functionalstorage:redstone_upgrade":2,"ars_nouveau:wilden_wing":58,"createaddition:capacitor":7,"farmersdelight:skillet":1,"minecraft:paper":7,"create:crushing_wheel":5,"minecraft:apple":75,"farmersdelight:cooking_pot":1,"minecraft:iron_ore":31,"stonechest:chest_cobblestone":4,"ftbstoneblock:1x_compressed_gravel":9,"minecraft:polished_andesite_stairs":1,"minecraft:milk_bucket":2,"powah:uraninite_raw":96,"minecraft:crying_obsidian":401,"minecraft:leather_helmet":1,"minecraft:diamond_shovel":10,"minecraft:slime_ball":85,"immersiveengineering:seed":15,"minecraft:lodestone":20,"farmersdelight:cooked_salmon_slice":26,"botanypots:terracotta_botany_pot":1,"minecraft:hopper":8,"minecraft:nether_brick_fence":153,"create:mechanical_crafter":69,"cobblefordays:tier_4":1,"minecraft:gilded_blackstone":179,"minecraft:stone_brick_stairs":1,"laserio:card_energy":1,"minecraft:red_candle":12,"minecraft:experience_bottle":16,"thermal:sulfur":1,"buddingcrystals:crystal_catalyst":28,"minecraft:bucket":4,"minecraft:white_tulip":1,"minecraft:cobblestone_slab":1,"minecraft:azalea":2,"minecraft:wooden_shovel":2,"minecraft:iron_pickaxe":2,"powah:magmator_starter":1,"minecraft:tipped_arrow":1047,"buddingcrystals:budding_emerald":1,"ironchest:crystal_chest":2,"minecraft:diorite":12,"minecraft:vine":9,"fluxnetworks:basic_flux_storage":1,"prettypipes:medium_speed_module":2,"create:large_cogwheel":54,"minecraft:rotten_flesh":181,"minecraft:music_disc_ward":9,"minecraft:guardian_spawn_egg":6,"minecraft:music_disc_wait":5,"minecraft:obsidian":230,"minecraft:blaze_powder":40,"minecraft:cobblestone":12876,"ftbstoneblock:dust":2725,"minecraft:leather_chestplate":3,"minecraft:repeater":62,"farmersdelight:smoked_ham":1,"jags:jags":11,"minecraft:andesite":1109,"minecraft:golden_leggings":50,"minecraft:beacon":4,"minecraft:potato":125,"laserio:card_redstone":2,"create:raw_zinc":247,"minecraft:dirt":2086,"powah:energy_cable_basic":23,"constructionwand:iron_wand":2,"mekanismtools:iron_paxel":1,"minecraft:name_tag":6,"minecraft:glass":2,"minecraft:bone":163,"powah:steel_energized":11,"itemcollectors:basic_collector":1,"minecraft:bow":32,"minecraft:wheat_seeds":393,"minecraft:grindstone":2,"minecraft:fletching_table":1,"minecraft:bamboo":6,"projecte:purple_alchemical_bag":3,"simplylight:lamp_post":13,"minecraft:prismarine":8,"thermal:raw_tin":109,"immersiveengineering:raw_aluminum":185,"minecraft:diamond_block":6,"mob_grinding_utils:jumbo_tank":2,"minecraft:sugar":7,"minecraft:slime_block":45,"mekanismtools:steel_sword":1,"minecraft:polished_blackstone_pressure_plate":84,"chancecubes:chance_cube":580,"ae2:certus_crystal_seed":281,"minecraft:crossbow":12,"supercircuitmaker:tiny_redstone":4,"minecraft:bone_meal":405,"minecraft:golden_apple":21,"minecraft:emerald":104,"minecraft:netherrack":4073,"minecraft:oak_leaves":116,"nethersdelight:hoglin_loin":16,"minecraft:splash_potion":15,"minecraft:ladder":2,"thermal:raw_silver":6,"minecraft:brown_mushroom":14,"minecraft:pink_wool":1,"ars_nouveau:blue_archwood_sapling":4,"minecraft:chain":24,"minecraft:brick":81,"ars_nouveau:amplify_arrow":24,"projecte:light_gray_alchemical_bag":4,"minecraft:moss_carpet":31,"minecraft:blackstone":1569,"ars_nouveau:starbuncle_shards":1,"minecraft:lime_wool":1,"minecraft:cookie":499,"minecraft:music_disc_11":1,"create:hand_crank":8,"minecraft:trident":8,"create:zinc_ingot":20,"create:deployer":1,"minecraft:purple_candle":8,"minecraft:weeping_vines":42,"botania:lava_pendant":5,"ae2:certus_quartz_dust":115,"minecraft:pumpkin_pie":7,"minecraft:nether_bricks":130,"ars_nouveau:ring_of_lesser_discount":11,"immersiveengineering:shader":14,"buildinggadgets:gadget_building":1,"farmersdelight:mushroom_rice":8,"farmersdelight:bacon_sandwich":6,"minecraft:glistering_melon_slice":32,"minecraft:nether_brick_wall":14,"minecraft:skeleton_skull":29,"minecraft:elder_guardian_spawn_egg":1,"thermal:device_water_gen":1,"powah:battery_blazing":2,"ftbstoneblock:stonepebble":16,"minecraft:golden_carrot":52,"laserio:laser_node":2,"minecraft:leather":415,"minecraft:music_disc_stal":2,"compactcrafting:field_projector":6,"botania:cosmetic_tiny_potato_mask":8,"botania:blacker_lotus":1,"minecraft:crimson_fungus":55,"powah:energy_cable_starter":113,"minecraft:gunpowder":1108,"minecraft:zombie_horse_spawn_egg":1,"minecraft:cooked_mutton":8,"minecraft:red_carpet":2,"ae2:sky_dust":53,"farmersdelight:fruit_salad":2,"minecraft:iron_ingot":152,"minecraft:cooked_chicken":58,"minecraft:polished_andesite_slab":41,"chipped:redstone_block_65":1,"minecraft:black_candle":18,"minecraft:warped_fungus":1,"create:large_water_wheel":2,"minecraft:stone_brick_slab":3,"minecraft:quartz":634,"botania:quartz_mana":25,"minecraft:dandelion":5,"minecraft:lava_bucket":2,"minecraft:amethyst_shard":12,"mekanismtools:diamond_paxel":7,"prettypipes:high_speed_module":6,"ars_nouveau:wilden_spike":9,"minecraft:pumpkin_seeds":3,"minecraft:sculk_sensor":2,"thermal:basalz_powder":1,"minecraft:chainmail_leggings":2,"mekanism:fluorite_gem":9,"minecraft:wooden_axe":1,"compactmachines:personal_shrinking_device":1,"minecraft:iron_chestplate":7,"torchmaster:feral_flare_lantern":4,"minecraft:anvil":1,"minecraft:flower_pot":2,"minecraft:diamond_sword":8,"minecraft:wither_rose":24,"minecraft:golden_shovel":7,"minecraft:brewing_stand":1,"minecraft:golden_sword":20,"minecraft:amethyst_block":7,"minecraft:dark_oak_trapdoor":1,"minecraft:soul_soil":743,"minecraft:cooked_salmon":1,"minecraft:red_nether_bricks":145,"minecraft:gold_nugget":628,"minecraft:crimson_fence":2,"minecraft:spruce_planks":12,"minecraft:written_book":6,"thermal:rf_potato":9,"minecraft:enchanted_golden_apple":7,"minecraft:melon_slice":14,"minecraft:coal_block":8,"minecraft:golden_helmet":11,"minecraft:beehive":7,"ftbstoneblock:mob_soul":153,"minecraft:composter":17,"projecte:dark_matter":6,"ironchest:gold_chest":7,"createaddition:copper_spool":8,"minecraft:warped_planks":49,"mcwdoors:metal_warning_door":4,"minecraft:deepslate_tile_stairs":2,"minecraft:rabbit_foot":2,"tconstruct:sky_slime_crystal":12,"minecraft:light_gray_bed":2,"minecraft:light_blue_wool":1,"minecraft:iron_block":26,"rftoolsutility:crafter1":3,"thermal:slag":11,"entangled:block":1,"mob_grinding_utils:fan_upgrade_height":3,"minecraft:magma_block":12,"powah:dielectric_casing":8,"chipped:bone_block_10":24,"botania:manasteel_boots":1,"minecraft:iron_door":4,"minecraft:powder_snow_bucket":2,"ae2:charged_certus_quartz_crystal":29,"minecraft:brown_candle":9,"minecraft:twisting_vines":35,"minecraft:chipped_anvil":8,"pipez:fluid_pipe":20,"ftbstoneblock:1x_compressed_sand":2,"tconstruct:blood_slime_sapling":8,"create:shaft":45,"minecraft:glowstone_dust":350,"minecraft:gray_candle":25,"minecraft:moss_block":35,"ae2:certus_quartz_crystal":103,"functionalstorage:void_upgrade":4,"mekanismtools:stone_paxel":1,"minecraft:ink_sac":6,"minecraft:fermented_spider_eye":4,"minecraft:barrel":53,"minecraft:trapped_chest":36,"minecraft:white_candle":1,"minecraft:dispenser":44,"farmersdelight:glow_berry_custard":6,"botanypots:light_blue_concrete_botany_pot":3,"minecraft:chainmail_helmet":1,"minecraft:bread":24,"minecraft:dark_oak_fence":2,"minecraft:bricks":57,"minecraft:crafting_table":1,"minecraft:purple_wool":129,"minecraft:nether_wart":72,"gravestone:obituary":86,"minecraft:netherite_scrap":3,"minecraft:compass":1,"ars_nouveau:apprentice_hood":1,"minecraft:respawn_anchor":7,"minecraft:beef":1,"minecraft:iron_nugget":1043,"minecraft:chest":164,"minecraft:egg":41,"ars_nouveau:ritual_challenge":4,"minecraft:sandstone":1,"minecraft:oak_door":5,"minecraft:cake":1,"minecraft:carrot":2,"minecraft:redstone":532,"create:brass_casing":6,"minecraft:prismarine_crystals":1,"minecraft:chicken_spawn_egg":1,"minecraft:tnt":17,"functionalstorage:gold_upgrade":2,"tconstruct:sky_slime_ball":60,"minecraft:cooked_cod":14,"immersiveengineering:cloche":6,"minecraft:beetroot_seeds":9,"minecraft:diamond_boots":1,"farmersdelight:hamburger":11,"minecraft:gold_ingot":192,"chipped:glowstone_13":9,"thermal:energy_cell":1,"farmersdelight:beef_stew":40,"minecraft:glow_berries":555,"minecraft:white_wool":4,"create:brass_sheet":5,"shrink:shrinking_device":2,"minecraft:fox_spawn_egg":6,"minecraft:red_mushroom":203,"ae2:fluix_crystal":6,"minecraft:ancient_debris":26,"mob_grinding_utils:tank":3,"minecraft:oak_log":154,"farmersdelight:shepherds_pie":2,"minecraft:golden_boots":20,"minecraft:white_banner":1,"bloodmagic:weakbloodorb":15,"simplybackpacks:uncommonbackpack":1,"minecraft:stone_bricks":3,"ars_nouveau:water_essence":9,"minecraft:cobweb":18,"mekanism:steel_casing":4,"minecraft:glass_bottle":13,"minecraft:iron_sword":3,"rftoolsutility:crafter3":2,"laserio:card_fluid":2,"botania:manasteel_helmet":3,"projecte:mobius_fuel":4,"minecraft:gravel":4958,"projecte:white_alchemical_bag":5,"minecraft:spruce_sapling":14,"minecraft:orange_candle":3,"create:gearbox":1,"botania:ender_air_bottle":6,"minecraft:firework_rocket":1329,"ftbsbc:stone_crook":1,"minecraft:stone_axe":7,"minecraft:diamond_axe":3,"industrialforegoing:laser_lens0":1,"create:rose_quartz":2,"minecraft:warped_roots":6,"minecraft:melon_seeds":11,"minecraft:crimson_nylium":15,"minecraft:ender_pearl":63,"minecraft:shulker_shell":1,"minecraft:music_disc_strad":1,"minecraft:wheat":356,"minecraft:potion":1,"chancecubes:silk_touch_pendant":1,"botania:livingwood_twig":1,"minecraft:raw_copper":403,"minecraft:armor_stand":1,"minecraft:iron_leggings":3,"minecraft:sticky_piston":4,"minecraft:netherite_ingot":1,"minecraft:zombie_head":6,"minecraft:oak_sign":5,"minecraft:sea_pickle":22,"create:mechanical_press":1,"minecraft:redstone_torch":1,"create:potato_cannon":2,"nethersdelight:hoglin_sirloin":2,"soulshards:soul_shard":1,"functionalstorage:linking_tool":2,"minecraft:iron_boots":1,"pipez:improved_upgrade":10,"minecraft:stick":176,"minecraft:oak_fence":15,"thermal:raw_lead":103,"minecraft:torch":249,"minecraft:porkchop":41,"minecraft:snow_block":12,"minecraft:dried_kelp":1409,"minecraft:pointed_dripstone":2,"minecraft:music_disc_pigstep":3,"supplementaries:flax":11,"pipez:wrench":1,"minecraft:quartz_block":113,"minecraft:cactus":6,"createaddition:chocolate_cake":12,"ars_nouveau:whirlisprig_shards":3,"minecraft:cod":45,"tconstruct:seared_bricks":4,"farmersdelight:mixed_salad":20,"minecraft:crimson_hyphae":5,"mekanismtools:refined_glowstone_leggings":6,"ftbstoneblock:2x_compressed_stone":18,"minecraft:magma_cream":61,"thermal:phytogro":97,"industrialforegoing:mob_imprisonment_tool":1,"minecraft:tuff":507,"ars_nouveau:earth_essence":6,"chickens:chicken_item":162,"minecraft:wither_skeleton_skull":9,"minecraft:lapis_lazuli":2055,"powah:dielectric_paste":79,"gag:time_sand_pouch":4,"minecraft:cobbled_deepslate_wall":1,"ftbdripper:dripper":1,"ars_nouveau:source_gem":2,"minecraft:green_candle":8,"minecraft:raw_gold":18,"minecraft:cyan_candle":2,"minecraft:oak_planks":23,"minecraft:stone_hoe":1,"minecraft:ghast_tear":12,"tconstruct:necrotic_bone":19,"minecraft:cooked_porkchop":27,"create:cogwheel":53,"minecraft:poisonous_potato":1,"ae2:charger":1,"minecraft:sand":1940,"stonechest:part_cobblestone":6,"minecraft:dead_bush":1,"mob_grinding_utils:fan":2,"minecraft:clay":4,"minecraft:diamond":178,"minecraft:polished_blackstone_button":9,"minecraft:nether_star":2,"minecraft:oak_sapling":229,"chickens:roost":5,"minecraft:end_stone_bricks":224,"minecraft:lingering_potion":12,"minecraft:charcoal":16,"minecraft:allium":1,"minecraft:chicken":13,"buildinggadgets:gadget_exchanging":1,"minecraft:turtle_helmet":1,"createaddition:tesla_coil":3,"botania:manasteel_leggings":6,"thermal:cinnabar":34,"minecraft:wooden_pickaxe":1,"torchbowmod:torchbow":7,"minecraft:cooked_rabbit":30,"minecraft:gold_block":428,"createaddition:rolling_mill":6,"tconstruct:earth_slime_crystal":17,"botania:cosmetic_questgiver_mark":8,"immersiveengineering:ingot_aluminum":3,"ftbquests:lootcrate":98,"thermal:fluid_cell_frame":2,"minecraft:stone_stairs":6,"powah:ender_cell_spirited":1,"minecraft:warped_fence":10,"ars_nouveau:source_berry_pie":17,"minecraft:candle":23,"tconstruct:earth_slime_sling":1,"create:basin":1,"minecraft:sugar_cane":2,"minecraft:spruce_trapdoor":1,"minecraft:phantom_membrane":21,"botania:magnet_ring":4,"minecraft:dark_oak_sapling":6,"minecraft:raw_iron":230,"minecraft:copper_ingot":110,"minecraft:mooshroom_spawn_egg":1,"minecraft:bowl":10,"ars_nouveau:purple_archwood_sapling":4,"minecraft:stone_button":7,"tconstruct:ichor_slime_ball":18,"minecraft:iron_horse_armor":2,"powah:crystal_blazing":4,"chipped:blackstone_29":15,"minecraft:dark_oak_planks":193,"minecraft:lime_candle":21,"minecraft:arrow":467,"metalbarrels:diamond_barrel":17,"minecraft:golden_hoe":6,"industrialforegoing:straw":7,"ftbstoneblock:cold_silverfish_shard":464,"minecraft:saddle":52,"minecraft:wet_sponge":1,"minecraft:glow_ink_sac":98,"buddingcrystals:budding_diamond":1,"createaddition:honey_cake":8,"immersiveengineering:metal_press":1,"create:andesite_alloy":48,"minecraft:nether_wart_block":542,"minecraft:cobblestone_stairs":1,"minecraft:wooden_hoe":2,"minecraft:deepslate_tile_slab":3,"tconstruct:sky_slime_sling":1,"ars_nouveau:green_archwood_sapling":2,"farmersdelight:apple_cider":6,"tconstruct:bacon":4,"minecraft:acacia_sapling":49,"minecraft:soul_sand":1193,"minecraft:music_disc_chirp":8,"minecraft:book":373,"chiselsandbits:chiseledrock":1,"minecraft:scaffolding":6,"minecraft:oak_slab":43,"minecraft:budding_amethyst":4,"minecraft:blast_furnace":1,"minecraft:dark_oak_fence_gate":1,"mekanism:raw_osmium":137,"minecraft:spider_eye":17,"create:electron_tube":2,"minecraft:music_disc_mall":7,"minecraft:dried_kelp_block":3,"create:brass_ingot":16,"create:encased_fan":3,"minecraft:iron_helmet":1,"minecraft:coal":6131},"minecraft:custom":{"minecraft:interact_with_crafting_table":182,"minecraft:play_time":984388,"minecraft:deaths":46,"minecraft:jump":9881,"minecraft:inspect_dispenser":4,"minecraft:horse_one_cm":53190,"minecraft:interact_with_anvil":5,"minecraft:inspect_hopper":3,"minecraft:time_since_rest":94166,"minecraft:swim_one_cm":16060,"minecraft:open_chest":1837,"minecraft:talked_to_villager":1,"minecraft:damage_dealt_resisted":152,"minecraft:opened_giant_chance_cube":15,"minecraft:damage_taken":25475,"minecraft:open_barrel":210,"minecraft:bell_ring":4,"minecraft:eat_cake_slice":38,"minecraft:leave_game":3,"minecraft:time_since_death":94142,"champions:champion_mobs_killed":459,"minecraft:interact_with_furnace":171,"minecraft:damage_dealt":77357,"minecraft:use_cauldron":8,"minecraft:opened_chance_cube":159,"minecraft:damage_dealt_absorbed":40,"minecraft:sneak_time":56078,"minecraft:interact_with_blast_furnace":4,"minecraft:total_world_time":984388,"minecraft:fly_one_cm":1739661,"minecraft:fall_one_cm":149455,"minecraft:animals_bred":2,"minecraft:sprint_one_cm":1322237,"minecraft:drop":4706,"minecraft:walk_on_water_one_cm":113454,"minecraft:player_kills":19,"minecraft:crouch_one_cm":150149,"minecraft:mob_kills":525,"minecraft:climb_one_cm":19875,"minecraft:walk_one_cm":1583859,"minecraft:walk_under_water_one_cm":12855,"minecraft:interact_with_grindstone":1,"minecraft:damage_absorbed":670,"minecraft:trigger_trapped_chest":6}},"DataVersion":2975}