{"stats":{"minecraft:broken":{"justhammers:iron_impact_hammer":1,"minecraft:shield":1,"minecraft:golden_sword":2,"minecraft:stone_axe":1,"botania:manasteel_leggings":1},"minecraft:killed":{"minecraft:vex":3,"minecraft:cave_spider":2,"minecraft:zoglin":1,"minecraft:phantom":1,"minecraft:skeleton":8,"minecraft:silverfish":3,"minecraft:piglin_brute":12,"minecraft:magma_cube":38,"minecraft:piglin":17,"minecraft:husk":1,"minecraft:hoglin":7,"minecraft:zombie":1,"minecraft:wither_skeleton":7,"minecraft:blaze":1},"minecraft:crafted":{"mekanismtools:diamond_paxel":2,"minecraft:oak_planks":32,"mekanismtools:iron_paxel":2,"minecraft:diamond_shovel":2,"minecraft:iron_axe":1,"minecraft:iron_hoe":1,"minecraft:stone_pickaxe":1,"minecraft:diamond_axe":3,"minecraft:spruce_planks":88,"minecraft:bucket":3,"minecraft:stone_axe":1,"minecraft:bread":21,"minecraft:cobblestone":4,"minecraft:diamond_pickaxe":2,"minecraft:shield":1,"minecraft:stick":28,"minecraft:iron_pickaxe":1,"minecraft:iron_shovel":1},"minecraft:picked_up":{"nethersdelight:hoglin_loin":2,"minecraft:ladder":1,"botania:manasteel_leggings":1,"minecraft:gold_block":5,"gravestone:obituary":12,"minecraft:golden_sword":2,"minecraft:shield":1,"botania:cosmetic_questgiver_mark":1,"ftbquests:lootcrate":4,"minecraft:string":11,"minecraft:moss_carpet":2,"minecraft:flint_and_steel":1,"minecraft:red_nether_bricks":15,"minecraft:netherite_scrap":3,"minecraft:oak_sign":1,"botania:manasteel_chestplate":1,"minecraft:gold_nugget":6,"minecraft:spruce_planks":8,"minecraft:redstone_torch":1,"minecraft:iron_nugget":16,"minecraft:chest":60,"minecraft:birch_sapling":2,"botania:magnet_ring":1,"minecraft:tipped_arrow":1,"minecraft:stick":1,"minecraft:raw_iron":3,"ftbstoneblock:mob_soul":12,"ftbstoneblock:warm_silverfish_shard":1,"minecraft:torch":4,"thermal:raw_lead":13,"minecraft:golden_axe":1,"minecraft:trident":1,"minecraft:redstone":13,"minecraft:red_nether_brick_wall":1,"minecraft:golden_chestplate":1,"minecraft:arrow":3,"minecraft:weeping_vines":9,"minecraft:iron_block":1,"minecraft:glistering_melon_slice":8,"minecraft:glow_berries":84,"minecraft:cobblestone":590,"ftbstoneblock:2x_compressed_stone":2,"minecraft:magma_block":14,"ftbstoneblock:stonepebble":17,"minecraft:leather_chestplate":1,"minecraft:feather":6,"minecraft:magma_cream":6,"minecraft:leather":10,"minecraft:oak_log":1,"minecraft:tuff":14,"minecraft:flint":6,"minecraft:crimson_fungus":12,"create:raw_zinc":24,"minecraft:gunpowder":1,"minecraft:wither_skeleton_skull":1,"minecraft:lapis_lazuli":36,"minecraft:dirt":1,"minecraft:twisting_vines":6,"minecraft:bone":2,"ftbstoneblock:1x_compressed_dirt":2,"minecraft:bow":1,"ftbquests:book":1,"minecraft:iron_ingot":13,"minecraft:glass_bottle":1,"minecraft:glowstone_dust":6,"minecraft:soul_sand":33,"minecraft:ghast_tear":12,"tconstruct:necrotic_bone":4,"botania:manasteel_helmet":1,"minecraft:quartz":13,"minecraft:cracked_nether_bricks":14,"minecraft:gravel":101,"minecraft:spruce_sapling":2,"minecraft:crying_obsidian":16,"mekanism:raw_osmium":4,"minecraft:barrel":33,"minecraft:firework_rocket":19,"minecraft:pumpkin_seeds":5,"farmersdelight:glow_berry_custard":3,"minecraft:clay":4,"minecraft:diamond":10,"minecraft:stone_axe":1,"mekanism:fluorite_gem":6,"minecraft:golden_apple":8,"minecraft:golden_horse_armor":1,"minecraft:warped_roots":2,"minecraft:oak_sapling":35,"minecraft:netherrack":284,"minecraft:crimson_nylium":2,"minecraft:coal":1,"minecraft:crimson_roots":16,"minecraft:ender_pearl":5},"minecraft:custom":{"minecraft:mob_kills":108,"minecraft:interact_with_crafting_table":7,"minecraft:open_barrel":20,"minecraft:eat_cake_slice":6,"minecraft:leave_game":1,"minecraft:time_since_death":667,"minecraft:climb_one_cm":4248,"minecraft:opened_chance_cube":1,"champions:champion_mobs_killed":102,"minecraft:sprint_one_cm":332725,"minecraft:walk_one_cm":241264,"minecraft:damage_blocked_by_shield":2200,"minecraft:drop":85,"minecraft:play_time":125680,"minecraft:deaths":32,"minecraft:sneak_time":11103,"minecraft:jump":1727,"minecraft:walk_on_water_one_cm":393,"minecraft:total_world_time":125680,"minecraft:interact_with_furnace":1,"minecraft:time_since_rest":692,"minecraft:damage_taken":10255,"minecraft:damage_absorbed":120,"minecraft:trigger_trapped_chest":7,"minecraft:damage_dealt":22054,"minecraft:fly_one_cm":244914,"minecraft:player_kills":1,"minecraft:open_chest":115,"minecraft:crouch_one_cm":18739,"minecraft:fall_one_cm":28341},"minecraft:mined":{"create:zinc_ore":24,"minecraft:tuff":10,"minecraft:nether_brick_wall":1,"minecraft:cave_vines_plant":1,"gravestone:gravestone":22,"minecraft:crimson_roots":8,"minecraft:weeping_vines":1,"minecraft:spawner":5,"minecraft:weeping_vines_plant":4,"minecraft:nether_sprouts":2,"minecraft:iron_ore":2,"minecraft:fire":2,"minecraft:deepslate_iron_ore":1,"minecraft:stone":29,"mekanism:osmium_ore":4,"minecraft:soul_sand":5,"minecraft:snow_block":1,"minecraft:twisting_vines_plant":5,"minecraft:soul_fire":3,"thermal:lead_ore":13,"minecraft:clay":1,"minecraft:warped_roots":1,"minecraft:chest":10,"minecraft:red_nether_brick_wall":1,"minecraft:lapis_ore":3,"minecraft:wall_torch":1,"minecraft:nether_wart_block":1,"mekanism:fluorite_ore":2,"minecraft:tnt":1,"minecraft:gravel":102,"minecraft:dirt":2,"minecraft:netherrack":16,"minecraft:gold_ore":6},"minecraft:killed_by":{"minecraft:endermite":1,"minecraft:player":3,"minecraft:wither_skeleton":3,"minecraft:piglin_brute":10,"minecraft:magma_cube":2,"minecraft:piglin":4,"minecraft:hoglin":3,"minecraft:skeleton":1,"minecraft:blaze":2,"minecraft:vex":3},"minecraft:dropped":{"minecraft:enchanted_book":1,"minecraft:bread":1,"minecraft:respawn_anchor":1,"minecraft:ender_pearl":5,"minecraft:diamond":3,"minecraft:weeping_vines":4,"minecraft:glow_berries":61,"minecraft:cobblestone":530,"minecraft:warped_roots":2,"minecraft:flint":6,"minecraft:stick":6,"ftbstoneblock:mob_soul":8,"minecraft:netherite_scrap":3,"minecraft:crimson_roots":1,"gravestone:obituary":12,"minecraft:gold_nugget":6,"minecraft:glistering_melon_slice":1,"ftbstoneblock:stonepebble":1,"minecraft:string":11,"minecraft:red_nether_brick_wall":1,"minecraft:bone":1,"mekanismtools:diamond_paxel":2,"minecraft:crimson_fungus":6,"minecraft:stone_axe":1,"minecraft:iron_nugget":16,"minecraft:twisting_vines":1,"minecraft:birch_sapling":2,"minecraft:wheat":1,"minecraft:raw_iron":3,"minecraft:oak_planks":21,"botania:cosmetic_questgiver_mark":1,"ftbstoneblock:1x_compressed_dirt":2,"minecraft:oak_sign":1,"minecraft:leather_chestplate":1,"minecraft:spruce_planks":8,"minecraft:ladder":1,"minecraft:oak_sapling":35,"minecraft:chest":59,"minecraft:barrel":32,"minecraft:arrow":4,"minecraft:magma_cream":6,"minecraft:crying_obsidian":16,"minecraft:netherrack":84,"minecraft:firework_rocket":9},"minecraft:used":{"minecraft:trident":6,"ftbsbc:stone_hammer":6,"ftbstoneblock:2x_compressed_stone":2,"minecraft:shield":83,"minecraft:netherrack":63,"minecraft:soul_sand":48,"minecraft:carrot":4,"minecraft:golden_chestplate":1,"farmersdelight:glow_berry_custard":3,"ars_nouveau:source_berry_pie":1,"minecraft:golden_sword":67,"minecraft:water_bucket":1,"nethersdelight:hoglin_loin":1,"minecraft:stone_pickaxe":16,"minecraft:oak_planks":7,"minecraft:ender_pearl":1,"minecraft:clay":2,"minecraft:golden_apple":4,"minecraft:glow_berries":19,"justhammers:iron_impact_hammer":1,"minecraft:cake":1,"minecraft:bread":20,"mekanismtools:iron_paxel":521,"minecraft:gravel":3,"nethersdelight:hoglin_sirloin":2,"minecraft:stone_axe":70,"minecraft:cobblestone":13,"minecraft:porkchop":2,"minecraft:bucket":4}},"DataVersion":2975}