{"stats":{"minecraft:mined":{"minecraft:dark_oak_planks":6,"minecraft:dragon_wall_head":1,"create:andesite_casing":1,"minecraft:light_gray_bed":4,"ftbstoneblock:1x_compressed_gravel":7,"minecraft:spawner":7,"minecraft:weeping_vines_plant":12,"minecraft:magma_block":18,"minecraft:fire":46,"minecraft:barrel":1,"ironchest:gold_chest":3,"minecraft:moss_carpet":3,"minecraft:pumpkin":1,"minecraft:cave_vines":3,"mob_grinding_utils:jumbo_tank":1,"minecraft:iron_block":1,"minecraft:tripwire":24,"create:cogwheel":1,"mekanism:osmium_ore":4,"minecraft:soul_fire":7,"chipped:blackstone_29":1,"minecraft:torch":2,"minecraft:melon":2,"minecraft:glass":1,"minecraft:sugar_cane":1,"minecraft:grass":20,"create:hand_crank":1,"minecraft:deepslate":4,"create:zinc_ore":24,"farmersdelight:basket":2,"minecraft:mossy_cobblestone":1,"minecraft:nether_brick_wall":3,"minecraft:dark_oak_log":1,"minecraft:end_stone":39,"minecraft:nether_bricks":133,"minecraft:crimson_roots":8,"minecraft:moss_block":21,"minecraft:andesite":2,"minecraft:diamond_block":9,"metalbarrels:diamond_barrel":1,"minecraft:potatoes":42,"minecraft:cobblestone_slab":1,"minecraft:soul_sand":6,"minecraft:warped_roots":1,"minecraft:tall_grass":7,"minecraft:purple_wool":1,"farmersdelight:skillet":1,"minecraft:trapped_chest":1,"create:crushing_wheel":1,"minecraft:gravel":102,"minecraft:gold_ore":6,"minecraft:spruce_trapdoor":4,"minecraft:cave_vines_plant":3,"minecraft:grass_block":4,"ftbstoneblock:1x_compressed_dirt":5,"minecraft:glowstone":65,"minecraft:iron_ore":34,"minecraft:dark_oak_stairs":1,"minecraft:flowering_azalea_leaves":17,"minecraft:azalea_leaves":40,"ars_nouveau:enchanting_apparatus":1,"minecraft:end_stone_bricks":1420,"minecraft:spruce_slab":1,"minecraft:blackstone":2,"minecraft:twisting_vines_plant":7,"minecraft:medium_amethyst_bud":1,"thermal:lead_ore":13,"minecraft:clay":2,"minecraft:beacon":1,"minecraft:chest":13,"create:brass_casing":33,"minecraft:cobblestone":23,"minecraft:wall_torch":5,"minecraft:nether_wart_block":1,"mekanism:fluorite_ore":2,"minecraft:tnt":1,"minecraft:oak_log":7,"minecraft:sand":11,"minecraft:dirt":6,"minecraft:tripwire_hook":8,"minecraft:dispenser":2,"minecraft:netherrack":120,"minecraft:tuff":10,"minecraft:oak_door":1,"minecraft:lever":1,"gravestone:gravestone":56,"minecraft:weeping_vines":7,"minecraft:nether_sprouts":2,"minecraft:gold_block":2,"minecraft:bookshelf":193,"minecraft:deepslate_iron_ore":1,"minecraft:stripped_oak_log":2,"minecraft:stone":278,"supplementaries:book_pile_horizontal":1,"minecraft:snow_block":1,"minecraft:spruce_door":1,"minecraft:oak_fence":12,"minecraft:crafting_table":1,"ftbstoneblock:1x_compressed_sand":105,"minecraft:red_nether_brick_wall":1,"minecraft:lapis_ore":3,"minecraft:spruce_stairs":1,"create:mechanical_crafter":4,"minecraft:crimson_hyphae":2},"minecraft:broken":{"minecraft:iron_leggings":1,"minecraft:chainmail_boots":1,"minecraft:golden_sword":2,"justhammers:iron_impact_hammer":1,"justhammers:diamond_hammer":1,"minecraft:shield":1,"minecraft:stone_axe":1,"botania:manasteel_leggings":1,"justhammers:iron_hammer":1,"botania:manasteel_chestplate":2},"minecraft:killed_by":{"minecraft:piglin_brute":12,"minecraft:magma_cube":2,"minecraft:vindicator":1,"minecraft:zombie":3,"minecraft:vex":3,"minecraft:guardian":1,"minecraft:zombified_piglin":1,"minecraft:wither_skeleton":3,"minecraft:creeper":4,"minecraft:piglin":5,"minecraft:blaze":3,"minecraft:witch":1,"minecraft:endermite":1,"minecraft:player":24,"minecraft:enderman":1,"minecraft:hoglin":3,"minecraft:skeleton":1},"minecraft:killed":{"minecraft:cave_spider":2,"minecraft:skeleton":16,"minecraft:mule":1,"minecraft:guardian":1,"minecraft:fox":1,"minecraft:chicken":2,"minecraft:magma_cube":133,"minecraft:pillager":5,"minecraft:zombie":20,"minecraft:endermite":1,"minecraft:vindicator":5,"minecraft:zoglin":1,"minecraft:husk":1,"minecraft:enderman":2,"minecraft:zombified_piglin":11,"minecraft:witch":1,"minecraft:silverfish":15,"minecraft:piglin_brute":16,"minecraft:wolf":1,"minecraft:piglin":30,"minecraft:creeper":2,"minecraft:sheep":2,"minecraft:blaze":4,"minecraft:vex":4,"minecraft:phantom":1,"minecraft:llama":6,"minecraft:bat":3,"minecraft:hoglin":7,"ars_nouveau:wilden_stalker":1,"minecraft:wither_skeleton":10},"minecraft:dropped":{"minecraft:clay":16,"minecraft:porkchop":1,"minecraft:respawn_anchor":1,"minecraft:lapis_lazuli":1280,"projecte:purple_alchemical_bag":1,"minecraft:glass_bottle":1,"minecraft:diamond":11,"prettypipes:medium_speed_module":4,"minecraft:weeping_vines":10,"minecraft:cookie":2,"minecraft:glow_berries":62,"minecraft:warped_roots":2,"minecraft:leather_helmet":2,"minecraft:emerald":4,"minecraft:dirt":40,"minecraft:stone_button":6,"minecraft:jack_o_lantern":2,"minecraft:jungle_sapling":4,"minecraft:gold_nugget":39,"minecraft:sand":45,"minecraft:dark_oak_planks":128,"minecraft:white_wool":1,"minecraft:bone":1,"minecraft:oak_door":2,"minecraft:stone_axe":1,"projecte:white_alchemical_bag":1,"minecraft:diamond_block":8,"minecraft:iron_nugget":16,"minecraft:cobbled_deepslate":1,"minecraft:birch_sapling":2,"minecraft:wheat":14,"minecraft:obsidian":1,"minecraft:rotten_flesh":1,"minecraft:oak_planks":23,"botania:cosmetic_questgiver_mark":1,"minecraft:glowstone_dust":11,"immersiveengineering:raw_aluminum":15,"minecraft:nether_brick_fence":17,"jags:jags":1,"minecraft:azure_bluet":1,"minecraft:tipped_arrow":49,"minecraft:ladder":1,"create:mechanical_crafter":36,"minecraft:end_stone_bricks":584,"minecraft:glass":14,"pipez:improved_upgrade":4,"minecraft:crying_obsidian":34,"minecraft:egg":14,"minecraft:enchanted_book":1,"minecraft:wheat_seeds":80,"minecraft:clock":1,"farmersdelight:skillet":1,"ironchest:gold_chest":3,"minecraft:iron_helmet":1,"minecraft:cobblestone":1019,"minecraft:book":591,"minecraft:coal":1,"minecraft:golden_apple":1,"chickens:chicken_item":1,"mob_grinding_utils:fan_upgrade_width":3,"minecraft:diamond_helmet":1,"minecraft:dead_bush":768,"minecraft:dried_kelp":180,"ftbstoneblock:stonepebble":4,"minecraft:paper":3,"minecraft:string":88,"minecraft:trapped_chest":1,"create:raw_zinc":23,"minecraft:red_nether_brick_wall":1,"powah:uraninite_raw":8,"minecraft:snow_block":2,"minecraft:bricks":1,"minecraft:moss_carpet":8,"minecraft:clay_ball":24,"ftbstoneblock:1x_compressed_dirt":2,"minecraft:oak_sign":1,"minecraft:big_dripleaf":1,"minecraft:potato":24,"minecraft:spruce_planks":10,"minecraft:diamond_pickaxe":2,"ftbstoneblock:dust":384,"minecraft:yellow_bed":1,"minecraft:barrel":32,"minecraft:sandstone":15,"minecraft:crimson_hyphae":1,"minecraft:magma_block":13,"ae2:certus_quartz_crystal":95,"minecraft:baked_potato":4,"minecraft:ender_pearl":5,"chipped:blackstone_29":1,"minecraft:leather":4,"minecraft:iron_horse_armor":1,"luggage:luggage":1,"minecraft:flint":33,"ftbstoneblock:mob_soul":10,"minecraft:dark_oak_log":1,"minecraft:netherite_scrap":3,"botania:manasteel_helmet":1,"buildinggadgets:gadget_exchanging":1,"minecraft:mutton":2,"minecraft:crimson_roots":1,"mekanism:upgrade_speed":8,"minecraft:snowball":9,"gravestone:obituary":42,"minecraft:glistering_melon_slice":1,"minecraft:gold_ingot":8,"minecraft:gravel":64,"minecraft:crimson_fungus":6,"thermal:energy_cell":2,"minecraft:twisting_vines":2,"minecraft:beetroot":1,"ftbstoneblock:2x_compressed_stone":2,"ae2:certus_crystal_seed":40,"ae2:charged_certus_quartz_crystal":14,"minecraft:carrot":47,"minecraft:leather_chestplate":1,"minecraft:gunpowder":71,"minecraft:skeleton_skull":1,"minecraft:beetroot_seeds":5,"minecraft:chest":59,"minecraft:arrow":4,"minecraft:quartz":2,"minecraft:written_book":3,"immersiveengineering:seed":2,"minecraft:magenta_wool":4,"pipez:advanced_upgrade":4,"minecraft:netherrack":1873,"minecraft:firework_rocket":9,"minecraft:bread":4,"metalbarrels:diamond_barrel":2,"gag:time_sand_pouch":1,"minecraft:poisonous_potato":2,"minecraft:stick":14,"ftbsbc:stone_hammer":3,"minecraft:torch":3,"minecraft:melon_slice":12,"minecraft:fire_charge":1,"mekanism:raw_osmium":9,"minecraft:bucket":1,"minecraft:redstone":147,"mekanismtools:diamond_paxel":3,"create:shaft":16,"minecraft:nether_wart":5,"minecraft:blaze_rod":5,"minecraft:raw_copper":526,"minecraft:jukebox":2,"minecraft:tuff":16,"minecraft:raw_iron":3,"minecraft:smoker":1,"minecraft:andesite":6,"minecraft:oak_sapling":35,"supplementaries:bomb_spiky":2,"minecraft:wooden_pickaxe":1,"minecraft:magma_cream":6},"minecraft:crafted":{"minecraft:lever":1,"minecraft:diamond_shovel":4,"minecraft:bookshelf":15,"minecraft:glass":33,"create:rose_quartz":7,"minecraft:diamond_axe":5,"metalbarrels:iron_barrel":6,"ftbsbc:stone_rod":10,"createaddition:copper_wire":12,"createaddition:spool":16,"minecraft:iron_pickaxe":1,"minecraft:iron_nugget":9,"minecraft:white_carpet":3,"minecraft:diamond":135,"minecraft:stone_pickaxe":1,"minecraft:diamond_boots":1,"create:electron_tube":13,"ftbsbc:iron_hammer":1,"minecraft:coal_block":7,"ironchest:gold_chest":5,"minecraft:enchanting_table":1,"ae2:smooth_sky_stone_block":11,"minecraft:cobblestone":4,"minecraft:iron_shovel":1,"create:shaft":16,"mekanismtools:diamond_paxel":4,"createaddition:capacitor":2,"minecraft:oak_planks":236,"mekanismtools:iron_paxel":2,"minecraft:barrel":5,"minecraft:stone":6,"nethersdelight:hoglin_sirloin":18,"minecraft:chest":3,"minecraft:oak_fence":33,"minecraft:oak_slab":12,"ftbsbc:diamond_hammer":1,"minecraft:crafting_table":16,"minecraft:spruce_planks":144,"metalbarrels:diamond_barrel":6,"minecraft:baked_potato":133,"create:sand_paper":3,"ironchest:diamond_chest":5,"minecraft:diamond_pickaxe":4,"minecraft:charcoal":1,"minecraft:shield":2,"minecraft:stick":180,"minecraft:iron_ingot":98,"minecraft:redstone_torch":2,"thermal:cured_rubber":4,"createaddition:copper_spool":3,"minecraft:iron_axe":1,"immersiveengineering:wirecutter":12,"minecraft:iron_hoe":1,"trashcans:item_trash_can":2,"minecraft:bucket":5,"thermal:energy_cell":1,"minecraft:stone_axe":1,"minecraft:bread":37,"minecraft:air":0,"justhammers:iron_hammer":1,"minecraft:white_wool":2,"metalbarrels:gold_barrel":6,"create:mechanical_crafter":36,"minecraft:torch":20,"create:zinc_ingot":1,"thermal:rf_coil":1,"thermal:rubber":4,"ironchest:iron_chest":5},"minecraft:used":{"minecraft:moss_block":12,"create:brass_casing":5,"trashcans:item_trash_can":2,"minecraft:chest":1,"minecraft:soul_sand":48,"create:mechanical_crafter":7,"farmersdelight:glow_berry_custard":3,"supplementaries:bomb_blue":1,"minecraft:bow":3,"minecraft:egg":12,"minecraft:potato":46,"minecraft:dragon_head":1,"minecraft:end_stone_bricks":6,"minecraft:blackstone":2,"minecraft:wooden_pickaxe":22,"minecraft:clay":19,"minecraft:cookie":34,"minecraft:golden_apple":9,"minecraft:glow_berries":78,"minecraft:sand":11,"minecraft:crying_obsidian":23,"mekanismtools:iron_paxel":839,"minecraft:diamond_sword":150,"minecraft:fire_charge":1,"minecraft:enchanting_table":1,"ftbsbc:stone_hammer":9,"minecraft:netherrack":63,"minecraft:torch":10,"minecraft:anvil":1,"minecraft:crimson_hyphae":1,"metalbarrels:diamond_barrel":7,"createaddition:chocolate_cake":8,"minecraft:iron_block":2,"createaddition:honey_cake":4,"minecraft:water_bucket":1,"minecraft:mossy_cobblestone":1,"minecraft:crafting_table":1,"justhammers:diamond_hammer":604,"supplementaries:bomb":1,"minecraft:cake":1,"justhammers:iron_hammer":131,"minecraft:oak_log":27,"minecraft:cobblestone":61,"minecraft:potion":1,"minecraft:porkchop":2,"minecraft:stripped_oak_log":2,"minecraft:jukebox":1,"minecraft:moss_carpet":2,"ftbstoneblock:2x_compressed_stone":2,"minecraft:shield":110,"create:cogwheel":1,"minecraft:carrot":4,"mekanismtools:diamond_paxel":2616,"chancecubes:chance_cube":92,"minecraft:spruce_wood":1,"minecraft:golden_sword":67,"minecraft:written_book":1,"ars_nouveau:novice_hood":1,"create:crushing_wheel":2,"minecraft:stone_pickaxe":16,"minecraft:oak_planks":9,"minecraft:ender_pearl":3,"justhammers:iron_impact_hammer":1,"ftbsbc:diamond_hammer":1,"ars_nouveau:enchanting_apparatus":1,"minecraft:lever":2,"minecraft:bread":20,"create:andesite_casing":1,"minecraft:gravel":3,"nethersdelight:hoglin_sirloin":21,"minecraft:oak_fence":17,"minecraft:trident":12,"mob_grinding_utils:jumbo_tank":1,"minecraft:spruce_planks":14,"minecraft:oak_door":1,"minecraft:dirt":3,"ironchest:diamond_chest":5,"minecraft:golden_chestplate":1,"minecraft:bookshelf":23,"ars_nouveau:source_berry_pie":1,"farmersdelight:basket":2,"ironchest:gold_chest":3,"minecraft:cooked_beef":1,"minecraft:light_gray_bed":3,"ftbsbc:iron_hammer":113,"nethersdelight:hoglin_loin":4,"minecraft:iron_ore":32,"farmersdelight:skillet":2,"minecraft:baked_potato":71,"chipped:blackstone_29":1,"minecraft:book":1,"minecraft:stone_axe":70,"minecraft:bucket":9,"minecraft:sea_pickle":4,"create:hand_crank":1},"minecraft:picked_up":{"torchmaster:feral_flare_lantern":2,"mob_grinding_utils:fan_upgrade_width":3,"minecraft:anvil":1,"minecraft:prismarine_shard":2,"minecraft:diamond_sword":2,"minecraft:wither_rose":1,"minecraft:golden_sword":5,"thermal:energy_cell_frame":11,"minecraft:soul_soil":39,"minecraft:string":75,"minecraft:red_nether_bricks":15,"botania:manasteel_chestplate":1,"mekanism:upgrade_speed":12,"minecraft:gold_nugget":73,"minecraft:cobbled_deepslate":1,"minecraft:spruce_planks":10,"minecraft:written_book":3,"minecraft:melon_slice":14,"minecraft:golden_helmet":1,"minecraft:jukebox":4,"ftbstoneblock:mob_soul":153,"ftbstoneblock:warm_silverfish_shard":1,"minecraft:big_dripleaf":2,"create:andesite_casing":1,"minecraft:golden_axe":3,"ironchest:gold_chest":3,"ironchest:diamond_chest":1,"createaddition:copper_spool":1,"minecraft:golden_chestplate":1,"minecraft:light_gray_bed":3,"minecraft:iron_block":93,"rftoolsutility:crafter1":1,"supplementaries:ash":3,"minecraft:blaze_rod":6,"minecraft:snowball":17,"minecraft:magma_block":36,"minecraft:feather":10,"minecraft:cooked_beef":1,"industrialforegoing:range_addon3":1,"functionalstorage:armory_cabinet":1,"minecraft:smoker":1,"minecraft:flint":33,"minecraft:stripped_spruce_wood":1,"ae2:charged_certus_quartz_crystal":14,"luggage:luggage":17,"ftbstoneblock:1x_compressed_dirt":4,"minecraft:twisting_vines":11,"mob_grinding_utils:solid_xp_baby":4,"ftbstoneblock:1x_compressed_sand":3,"chickens:catcher":2,"ftbquests:book":1,"minecraft:diamond_helmet":1,"minecraft:glowstone_dust":511,"minecraft:moss_block":26,"thermal:wrench":1,"ae2:certus_quartz_crystal":95,"mekanismtools:stone_paxel":1,"minecraft:trapped_chest":2,"minecraft:dark_oak_log":27,"minecraft:barrel":34,"ars_nouveau:wilden_horn":1,"ftbsbc:stone_hammer":2,"minecraft:dispenser":2,"farmersdelight:glow_berry_custard":3,"minecraft:lever":1,"minecraft:golden_horse_armor":1,"minecraft:bread":1,"minecraft:crimson_roots":20,"minecraft:diamond_pickaxe":2,"minecraft:crafting_table":3,"botania:lens_fire":1,"minecraft:purple_wool":64,"minecraft:nether_wart":8,"mob_grinding_utils:absorption_hopper":1,"minecraft:dragon_head":1,"gravestone:obituary":48,"ars_nouveau:novice_hood":1,"minecraft:flint_and_steel":2,"minecraft:netherite_scrap":3,"minecraft:compass":1,"minecraft:cyan_wool":16,"minecraft:jungle_sapling":4,"minecraft:iron_nugget":30,"minecraft:spruce_slab":2,"minecraft:chest":63,"minecraft:birch_sapling":2,"minecraft:egg":23,"minecraft:sandstone":1,"minecraft:oak_door":2,"minecraft:music_disc_mellohi":1,"minecraft:fire_charge":2,"minecraft:carrot":28,"minecraft:redstone":121,"minecraft:red_nether_brick_wall":1,"create:brass_casing":33,"minecraft:tnt":2,"ars_nouveau:enchanting_apparatus":1,"minecraft:diamond_chestplate":1,"immersiveengineering:cloche":3,"minecraft:diamond_boots":1,"thermal:energy_cell":1,"minecraft:gold_ingot":2,"minecraft:glow_berries":141,"minecraft:mutton":5,"minecraft:white_wool":4,"minecraft:stripped_oak_log":2,"minecraft:clock":1,"shrink:shrinking_device":1,"minecraft:tripwire_hook":20,"minicoal:mini_charcoal":1,"minecraft:oak_log":71,"minecraft:golden_boots":1,"createaddition:capacitor":2,"farmersdelight:skillet":2,"immersiveengineering:railgun":1,"minecraft:paper":6,"create:crushing_wheel":2,"minecraft:apple":1,"farmersdelight:cooking_pot":1,"minecraft:iron_ore":32,"minecraft:glass_bottle":8,"ftbstoneblock:1x_compressed_gravel":3,"botania:manasteel_helmet":3,"minecraft:cracked_nether_bricks":14,"minecraft:gravel":165,"powah:uraninite_raw":8,"minecraft:spruce_sapling":2,"minecraft:crying_obsidian":57,"justhammers:diamond_hammer":1,"minecraft:leather_helmet":1,"minecraft:firework_rocket":20,"minecraft:slime_ball":2,"immersiveengineering:seed":5,"minecraft:stone_axe":1,"industrialforegoing:laser_lens0":1,"minecraft:warped_roots":2,"minecraft:baked_potato":6,"minecraft:crimson_nylium":2,"minecraft:ender_pearl":11,"minecraft:wheat":4,"minecraft:redstone_block":14,"minecraft:nether_brick_fence":17,"create:mechanical_crafter":7,"supplementaries:bomb_blue":2,"minecraft:raw_copper":255,"minecraft:oak_sign":4,"minecraft:sea_pickle":4,"cobblefordays:tier_1":1,"minecraft:bucket":2,"minecraft:redstone_torch":1,"minecraft:azalea":3,"functionalstorage:linking_tool":1,"minecraft:tipped_arrow":43,"minecraft:stick":7,"minecraft:oak_fence":14,"minecraft:torch":14,"thermal:raw_lead":14,"minecraft:porkchop":1,"minecraft:dried_kelp":244,"minecraft:target":4,"prettypipes:medium_speed_module":6,"minecraft:cactus":3,"minecraft:rotten_flesh":18,"minecraft:obsidian":5,"minecraft:cobblestone":1357,"minecraft:crimson_hyphae":2,"ftbstoneblock:2x_compressed_stone":4,"ftbstoneblock:dust":531,"minecraft:leather_chestplate":1,"minecraft:magma_cream":32,"jags:jags":3,"minecraft:andesite":15,"minecraft:golden_leggings":1,"minecraft:beacon":4,"industrialforegoing:mob_imprisonment_tool":1,"minecraft:potato":125,"chickens:chicken_item":1,"create:raw_zinc":111,"minecraft:tuff":30,"minecraft:wither_skeleton_skull":4,"minecraft:lapis_lazuli":1276,"minecraft:dirt":23,"constructionwand:iron_wand":1,"minecraft:name_tag":1,"minecraft:glass":14,"minecraft:bone":2,"minecraft:bow":4,"minecraft:wheat_seeds":169,"powah:battery_basic":1,"minecraft:grindstone":1,"minecraft:oak_planks":19,"minecraft:ghast_tear":12,"farmersdelight:basket":4,"tconstruct:necrotic_bone":5,"mekanism:upgrade_energy":4,"create:cogwheel":1,"minecraft:poisonous_potato":2,"immersiveengineering:raw_aluminum":19,"minecraft:sand":118,"minecraft:diamond_block":18,"minecraft:mossy_cobblestone":1,"mob_grinding_utils:jumbo_tank":1,"minecraft:clay":20,"minecraft:diamond":54,"create:schedule":1,"chancecubes:chance_cube":84,"ae2:certus_crystal_seed":80,"minecraft:golden_apple":14,"minecraft:emerald":4,"minecraft:oak_sapling":35,"minecraft:netherrack":2855,"minecraft:end_stone_bricks":458,"nethersdelight:hoglin_loin":7,"buildinggadgets:gadget_exchanging":1,"minecraft:chicken":1,"minecraft:ladder":1,"botania:manasteel_leggings":1,"minecraft:wooden_pickaxe":1,"minecraft:pink_wool":16,"minecraft:gold_block":9,"minecraft:shield":2,"botania:cosmetic_questgiver_mark":1,"ftbquests:lootcrate":26,"minecraft:moss_carpet":21,"minecraft:blackstone":2,"minecraft:sugar_cane":2,"minecraft:spruce_trapdoor":4,"botania:magnet_ring":1,"minecraft:raw_iron":70,"minecraft:end_stone":100,"minecraft:bowl":1,"minecraft:stone_button":5,"create:hand_crank":1,"minecraft:trident":3,"create:zinc_ingot":13,"minecraft:iron_horse_armor":2,"chipped:blackstone_29":2,"minecraft:dark_oak_planks":133,"minecraft:arrow":10,"minecraft:weeping_vines":10,"metalbarrels:diamond_barrel":3,"minecraft:saddle":3,"minecraft:glistering_melon_slice":8,"minecraft:nether_brick_wall":1,"minecraft:skeleton_skull":1,"ftbstoneblock:stonepebble":20,"minecraft:leather":65,"minecraft:crimson_fungus":12,"minecraft:gunpowder":76,"minecraft:iron_ingot":18,"minecraft:soul_sand":33,"minecraft:book":324,"minecraft:oak_slab":1,"minecraft:quartz":17,"minecraft:dandelion":128,"minecraft:amethyst_shard":5,"mekanismtools:diamond_paxel":2,"minecraft:spruce_door":1,"mekanism:raw_osmium":13,"minecraft:spider_eye":3,"create:electron_tube":1,"minecraft:pumpkin_seeds":5,"thermal:basalz_powder":1,"create:brass_ingot":48,"mekanism:fluorite_gem":13,"minecraft:coal":134},"minecraft:custom":{"minecraft:interact_with_crafting_table":71,"minecraft:open_barrel":140,"minecraft:eat_cake_slice":35,"minecraft:leave_game":3,"minecraft:time_since_death":30016,"champions:champion_mobs_killed":289,"minecraft:damage_blocked_by_shield":3550,"minecraft:play_time":555588,"minecraft:deaths":76,"minecraft:jump":5664,"minecraft:enchant_item":2,"minecraft:interact_with_furnace":65,"minecraft:sleep_in_bed":7,"minecraft:damage_dealt":49340,"minecraft:inspect_dispenser":28,"minecraft:horse_one_cm":327289,"minecraft:interact_with_anvil":11,"minecraft:opened_chance_cube":32,"minecraft:sneak_time":31679,"minecraft:interact_with_blast_furnace":6,"minecraft:total_world_time":555588,"minecraft:time_since_rest":30041,"minecraft:swim_one_cm":2877,"minecraft:fly_one_cm":898636,"minecraft:open_chest":655,"minecraft:fall_one_cm":69330,"minecraft:sprint_one_cm":1646854,"minecraft:drop":461,"minecraft:talked_to_villager":9,"minecraft:walk_on_water_one_cm":26297,"minecraft:player_kills":6,"minecraft:crouch_one_cm":69140,"minecraft:mob_kills":318,"minecraft:climb_one_cm":14960,"minecraft:walk_one_cm":906197,"minecraft:walk_under_water_one_cm":3514,"minecraft:opened_giant_chance_cube":5,"minecraft:damage_taken":26729,"minecraft:damage_absorbed":251,"minecraft:trigger_trapped_chest":7}},"DataVersion":2975}