{"stats":{"minecraft:mined":{"minecraft:dragon_wall_head":1,"minecraft:cave_vines_plant":3,"minecraft:spruce_trapdoor":4,"minecraft:grass_block":2,"ftbstoneblock:1x_compressed_gravel":7,"minecraft:light_gray_bed":4,"ftbstoneblock:1x_compressed_dirt":5,"minecraft:spawner":5,"minecraft:weeping_vines_plant":5,"minecraft:iron_ore":34,"minecraft:fire":4,"minecraft:moss_carpet":3,"minecraft:cave_vines":3,"minecraft:flowering_azalea_leaves":17,"mob_grinding_utils:jumbo_tank":1,"minecraft:azalea_leaves":40,"ars_nouveau:enchanting_apparatus":1,"minecraft:spruce_slab":1,"create:cogwheel":1,"mekanism:osmium_ore":4,"minecraft:blackstone":2,"minecraft:twisting_vines_plant":6,"minecraft:soul_fire":3,"minecraft:medium_amethyst_bud":1,"chipped:blackstone_29":1,"thermal:lead_ore":13,"minecraft:clay":2,"minecraft:torch":2,"minecraft:chest":10,"create:brass_casing":33,"minecraft:cobblestone":17,"minecraft:wall_torch":5,"minecraft:nether_wart_block":1,"mekanism:fluorite_ore":2,"minecraft:tnt":1,"minecraft:grass":16,"minecraft:oak_log":7,"create:hand_crank":1,"minecraft:sand":11,"minecraft:dirt":5,"minecraft:tripwire_hook":4,"minecraft:netherrack":18,"create:zinc_ore":24,"minecraft:tuff":10,"farmersdelight:basket":2,"minecraft:nether_brick_wall":1,"minecraft:lever":1,"gravestone:gravestone":41,"minecraft:crimson_roots":8,"minecraft:weeping_vines":1,"minecraft:moss_block":16,"minecraft:nether_sprouts":2,"minecraft:andesite":2,"minecraft:potatoes":42,"minecraft:deepslate_iron_ore":1,"minecraft:cobblestone_slab":1,"minecraft:stone":226,"supplementaries:book_pile_horizontal":1,"minecraft:soul_sand":5,"minecraft:snow_block":1,"minecraft:spruce_door":1,"minecraft:oak_fence":12,"minecraft:crafting_table":1,"ftbstoneblock:1x_compressed_sand":105,"minecraft:warped_roots":1,"minecraft:tall_grass":3,"minecraft:lapis_ore":3,"minecraft:red_nether_brick_wall":1,"minecraft:spruce_stairs":1,"farmersdelight:skillet":1,"create:crushing_wheel":1,"create:mechanical_crafter":4,"minecraft:gravel":102,"minecraft:gold_ore":6,"minecraft:crimson_hyphae":2},"minecraft:broken":{"minecraft:chainmail_boots":1,"minecraft:golden_sword":2,"minecraft:stone_axe":1,"botania:manasteel_leggings":1,"justhammers:iron_impact_hammer":1,"minecraft:shield":1,"botania:manasteel_chestplate":1},"minecraft:killed_by":{"minecraft:wither_skeleton":3,"minecraft:piglin_brute":10,"minecraft:creeper":1,"minecraft:magma_cube":2,"minecraft:piglin":4,"minecraft:blaze":3,"minecraft:vex":3,"minecraft:endermite":1,"minecraft:player":22,"minecraft:hoglin":3,"minecraft:skeleton":1},"minecraft:killed":{"minecraft:cave_spider":2,"minecraft:mule":1,"minecraft:skeleton":9,"minecraft:guardian":1,"minecraft:fox":1,"minecraft:chicken":1,"minecraft:silverfish":3,"minecraft:piglin_brute":12,"minecraft:wolf":1,"minecraft:magma_cube":42,"minecraft:piglin":17,"minecraft:creeper":1,"minecraft:zombie":3,"minecraft:blaze":2,"minecraft:vex":3,"minecraft:endermite":1,"minecraft:zoglin":1,"minecraft:phantom":1,"minecraft:llama":6,"minecraft:husk":1,"minecraft:hoglin":7,"minecraft:wither_skeleton":7},"minecraft:dropped":{"minecraft:clay":16,"minecraft:respawn_anchor":1,"minecraft:baked_potato":4,"minecraft:ender_pearl":5,"minecraft:diamond":3,"minecraft:weeping_vines":10,"minecraft:glow_berries":62,"minecraft:warped_roots":2,"chipped:blackstone_29":1,"minecraft:flint":26,"ftbstoneblock:mob_soul":9,"minecraft:dirt":2,"minecraft:netherite_scrap":3,"buildinggadgets:gadget_exchanging":1,"minecraft:crimson_roots":1,"minecraft:jungle_sapling":4,"gravestone:obituary":37,"minecraft:gold_nugget":7,"minecraft:sand":45,"minecraft:glistering_melon_slice":1,"minecraft:bone":1,"thermal:energy_cell":2,"minecraft:gravel":64,"minecraft:crimson_fungus":6,"minecraft:stone_axe":1,"minecraft:iron_nugget":16,"minecraft:twisting_vines":2,"minecraft:wheat":1,"minecraft:birch_sapling":2,"minecraft:rotten_flesh":1,"botania:cosmetic_questgiver_mark":1,"minecraft:oak_planks":21,"minecraft:glowstone_dust":7,"immersiveengineering:raw_aluminum":15,"ftbstoneblock:2x_compressed_stone":2,"jags:jags":1,"minecraft:nether_brick_fence":17,"ae2:certus_crystal_seed":40,"ae2:charged_certus_quartz_crystal":14,"minecraft:leather_chestplate":1,"minecraft:tipped_arrow":34,"minecraft:gunpowder":71,"minecraft:chest":59,"minecraft:ladder":1,"create:mechanical_crafter":36,"minecraft:arrow":4,"minecraft:glass":12,"minecraft:crying_obsidian":16,"immersiveengineering:seed":2,"minecraft:written_book":1,"minecraft:netherrack":84,"minecraft:egg":1,"minecraft:firework_rocket":9,"minecraft:enchanted_book":1,"minecraft:bread":1,"minecraft:wheat_seeds":1,"farmersdelight:skillet":1,"minecraft:poisonous_potato":1,"minecraft:cobblestone":997,"minecraft:stick":8,"ftbsbc:stone_hammer":3,"mob_grinding_utils:fan_upgrade_width":3,"minecraft:diamond_helmet":1,"minecraft:dried_kelp":180,"mekanism:raw_osmium":9,"ftbstoneblock:stonepebble":4,"minecraft:string":75,"minecraft:bucket":1,"minecraft:red_nether_brick_wall":1,"create:raw_zinc":23,"powah:uraninite_raw":8,"minecraft:redstone":147,"mekanismtools:diamond_paxel":3,"minecraft:moss_carpet":8,"create:shaft":16,"minecraft:nether_wart":5,"minecraft:raw_copper":12,"minecraft:jukebox":2,"minecraft:tuff":16,"minecraft:raw_iron":3,"minecraft:smoker":1,"ftbstoneblock:1x_compressed_dirt":2,"minecraft:oak_sign":1,"minecraft:big_dripleaf":1,"minecraft:potato":1,"minecraft:spruce_planks":10,"minecraft:andesite":6,"ftbstoneblock:dust":384,"minecraft:oak_sapling":35,"minecraft:barrel":32,"minecraft:magma_cream":6,"minecraft:crimson_hyphae":1,"ae2:certus_quartz_crystal":95},"minecraft:crafted":{"mekanismtools:diamond_paxel":3,"createaddition:capacitor":2,"minecraft:oak_planks":100,"mekanismtools:iron_paxel":2,"minecraft:stone":6,"minecraft:lever":1,"minecraft:diamond_shovel":3,"minecraft:bookshelf":5,"nethersdelight:hoglin_sirloin":18,"minecraft:glass":33,"minecraft:chest":3,"minecraft:oak_fence":33,"create:rose_quartz":7,"ftbsbc:diamond_hammer":1,"minecraft:diamond_axe":4,"minecraft:crafting_table":16,"minecraft:spruce_planks":144,"minecraft:baked_potato":133,"ftbsbc:stone_rod":10,"create:sand_paper":3,"createaddition:copper_wire":12,"ironchest:diamond_chest":5,"createaddition:spool":16,"minecraft:charcoal":1,"minecraft:diamond_pickaxe":3,"minecraft:shield":2,"minecraft:stick":172,"minecraft:iron_ingot":53,"minecraft:iron_pickaxe":1,"minecraft:redstone_torch":2,"thermal:cured_rubber":4,"minecraft:iron_nugget":9,"createaddition:copper_spool":3,"minecraft:iron_axe":1,"immersiveengineering:wirecutter":12,"minecraft:iron_hoe":1,"minecraft:stone_pickaxe":1,"minecraft:diamond_boots":1,"trashcans:item_trash_can":2,"create:electron_tube":13,"ftbsbc:iron_hammer":1,"minecraft:coal_block":7,"ironchest:gold_chest":5,"minecraft:enchanting_table":1,"ae2:smooth_sky_stone_block":11,"minecraft:bucket":5,"thermal:energy_cell":1,"minecraft:stone_axe":1,"minecraft:air":0,"minecraft:bread":21,"justhammers:iron_hammer":1,"minecraft:cobblestone":4,"create:mechanical_crafter":36,"minecraft:iron_shovel":1,"create:shaft":16,"minecraft:torch":20,"thermal:rf_coil":1,"thermal:rubber":4,"create:zinc_ingot":1,"ironchest:iron_chest":5},"minecraft:used":{"minecraft:moss_block":12,"minecraft:moss_carpet":2,"create:brass_casing":5,"trashcans:item_trash_can":2,"ftbstoneblock:2x_compressed_stone":2,"minecraft:chest":1,"minecraft:shield":94,"minecraft:soul_sand":48,"create:cogwheel":1,"create:mechanical_crafter":7,"minecraft:carrot":4,"mekanismtools:diamond_paxel":217,"chancecubes:chance_cube":6,"minecraft:spruce_wood":1,"farmersdelight:glow_berry_custard":3,"minecraft:golden_sword":67,"minecraft:written_book":1,"minecraft:egg":8,"minecraft:potato":46,"minecraft:dragon_head":1,"ars_nouveau:novice_hood":1,"create:crushing_wheel":2,"minecraft:oak_planks":7,"minecraft:stone_pickaxe":16,"minecraft:ender_pearl":3,"minecraft:blackstone":2,"minecraft:clay":19,"minecraft:cookie":34,"minecraft:golden_apple":9,"minecraft:glow_berries":61,"justhammers:iron_impact_hammer":1,"minecraft:sand":11,"ftbsbc:diamond_hammer":1,"ars_nouveau:enchanting_apparatus":1,"minecraft:lever":2,"minecraft:crying_obsidian":3,"minecraft:bread":20,"mekanismtools:iron_paxel":839,"minecraft:gravel":3,"nethersdelight:hoglin_sirloin":21,"minecraft:fire_charge":1,"minecraft:oak_fence":17,"minecraft:trident":6,"minecraft:enchanting_table":1,"mob_grinding_utils:jumbo_tank":1,"ftbsbc:stone_hammer":9,"minecraft:spruce_planks":14,"minecraft:netherrack":63,"minecraft:torch":10,"minecraft:dirt":2,"ironchest:diamond_chest":5,"minecraft:crimson_hyphae":1,"minecraft:golden_chestplate":1,"minecraft:bookshelf":13,"createaddition:honey_cake":4,"ars_nouveau:source_berry_pie":1,"farmersdelight:basket":2,"minecraft:light_gray_bed":3,"ftbsbc:iron_hammer":113,"minecraft:water_bucket":1,"minecraft:iron_ore":32,"nethersdelight:hoglin_loin":4,"farmersdelight:skillet":2,"minecraft:baked_potato":15,"chipped:blackstone_29":1,"minecraft:crafting_table":1,"minecraft:book":1,"minecraft:cake":1,"justhammers:iron_hammer":64,"minecraft:oak_log":27,"minecraft:stone_axe":70,"minecraft:cobblestone":55,"minecraft:porkchop":2,"minecraft:bucket":9,"create:hand_crank":1,"minecraft:jukebox":1},"minecraft:picked_up":{"torchmaster:feral_flare_lantern":2,"minecraft:redstone_block":14,"mob_grinding_utils:fan_upgrade_width":3,"minecraft:nether_brick_fence":17,"create:mechanical_crafter":7,"minecraft:wither_rose":1,"minecraft:golden_sword":2,"thermal:energy_cell_frame":8,"minecraft:string":43,"minecraft:soul_soil":22,"minecraft:raw_copper":12,"minecraft:red_nether_bricks":15,"minecraft:oak_sign":1,"mekanism:upgrade_speed":4,"cobblefordays:tier_1":1,"botania:manasteel_chestplate":1,"minecraft:gold_nugget":42,"minecraft:bucket":1,"minecraft:spruce_planks":10,"minecraft:redstone_torch":1,"minecraft:written_book":1,"minecraft:azalea":3,"functionalstorage:linking_tool":1,"minecraft:tipped_arrow":35,"minecraft:stick":6,"ftbstoneblock:mob_soul":109,"minecraft:jukebox":4,"ftbstoneblock:warm_silverfish_shard":1,"minecraft:big_dripleaf":1,"minecraft:oak_fence":14,"thermal:raw_lead":14,"minecraft:torch":14,"minecraft:target":4,"minecraft:golden_axe":3,"minecraft:dried_kelp":244,"ironchest:diamond_chest":1,"createaddition:copper_spool":1,"minecraft:golden_chestplate":1,"prettypipes:medium_speed_module":2,"minecraft:light_gray_bed":3,"minecraft:rotten_flesh":5,"minecraft:iron_block":7,"rftoolsutility:crafter1":1,"minecraft:cobblestone":1287,"functionalstorage:armory_cabinet":1,"minecraft:crimson_hyphae":2,"industrialforegoing:range_addon3":1,"industrialforegoing:mob_imprisonment_tool":1,"ftbstoneblock:dust":531,"minecraft:magma_block":23,"ftbstoneblock:2x_compressed_stone":4,"minecraft:leather_chestplate":1,"minecraft:feather":8,"minecraft:magma_cream":26,"jags:jags":2,"minecraft:andesite":15,"minecraft:golden_leggings":1,"minecraft:smoker":1,"minecraft:potato":124,"minecraft:flint":26,"minecraft:stripped_spruce_wood":1,"minecraft:tuff":30,"create:raw_zinc":111,"minecraft:wither_skeleton_skull":4,"ae2:charged_certus_quartz_crystal":14,"minecraft:lapis_lazuli":36,"minecraft:dirt":5,"constructionwand:iron_wand":1,"mob_grinding_utils:solid_xp_baby":4,"minecraft:name_tag":1,"minecraft:twisting_vines":11,"minecraft:bone":2,"minecraft:glass":12,"ftbstoneblock:1x_compressed_dirt":4,"ftbstoneblock:1x_compressed_sand":3,"minecraft:bow":2,"minecraft:wheat_seeds":27,"powah:battery_basic":1,"ftbquests:book":1,"minecraft:diamond_helmet":1,"minecraft:glowstone_dust":13,"minecraft:moss_block":13,"minecraft:oak_planks":14,"thermal:wrench":1,"minecraft:ghast_tear":12,"farmersdelight:basket":4,"tconstruct:necrotic_bone":5,"mekanism:upgrade_energy":4,"create:cogwheel":1,"ae2:certus_quartz_crystal":95,"minecraft:poisonous_potato":2,"mekanismtools:stone_paxel":1,"minecraft:sand":118,"immersiveengineering:raw_aluminum":19,"ars_nouveau:wilden_horn":1,"minecraft:barrel":33,"mob_grinding_utils:jumbo_tank":1,"ftbsbc:stone_hammer":2,"farmersdelight:glow_berry_custard":3,"minecraft:clay":20,"minecraft:diamond":30,"create:schedule":1,"minecraft:lever":1,"chancecubes:chance_cube":1,"ae2:certus_crystal_seed":80,"minecraft:golden_apple":14,"minecraft:golden_horse_armor":1,"minecraft:oak_sapling":35,"minecraft:netherrack":284,"minecraft:crimson_roots":20,"nethersdelight:hoglin_loin":7,"minecraft:crafting_table":3,"botania:lens_fire":1,"buildinggadgets:gadget_exchanging":1,"minecraft:ladder":1,"minecraft:nether_wart":5,"mob_grinding_utils:absorption_hopper":1,"botania:manasteel_leggings":1,"minecraft:pink_wool":16,"minecraft:gold_block":5,"minecraft:dragon_head":1,"gravestone:obituary":44,"minecraft:shield":1,"botania:cosmetic_questgiver_mark":1,"ftbquests:lootcrate":17,"minecraft:moss_carpet":14,"minecraft:flint_and_steel":1,"minecraft:netherite_scrap":3,"minecraft:blackstone":2,"minecraft:jungle_sapling":4,"minecraft:iron_nugget":16,"minecraft:spruce_slab":2,"minecraft:chest":60,"minecraft:birch_sapling":2,"minecraft:spruce_trapdoor":4,"minecraft:egg":6,"botania:magnet_ring":1,"minecraft:raw_iron":70,"minecraft:bowl":1,"minecraft:fire_charge":1,"minecraft:stone_button":2,"create:hand_crank":1,"minecraft:trident":1,"minecraft:redstone":120,"create:brass_casing":33,"minecraft:red_nether_brick_wall":1,"create:zinc_ingot":13,"chipped:blackstone_29":2,"minecraft:tnt":2,"minecraft:weeping_vines":10,"ars_nouveau:enchanting_apparatus":1,"minecraft:arrow":4,"immersiveengineering:cloche":3,"thermal:energy_cell":1,"minecraft:saddle":3,"minecraft:glistering_melon_slice":8,"minecraft:glow_berries":124,"minecraft:nether_brick_wall":1,"shrink:shrinking_device":1,"ftbstoneblock:stonepebble":20,"minecraft:tripwire_hook":4,"minecraft:leather":62,"minicoal:mini_charcoal":1,"minecraft:crimson_fungus":12,"minecraft:oak_log":71,"minecraft:gunpowder":76,"createaddition:capacitor":2,"farmersdelight:skillet":2,"immersiveengineering:railgun":1,"minecraft:paper":3,"create:crushing_wheel":2,"farmersdelight:cooking_pot":1,"minecraft:iron_ingot":13,"minecraft:iron_ore":32,"minecraft:glass_bottle":8,"minecraft:soul_sand":33,"minecraft:book":1,"ftbstoneblock:1x_compressed_gravel":3,"minecraft:dandelion":128,"botania:manasteel_helmet":1,"minecraft:quartz":13,"minecraft:cracked_nether_bricks":14,"minecraft:gravel":165,"powah:uraninite_raw":8,"mekanismtools:diamond_paxel":1,"minecraft:spruce_sapling":2,"minecraft:crying_obsidian":19,"justhammers:diamond_hammer":1,"mekanism:raw_osmium":13,"minecraft:spruce_door":1,"create:electron_tube":1,"minecraft:firework_rocket":20,"minecraft:pumpkin_seeds":5,"create:brass_ingot":48,"immersiveengineering:seed":3,"minecraft:stone_axe":1,"mekanism:fluorite_gem":13,"industrialforegoing:laser_lens0":1,"minecraft:warped_roots":2,"minecraft:crimson_nylium":2,"minecraft:coal":134,"minecraft:ender_pearl":5},"minecraft:custom":{"minecraft:interact_with_crafting_table":59,"minecraft:open_barrel":52,"minecraft:eat_cake_slice":21,"minecraft:leave_game":3,"minecraft:time_since_death":1062,"champions:champion_mobs_killed":113,"minecraft:sprint_one_cm":1092001,"minecraft:damage_blocked_by_shield":2955,"minecraft:drop":234,"minecraft:play_time":411588,"minecraft:deaths":56,"minecraft:jump":3971,"minecraft:walk_on_water_one_cm":3915,"minecraft:interact_with_furnace":65,"minecraft:sleep_in_bed":7,"minecraft:damage_dealt":28422,"minecraft:player_kills":6,"minecraft:crouch_one_cm":54208,"minecraft:inspect_dispenser":27,"minecraft:horse_one_cm":319817,"minecraft:interact_with_anvil":3,"minecraft:mob_kills":131,"minecraft:climb_one_cm":8799,"minecraft:opened_chance_cube":7,"minecraft:walk_one_cm":639634,"minecraft:sneak_time":25115,"minecraft:interact_with_blast_furnace":4,"minecraft:total_world_time":411588,"minecraft:time_since_rest":1096,"minecraft:damage_taken":18295,"minecraft:damage_absorbed":251,"minecraft:trigger_trapped_chest":7,"minecraft:fly_one_cm":600634,"minecraft:open_chest":531,"minecraft:fall_one_cm":49697}},"DataVersion":2975}