{"stats":{"minecraft:dropped":{"functionalstorage:void_upgrade":2,"minecraft:iron_ingot":25,"minecraft:clay":4,"minecraft:piston":4,"functionalstorage:redstone_upgrade":2,"mcwdoors:metal_warning_door":2,"minecraft:cobblestone":17,"ftbstoneblock:1x_compressed_sand":2,"minecraft:copper_ingot":2,"mekanismtools:stone_paxel":1,"minecraft:stick":3,"ftbstoneblock:mob_soul":1,"botania:livingwood_twig":1,"chancecubes:silk_touch_pendant":1,"ftbstoneblock:1x_compressed_gravel":2,"gravestone:obituary":1,"shrink:shrinking_device":1,"ars_nouveau:wilden_wing":1,"minecraft:bone":2,"minecraft:gravel":837,"rftoolsutility:crafter1":1,"chiselsandbits:bit_bag":1,"functionalstorage:linking_tool":1,"ftbstoneblock:1x_compressed_dirt":1,"industrialforegoing:range_addon0":1,"simplylight:lamp_post":4,"create:zinc_ingot":3,"ftbstoneblock:dust":109,"itemcollectors:basic_collector":1,"minecraft:arrow":1,"entangled:item":1,"minecraft:magma_block":1},"minecraft:used":{"ftbsbc:stone_crook":275,"minecraft:moss_block":1,"minecraft:moss_carpet":13,"minecraft:flint_and_steel":4,"ftbsbc:stone_hammer":1202,"minecraft:dirt":136,"minecraft:soul_sand":2,"create:mechanical_mixer":1,"cobblefordays:tier_4":1,"minecraft:lava_bucket":1,"minecraft:lantern":1,"simplylight:lamp_post":3,"minecraft:magma_block":1,"minecraft:furnace":8,"minecraft:oak_sapling":13,"ftbstoneblock:1x_compressed_cobblestone":4,"farmersdelight:cooking_pot":1,"stonechest:chest_cobblestone":22,"minecraft:water_bucket":4,"minecraft:polished_andesite":2,"mekanismtools:stone_paxel":197,"minecraft:chainmail_helmet":1,"minecraft:cobblestone_slab":12,"minecraft:glow_berries":55,"minecraft:sand":102,"minecraft:crafting_table":1,"minecraft:oak_log":1,"minecraft:apple":30,"minecraft:bread":5,"experienceobelisk:experience_obelisk":2,"justhammers:iron_reinforced_impact_hammer":2,"minecraft:gravel":131,"create:basin":2,"minecraft:cobblestone":885,"minecraft:chainmail_boots":1,"ftbdripper:dripper":2,"minecraft:bucket":5,"minecraft:andesite":32,"create:hand_crank":1,"ftbstoneblock:dust":24,"create:large_cogwheel":4,"minecraft:chainmail_leggings":1},"minecraft:killed":{"minecraft:skeleton":5,"minecraft:bee":1,"minecraft:creeper":2,"minecraft:zombie":1,"ars_nouveau:wilden_stalker":3},"minecraft:killed_by":{"minecraft:player":1,"minecraft:creeper":1},"minecraft:crafted":{"stonechest:part_cobblestone":112,"minecraft:oak_planks":20,"minecraft:stone_shovel":2,"minecraft:cobblestone_slab":12,"minecraft:furnace":8,"ftbsbc:stone_crook":8,"stonechest:chest_cobblestone":28,"minecraft:flint_and_steel":1,"minecraft:stone_pickaxe":2,"create:basin":1,"create:andesite_alloy":8,"create:hand_crank":1,"ftbsbc:stone_rod":136,"create:zinc_nugget":18,"minecraft:copper_ingot":6,"minecraft:bucket":1,"minecraft:stone_axe":2,"mekanismtools:stone_paxel":2,"create:mechanical_mixer":1,"minecraft:air":0,"ftbstoneblock:1x_compressed_cobblestone":14,"create:whisk":1,"minecraft:cobblestone":21,"minecraft:stick":8,"minecraft:iron_ingot":2,"ftbsbc:stone_hammer":6,"minecraft:polished_andesite":4},"minecraft:broken":{"ftbsbc:stone_crook":2,"ftbsbc:stone_hammer":9},"minecraft:picked_up":{"minecraft:crafting_table":1,"minecraft:chainmail_boots":1,"gravestone:obituary":1,"ftbquests:lootcrate":2,"minecraft:string":2,"minecraft:moss_carpet":16,"create:basin":1,"minecraft:stick":12,"ftbstoneblock:mob_soul":3,"minecraft:big_dripleaf":8,"create:andesite_casing":1,"minecraft:vine":8,"create:zinc_ingot":1,"create:large_cogwheel":2,"minecraft:arrow":3,"minecraft:rotten_flesh":6,"minecraft:glow_berries":184,"minecraft:cobblestone":571,"ftbstoneblock:1x_compressed_cobblestone":2,"ftbstoneblock:dust":116,"minecraft:magma_block":2,"ftbstoneblock:stonepebble":93,"jags:jags":4,"minecraft:andesite":20,"ars_nouveau:wilden_wing":4,"minecraft:oak_log":57,"minecraft:dirt":175,"minecraft:lantern":1,"minecraft:bone":6,"ftbdripper:dripper":2,"minecraft:apple":41,"minecraft:wheat_seeds":11,"minecraft:iron_ingot":25,"minecraft:moss_block":3,"simplylight:lamp_post":1,"stonechest:chest_cobblestone":2,"minecraft:soul_sand":1,"create:cogwheel":1,"minecraft:gravel":904,"minecraft:sand":103,"ftbsbc:stone_hammer":6,"experienceobelisk:experience_obelisk":1,"ftbsbc:stone_crook":5,"immersiveengineering:seed":5,"minecraft:chainmail_leggings":1,"minecraft:chainmail_helmet":1,"minecraft:oak_sapling":103},"minecraft:mined":{"gravestone:gravestone":2,"create:large_cogwheel":1,"minecraft:moss_block":4,"minecraft:magma_block":2,"minecraft:fire":2,"minecraft:andesite":10,"minecraft:moss_carpet":11,"minecraft:cave_vines":3,"ftbdripper:dripper":1,"minecraft:stone":75,"simplylight:lamp_post":1,"stonechest:chest_cobblestone":2,"minecraft:soul_sand":1,"minecraft:soul_fire":2,"minecraft:crafting_table":1,"experienceobelisk:experience_obelisk":1,"minecraft:tall_grass":23,"minecraft:cobblestone":849,"minecraft:big_dripleaf":1,"create:basin":1,"minecraft:grass":23,"minecraft:oak_log":121,"minecraft:dirt":102,"minecraft:gravel":130,"minecraft:sand":102,"minecraft:polished_andesite":1,"minecraft:oak_leaves":279},"minecraft:custom":{"minecraft:mob_kills":12,"minecraft:interact_with_crafting_table":30,"minecraft:leave_game":2,"minecraft:time_since_death":123310,"minecraft:climb_one_cm":15434,"champions:champion_mobs_killed":11,"minecraft:sprint_one_cm":137348,"minecraft:walk_one_cm":244662,"minecraft:drop":66,"minecraft:play_time":163076,"minecraft:deaths":2,"minecraft:sneak_time":5439,"minecraft:walk_under_water_one_cm":407,"minecraft:jump":832,"minecraft:walk_on_water_one_cm":1624,"minecraft:total_world_time":163076,"minecraft:interact_with_furnace":7,"minecraft:sleep_in_bed":1,"minecraft:time_since_rest":43380,"minecraft:damage_taken":988,"minecraft:damage_absorbed":2276,"minecraft:damage_dealt":2193,"minecraft:swim_one_cm":56,"minecraft:fly_one_cm":88944,"minecraft:open_chest":60,"minecraft:crouch_one_cm":19307,"minecraft:fall_one_cm":13924}},"DataVersion":2975}