{"stats":{"minecraft:broken":{"minecraft:golden_sword":2,"minecraft:stone_axe":1,"botania:manasteel_leggings":1,"justhammers:iron_impact_hammer":1,"minecraft:shield":1,"botania:manasteel_chestplate":1},"minecraft:killed":{"minecraft:cave_spider":2,"minecraft:skeleton":8,"minecraft:guardian":1,"minecraft:chicken":1,"minecraft:silverfish":3,"minecraft:piglin_brute":12,"minecraft:wolf":1,"minecraft:magma_cube":42,"minecraft:piglin":17,"minecraft:creeper":1,"minecraft:zombie":1,"minecraft:blaze":2,"minecraft:vex":3,"minecraft:endermite":1,"minecraft:zoglin":1,"minecraft:phantom":1,"minecraft:llama":2,"minecraft:husk":1,"minecraft:hoglin":7,"minecraft:wither_skeleton":7},"minecraft:crafted":{"mekanismtools:diamond_paxel":2,"minecraft:oak_planks":32,"mekanismtools:iron_paxel":2,"minecraft:diamond_shovel":2,"nethersdelight:hoglin_sirloin":18,"minecraft:glass":33,"minecraft:diamond_axe":3,"minecraft:spruce_planks":88,"ironchest:diamond_chest":5,"minecraft:diamond_pickaxe":2,"minecraft:shield":1,"minecraft:stick":28,"minecraft:iron_pickaxe":1,"minecraft:iron_axe":1,"minecraft:iron_hoe":1,"minecraft:stone_pickaxe":1,"create:electron_tube":1,"ironchest:gold_chest":5,"ae2:smooth_sky_stone_block":11,"minecraft:bucket":3,"minecraft:stone_axe":1,"minecraft:bread":21,"minecraft:air":0,"minecraft:cobblestone":4,"minecraft:iron_shovel":1,"create:zinc_ingot":1,"ironchest:iron_chest":5},"minecraft:picked_up":{"minecraft:nether_brick_fence":17,"minecraft:wither_rose":1,"minecraft:golden_sword":2,"minecraft:soul_soil":22,"minecraft:string":43,"minecraft:red_nether_bricks":15,"minecraft:oak_sign":1,"botania:manasteel_chestplate":1,"minecraft:gold_nugget":42,"minecraft:spruce_planks":8,"minecraft:redstone_torch":1,"minecraft:written_book":1,"minecraft:tipped_arrow":35,"minecraft:stick":3,"ftbstoneblock:mob_soul":103,"minecraft:jukebox":4,"ftbstoneblock:warm_silverfish_shard":1,"thermal:raw_lead":14,"minecraft:torch":9,"minecraft:dried_kelp":244,"minecraft:golden_axe":3,"minecraft:golden_chestplate":1,"minecraft:light_gray_bed":3,"minecraft:rotten_flesh":1,"minecraft:iron_block":7,"minecraft:cobblestone":993,"minecraft:crimson_hyphae":2,"minecraft:magma_block":23,"ftbstoneblock:2x_compressed_stone":4,"minecraft:leather_chestplate":1,"minecraft:feather":8,"minecraft:magma_cream":26,"jags:jags":2,"minecraft:golden_leggings":1,"minecraft:smoker":1,"minecraft:potato":26,"create:raw_zinc":72,"minecraft:flint":26,"minecraft:tuff":30,"minecraft:wither_skeleton_skull":4,"minecraft:lapis_lazuli":36,"minecraft:dirt":2,"minecraft:name_tag":1,"minecraft:bone":2,"minecraft:twisting_vines":11,"minecraft:glass":12,"ftbstoneblock:1x_compressed_dirt":2,"minecraft:bow":2,"minecraft:wheat_seeds":2,"ftbquests:book":1,"minecraft:glowstone_dust":13,"minecraft:moss_block":2,"minecraft:ghast_tear":12,"tconstruct:necrotic_bone":5,"minecraft:poisonous_potato":1,"minecraft:sand":64,"minecraft:barrel":33,"farmersdelight:glow_berry_custard":3,"minecraft:clay":20,"minecraft:diamond":30,"chancecubes:chance_cube":1,"ae2:certus_crystal_seed":80,"minecraft:golden_apple":14,"minecraft:golden_horse_armor":1,"minecraft:oak_sapling":35,"minecraft:netherrack":284,"minecraft:crimson_roots":20,"nethersdelight:hoglin_loin":7,"botania:lens_fire":1,"minecraft:nether_wart":5,"minecraft:ladder":1,"botania:manasteel_leggings":1,"minecraft:pink_wool":16,"minecraft:gold_block":5,"gravestone:obituary":22,"minecraft:shield":1,"botania:cosmetic_questgiver_mark":1,"ftbquests:lootcrate":17,"minecraft:moss_carpet":2,"minecraft:flint_and_steel":1,"minecraft:netherite_scrap":3,"minecraft:blackstone":2,"minecraft:jungle_sapling":4,"minecraft:iron_nugget":16,"minecraft:chest":60,"minecraft:birch_sapling":2,"minecraft:egg":2,"botania:magnet_ring":1,"minecraft:raw_iron":3,"minecraft:bowl":1,"minecraft:fire_charge":1,"minecraft:trident":1,"minecraft:redstone":42,"create:brass_casing":1,"minecraft:red_nether_brick_wall":1,"create:zinc_ingot":13,"chipped:blackstone_29":2,"minecraft:tnt":2,"minecraft:weeping_vines":10,"minecraft:arrow":3,"minecraft:saddle":2,"minecraft:glistering_melon_slice":8,"minecraft:glow_berries":102,"minecraft:nether_brick_wall":1,"ftbstoneblock:stonepebble":20,"minecraft:tripwire_hook":4,"minecraft:leather":59,"minicoal:mini_charcoal":1,"minecraft:crimson_fungus":12,"minecraft:oak_log":64,"minecraft:gunpowder":76,"minecraft:iron_ingot":13,"minecraft:glass_bottle":8,"minecraft:soul_sand":33,"botania:manasteel_helmet":1,"minecraft:quartz":13,"minecraft:cracked_nether_bricks":14,"minecraft:gravel":101,"powah:uraninite_raw":8,"minecraft:spruce_sapling":2,"minecraft:crying_obsidian":19,"mekanism:raw_osmium":4,"minecraft:firework_rocket":20,"minecraft:pumpkin_seeds":5,"minecraft:stone_axe":1,"mekanism:fluorite_gem":13,"minecraft:warped_roots":2,"minecraft:crimson_nylium":2,"minecraft:coal":1,"minecraft:ender_pearl":5},"minecraft:mined":{"minecraft:cave_vines_plant":2,"minecraft:light_gray_bed":4,"minecraft:spawner":5,"minecraft:weeping_vines_plant":5,"minecraft:iron_ore":2,"minecraft:fire":4,"minecraft:cave_vines":1,"mekanism:osmium_ore":4,"minecraft:blackstone":2,"minecraft:twisting_vines_plant":6,"minecraft:medium_amethyst_bud":1,"minecraft:soul_fire":3,"chipped:blackstone_29":1,"thermal:lead_ore":13,"minecraft:clay":2,"minecraft:chest":10,"create:brass_casing":1,"minecraft:cobblestone":14,"minecraft:wall_torch":2,"minecraft:nether_wart_block":1,"mekanism:fluorite_ore":2,"minecraft:tnt":1,"minecraft:grass":5,"minecraft:dirt":3,"minecraft:tripwire_hook":4,"minecraft:netherrack":18,"create:zinc_ore":24,"minecraft:tuff":10,"minecraft:nether_brick_wall":1,"gravestone:gravestone":30,"minecraft:crimson_roots":8,"minecraft:weeping_vines":1,"minecraft:moss_block":7,"minecraft:nether_sprouts":2,"minecraft:potatoes":7,"minecraft:deepslate_iron_ore":1,"minecraft:stone":198,"minecraft:soul_sand":5,"minecraft:snow_block":1,"minecraft:warped_roots":1,"minecraft:tall_grass":3,"minecraft:lapis_ore":3,"minecraft:red_nether_brick_wall":1,"minecraft:gravel":102,"minecraft:gold_ore":6,"minecraft:crimson_hyphae":2},"minecraft:custom":{"minecraft:interact_with_crafting_table":18,"minecraft:open_barrel":41,"minecraft:eat_cake_slice":13,"minecraft:leave_game":2,"minecraft:time_since_death":21109,"champions:champion_mobs_killed":110,"minecraft:sprint_one_cm":621182,"minecraft:damage_blocked_by_shield":2445,"minecraft:drop":162,"minecraft:play_time":231823,"minecraft:deaths":41,"minecraft:jump":2840,"minecraft:walk_on_water_one_cm":2593,"minecraft:interact_with_furnace":22,"minecraft:sleep_in_bed":7,"minecraft:damage_dealt":24897,"minecraft:player_kills":2,"minecraft:crouch_one_cm":36912,"minecraft:inspect_dispenser":27,"minecraft:horse_one_cm":196548,"minecraft:mob_kills":122,"minecraft:interact_with_anvil":2,"minecraft:climb_one_cm":7442,"minecraft:opened_chance_cube":7,"minecraft:walk_one_cm":387600,"minecraft:sneak_time":18108,"minecraft:interact_with_blast_furnace":2,"minecraft:total_world_time":231823,"minecraft:time_since_rest":21149,"minecraft:damage_taken":13783,"minecraft:damage_absorbed":251,"minecraft:trigger_trapped_chest":7,"minecraft:fly_one_cm":472078,"minecraft:open_chest":248,"minecraft:fall_one_cm":37060},"minecraft:killed_by":{"minecraft:wither_skeleton":3,"minecraft:piglin_brute":10,"minecraft:creeper":1,"minecraft:magma_cube":2,"minecraft:piglin":4,"minecraft:blaze":3,"minecraft:vex":3,"minecraft:endermite":1,"minecraft:player":8,"minecraft:hoglin":3,"minecraft:skeleton":1},"minecraft:dropped":{"minecraft:clay":16,"minecraft:respawn_anchor":1,"minecraft:ender_pearl":5,"minecraft:diamond":3,"minecraft:weeping_vines":10,"minecraft:glow_berries":62,"chipped:blackstone_29":1,"minecraft:warped_roots":2,"minecraft:flint":26,"ftbstoneblock:mob_soul":9,"minecraft:dirt":1,"minecraft:netherite_scrap":3,"minecraft:crimson_roots":1,"minecraft:jungle_sapling":4,"gravestone:obituary":27,"minecraft:gold_nugget":7,"minecraft:glistering_melon_slice":1,"minecraft:bone":1,"minecraft:crimson_fungus":6,"minecraft:stone_axe":1,"minecraft:iron_nugget":16,"minecraft:twisting_vines":2,"minecraft:birch_sapling":2,"minecraft:wheat":1,"minecraft:rotten_flesh":1,"minecraft:oak_planks":21,"botania:cosmetic_questgiver_mark":1,"minecraft:glowstone_dust":7,"ftbstoneblock:2x_compressed_stone":2,"minecraft:nether_brick_fence":17,"jags:jags":1,"ae2:certus_crystal_seed":40,"minecraft:leather_chestplate":1,"minecraft:tipped_arrow":34,"minecraft:gunpowder":71,"minecraft:ladder":1,"minecraft:chest":59,"minecraft:arrow":4,"minecraft:glass":12,"minecraft:crying_obsidian":16,"minecraft:written_book":1,"minecraft:netherrack":84,"minecraft:firework_rocket":9,"minecraft:egg":1,"minecraft:enchanted_book":1,"minecraft:bread":1,"minecraft:wheat_seeds":1,"minecraft:poisonous_potato":1,"minecraft:cobblestone":994,"minecraft:stick":7,"minecraft:dried_kelp":180,"ftbstoneblock:stonepebble":4,"minecraft:string":75,"minecraft:red_nether_brick_wall":1,"powah:uraninite_raw":8,"minecraft:redstone":147,"mekanismtools:diamond_paxel":2,"minecraft:nether_wart":5,"minecraft:jukebox":2,"minecraft:tuff":16,"minecraft:raw_iron":3,"ftbstoneblock:1x_compressed_dirt":2,"minecraft:smoker":1,"minecraft:oak_sign":1,"minecraft:spruce_planks":8,"minecraft:oak_sapling":35,"minecraft:barrel":32,"minecraft:magma_cream":6,"minecraft:crimson_hyphae":1},"minecraft:used":{"minecraft:moss_block":2,"ftbstoneblock:2x_compressed_stone":2,"minecraft:shield":90,"minecraft:soul_sand":48,"minecraft:carrot":4,"chancecubes:chance_cube":6,"farmersdelight:glow_berry_custard":3,"minecraft:golden_sword":67,"minecraft:written_book":1,"minecraft:egg":1,"minecraft:potato":24,"minecraft:stone_pickaxe":16,"minecraft:oak_planks":7,"minecraft:blackstone":2,"minecraft:ender_pearl":3,"minecraft:clay":19,"minecraft:golden_apple":9,"minecraft:glow_berries":54,"justhammers:iron_impact_hammer":1,"minecraft:crying_obsidian":3,"minecraft:bread":20,"mekanismtools:iron_paxel":768,"minecraft:gravel":3,"nethersdelight:hoglin_sirloin":21,"minecraft:fire_charge":1,"minecraft:trident":6,"ftbsbc:stone_hammer":6,"minecraft:netherrack":63,"minecraft:torch":1,"ironchest:diamond_chest":5,"minecraft:crimson_hyphae":1,"minecraft:golden_chestplate":1,"ars_nouveau:source_berry_pie":1,"minecraft:light_gray_bed":3,"minecraft:water_bucket":1,"nethersdelight:hoglin_loin":4,"chipped:blackstone_29":1,"minecraft:cake":1,"minecraft:oak_log":1,"minecraft:stone_axe":70,"minecraft:cobblestone":46,"minecraft:porkchop":2,"minecraft:bucket":4,"minecraft:jukebox":1}},"DataVersion":2975}