{"stats":{"minecraft:broken":{"mekanismtools:stone_paxel":1,"minecraft:golden_boots":2,"botania:manasteel_helmet":1,"minecraft:iron_sword":2,"minecraft:leather_helmet":1,"ftbsbc:fire_plow":8,"botania:manasteel_boots":1,"minecraft:turtle_helmet":1,"ftbsbc:stone_hammer":6,"mekanismtools:iron_paxel":3,"minecraft:diamond_boots":1,"woodenshears:wooden_shears":2,"botania:manasteel_leggings":1,"minecraft:diamond_chestplate":1,"justhammers:iron_hammer":4,"ftbsbc:stone_crook":1,"create:sand_paper":1},"minecraft:crafted":{"minecraft:oak_sign":3,"stonechest:chest_cobblestone":19,"minecraft:glass":18,"create:mechanical_press":1,"ftbstoneblock:1x_compressed_stone":6,"create:cogwheel":5,"minecraft:gravel":45,"ftbsbc:stone_rod":56,"minecraft:copper_ingot":18,"create:encased_fan":1,"minecraft:iron_pickaxe":1,"ftbsbc:stone_hammer":19,"minecraft:iron_block":1,"buddingcrystals:budding_emerald":1,"create:large_cogwheel":2,"create:propeller":1,"buddingcrystals:budding_diamond":1,"minecraft:composter":1,"minecraft:stone_shovel":1,"ftbsbc:stone_crook":6,"minecraft:stone_pickaxe":1,"create:electron_tube":1,"ae2:certus_crystal_seed":110,"minecraft:cobblestone":2,"minecraft:iron_shovel":1,"create:shaft":8,"ae2:sky_stone_block":11,"minecraft:oak_planks":84,"mekanismtools:iron_paxel":2,"minecraft:sand":45,"minecraft:stone":54,"create:deployer":1,"ftbstoneblock:1x_compressed_dirt":92,"minecraft:warped_planks":8,"minecraft:oak_button":41,"minecraft:stone_hoe":1,"create:brass_hand":1,"create:depot":2,"minecraft:oak_slab":12,"minecraft:cauldron":1,"woodenshears:wooden_shears":6,"minecraft:crafting_table":1,"create:sand_paper":1,"create:zinc_nugget":18,"ftbsbc:fire_plow":9,"ftbstoneblock:1x_compressed_sand":92,"mekanismtools:stone_paxel":1,"cobblefordays:tier_1":1,"minecraft:stick":164,"minecraft:iron_ingot":64,"minecraft:stone_sword":1,"create:empty_blaze_burner":1,"minecraft:polished_andesite":12,"minecraft:coarse_dirt":4,"stonechest:part_cobblestone":76,"minecraft:furnace":1,"ftbstoneblock:1x_compressed_gravel":92,"minecraft:flint_and_steel":1,"minecraft:iron_axe":1,"create:millstone":1,"create:andesite_alloy":9,"create:hand_crank":4,"minecraft:cyan_dye":1,"minecraft:iron_sword":1,"minecraft:dirt":9,"ae2:silicon":9,"minecraft:bucket":2,"minecraft:stone_axe":2,"minecraft:air":0,"ftbstoneblock:1x_compressed_cobblestone":92,"justhammers:iron_hammer":1,"projecte:cyan_alchemical_bag":1,"create:zinc_ingot":65,"minecraft:diamond_chestplate":1},"minecraft:killed":{"minecraft:cave_spider":4,"minecraft:zombie_horse":2,"minecraft:skeleton":46,"minecraft:fox":1,"minecraft:chicken":1,"minecraft:magma_cube":49,"minecraft:parrot":1,"minecraft:elder_guardian":1,"minecraft:pillager":18,"minecraft:zombie":115,"minecraft:glow_squid":1,"minecraft:evoker":2,"minecraft:endermite":6,"minecraft:vindicator":5,"minecraft:husk":1,"minecraft:enderman":2,"minecraft:zombified_piglin":4,"minecraft:witch":8,"minecraft:spider":11,"minecraft:bee":4,"minecraft:silverfish":41,"minecraft:piglin_brute":7,"minecraft:wolf":1,"minecraft:piglin":16,"minecraft:zombie_villager":2,"minecraft:creeper":13,"minecraft:ghast":1,"minecraft:stray":3,"minecraft:blaze":12,"minecraft:vex":8,"minecraft:slime":10,"minecraft:phantom":3,"minecraft:llama":5,"ars_nouveau:summon_wolf":1,"minecraft:drowned":1,"minecraft:hoglin":5,"ars_nouveau:wilden_stalker":7,"minecraft:wither_skeleton":17},"minecraft:picked_up":{"minecraft:wooden_axe":1,"minecraft:blue_candle":1,"compactmachines:personal_shrinking_device":1,"minecraft:iron_chestplate":6,"minecraft:flower_pot":2,"minecraft:stone_slab":7,"minecraft:diamond_sword":7,"minecraft:wither_rose":24,"minecraft:enchanted_book":21,"minecraft:golden_shovel":7,"minecraft:brewing_stand":1,"minecraft:golden_sword":18,"minecraft:amethyst_block":7,"minecraft:soul_soil":743,"minecraft:string":1572,"minecraft:dark_oak_trapdoor":1,"minecraft:ocelot_spawn_egg":1,"minecraft:cooked_salmon":1,"minecraft:red_nether_bricks":145,"botania:manasteel_chestplate":6,"minecraft:diamond_leggings":6,"minecraft:gold_nugget":628,"minecraft:crimson_fence":2,"minecraft:spruce_planks":12,"minecraft:written_book":3,"thermal:rf_potato":9,"minecraft:enchanted_golden_apple":7,"minecraft:coal_block":8,"minecraft:golden_helmet":11,"minecraft:beehive":7,"immersiveengineering:shader_bag_epic":42,"ftbstoneblock:mob_soul":144,"minecraft:jukebox":11,"minecraft:composter":17,"ftbstoneblock:warm_silverfish_shard":37,"minecraft:big_dripleaf":39,"create:andesite_casing":5,"entangled:item":1,"projecte:dark_matter":2,"minecraft:golden_axe":11,"minecraft:warped_button":15,"minecraft:warped_pressure_plate":8,"minecraft:warped_planks":49,"mcwdoors:metal_warning_door":4,"minecraft:deepslate_tile_stairs":2,"minecraft:golden_chestplate":88,"minecraft:rabbit_foot":2,"minecraft:light_gray_bed":2,"thermal:apatite":27,"botania:manasteel_ingot":1,"tconstruct:sky_slime_crystal":6,"minecraft:stone_sword":7,"minecraft:lime_carpet":378,"minecraft:honey_bottle":88,"rftoolsutility:crafter1":1,"farmersdelight:rope":40,"minecraft:iron_block":26,"projecte:alchemical_coal":1,"minecraft:glowstone":121,"minecraft:bookshelf":80,"minecraft:wolf_spawn_egg":22,"thermal:slag":11,"minecraft:blaze_rod":235,"farmersdelight:melon_juice":6,"minecraft:iron_bars":81,"minecraft:snowball":6,"ars_nouveau:manipulation_essence":2,"minecraft:magma_block":12,"minecraft:feather":48,"chipped:bone_block_10":24,"botania:manasteel_boots":1,"minecraft:water_bucket":4,"ars_nouveau:source_berry":5,"minecraft:powder_snow_bucket":2,"minecraft:flint":471,"farmersdelight:cooked_bacon":5,"luggage:luggage":38,"mcwfurnitures:acacia_drawer":4,"minecraft:lantern":1,"minecraft:brown_candle":9,"minecraft:twisting_vines":35,"ftbstoneblock:1x_compressed_dirt":3,"minecraft:chipped_anvil":8,"minecraft:warped_hyphae":2,"ftbstoneblock:1x_compressed_sand":2,"tconstruct:blood_slime_sapling":8,"industrialforegoing:range_addon0":1,"minecraft:llama_spawn_egg":1,"minecraft:glowstone_dust":109,"minecraft:diamond_helmet":1,"minecraft:gray_candle":25,"minecraft:moss_block":27,"minecraft:magenta_candle":20,"powah:thermo_generator_hardened":2,"bloodmagic:furnacecell_primitive":1,"functionalstorage:void_upgrade":2,"mekanismtools:stone_paxel":1,"minecraft:fermented_spider_eye":4,"minecraft:trapped_chest":36,"minecraft:barrel":53,"ftbsbc:stone_hammer":2,"ars_nouveau:apprentice_boots":1,"minecraft:polished_andesite":151,"minecraft:white_candle":1,"minecraft:dispenser":20,"farmersdelight:glow_berry_custard":6,"botanypots:light_blue_concrete_botany_pot":3,"minecraft:granite":2,"chiselsandbits:bit_bag":1,"tconstruct:blood_slime_grass_seeds":12,"minecraft:horse_spawn_egg":2,"minecraft:golden_horse_armor":3,"minecraft:bread":6,"minecraft:jack_o_lantern":12,"minecraft:dark_oak_fence":2,"minecraft:light_blue_candle":9,"minecraft:crimson_roots":125,"minecraft:diamond_pickaxe":20,"minecraft:crafting_table":1,"botania:lens_fire":5,"minecraft:nether_wart":72,"minecraft:clay_ball":1873,"minecraft:redstone_lamp":448,"minecraft:golden_pickaxe":5,"minecraft:leather_leggings":8,"minecraft:dragon_head":5,"gravestone:obituary":52,"minecraft:cornflower":108,"minecraft:pink_candle":3,"minecraft:flint_and_steel":58,"thermal:raw_nickel":7,"minecraft:netherite_scrap":3,"ars_nouveau:apprentice_hood":1,"minecraft:iron_shovel":1,"supplementaries:bomb":4,"minecraft:respawn_anchor":7,"thermal:niter":4,"minecraft:jungle_sapling":42,"minecraft:iron_nugget":1043,"minecraft:birch_sapling":24,"minecraft:chest":161,"minecraft:piston":8,"minecraft:diamond_hoe":3,"ars_nouveau:fire_essence":2,"minecraft:egg":2,"ars_nouveau:ritual_challenge":4,"minecraft:music_disc_mellohi":20,"minecraft:fire_charge":26,"minecraft:cake":1,"minecraft:carrot":2,"minecraft:redstone":386,"minecraft:prismarine_crystals":1,"minecraft:red_nether_brick_wall":6,"minecraft:chicken_spawn_egg":1,"minecraft:tnt":17,"tconstruct:sky_slime_ball":60,"minecraft:diamond_chestplate":1,"minecraft:cooked_cod":14,"immersiveengineering:cloche":6,"minecraft:beetroot_seeds":9,"minecraft:diamond_boots":1,"farmersdelight:hamburger":11,"create:depot":2,"farmersdelight:beef_stew":40,"chipped:glowstone_13":9,"minecraft:gold_ingot":182,"minecraft:totem_of_undying":4,"minecraft:glow_berries":553,"tconstruct:earth_slime_sapling":2,"minecraft:mutton":4,"minecraft:white_wool":4,"minecraft:clock":24,"shrink:shrinking_device":1,"minecraft:tripwire_hook":100,"minecraft:fox_spawn_egg":6,"minecraft:red_mushroom":203,"functionalstorage:redstone_upgrade":2,"ars_nouveau:wilden_wing":58,"mob_grinding_utils:tank":3,"minecraft:oak_log":153,"minecraft:ancient_debris":26,"minecraft:golden_boots":16,"minecraft:paper":4,"minecraft:white_banner":1,"bloodmagic:weakbloodorb":15,"minecraft:apple":74,"ars_nouveau:water_essence":9,"minecraft:cobweb":18,"minecraft:glass_bottle":13,"minecraft:iron_sword":2,"stonechest:chest_cobblestone":4,"ftbstoneblock:1x_compressed_gravel":2,"minecraft:polished_andesite_stairs":1,"minecraft:milk_bucket":2,"botania:manasteel_helmet":2,"projecte:mobius_fuel":4,"minecraft:gravel":2273,"powah:uraninite_raw":96,"projecte:white_alchemical_bag":1,"minecraft:spruce_sapling":14,"minecraft:orange_candle":3,"minecraft:crying_obsidian":401,"minecraft:leather_helmet":1,"minecraft:firework_rocket":1329,"minecraft:diamond_shovel":10,"minecraft:slime_ball":85,"immersiveengineering:seed":6,"minecraft:stone_axe":7,"minecraft:diamond_axe":2,"create:rose_quartz":2,"minecraft:warped_roots":6,"minecraft:lodestone":20,"farmersdelight:cooked_salmon_slice":26,"minecraft:melon_seeds":11,"minecraft:crimson_nylium":15,"minecraft:hopper":8,"minecraft:ender_pearl":60,"minecraft:shulker_shell":1,"minecraft:wheat":124,"minecraft:nether_brick_fence":153,"minecraft:potion":1,"botania:livingwood_twig":1,"minecraft:gilded_blackstone":179,"minecraft:stone_brick_stairs":1,"chancecubes:silk_touch_pendant":1,"minecraft:raw_copper":26,"minecraft:netherite_ingot":1,"minecraft:sticky_piston":3,"minecraft:iron_leggings":2,"minecraft:red_candle":12,"minecraft:zombie_head":6,"minecraft:experience_bottle":16,"minecraft:oak_sign":1,"thermal:sulfur":1,"minecraft:sea_pickle":22,"buddingcrystals:crystal_catalyst":28,"create:mechanical_press":1,"minecraft:bucket":1,"create:potato_cannon":2,"minecraft:redstone_torch":1,"minecraft:cobblestone_slab":1,"minecraft:azalea":2,"minecraft:wooden_shovel":2,"nethersdelight:hoglin_sirloin":2,"minecraft:iron_pickaxe":1,"functionalstorage:linking_tool":1,"minecraft:tipped_arrow":837,"minecraft:stick":106,"buddingcrystals:budding_emerald":1,"ironchest:crystal_chest":2,"minecraft:torch":231,"thermal:raw_lead":1,"minecraft:porkchop":41,"minecraft:snow_block":12,"minecraft:dried_kelp":1409,"minecraft:music_disc_pigstep":3,"minecraft:pointed_dripstone":2,"minecraft:diorite":12,"minecraft:vine":9,"supplementaries:flax":11,"create:large_cogwheel":2,"minecraft:quartz_block":113,"minecraft:rotten_flesh":169,"createaddition:chocolate_cake":4,"minecraft:music_disc_ward":9,"minecraft:guardian_spawn_egg":6,"ars_nouveau:whirlisprig_shards":3,"minecraft:music_disc_wait":5,"minecraft:obsidian":230,"minecraft:cod":45,"minecraft:blaze_powder":40,"minecraft:cobblestone":12151,"minecraft:crimson_hyphae":5,"mekanismtools:refined_glowstone_leggings":6,"farmersdelight:mixed_salad":20,"ftbstoneblock:dust":1780,"ftbstoneblock:2x_compressed_stone":18,"farmersdelight:smoked_ham":1,"minecraft:leather_chestplate":2,"minecraft:magma_cream":60,"minecraft:repeater":62,"jags:jags":4,"minecraft:andesite":1093,"thermal:phytogro":97,"minecraft:golden_leggings":47,"minecraft:potato":73,"minecraft:tuff":507,"ars_nouveau:earth_essence":6,"minecraft:wither_skeleton_skull":6,"minecraft:lapis_lazuli":346,"powah:energy_cable_basic":16,"minecraft:dirt":1126,"constructionwand:iron_wand":2,"mekanismtools:iron_paxel":1,"powah:dielectric_paste":79,"minecraft:name_tag":6,"minecraft:cobbled_deepslate_wall":1,"minecraft:bone":163,"ftbdripper:dripper":1,"itemcollectors:basic_collector":1,"powah:steel_energized":11,"minecraft:bow":30,"ars_nouveau:source_gem":2,"minecraft:wheat_seeds":8,"minecraft:green_candle":8,"minecraft:raw_gold":18,"minecraft:bamboo":6,"minecraft:fletching_table":1,"minecraft:cyan_candle":2,"projecte:purple_alchemical_bag":2,"simplylight:lamp_post":4,"minecraft:prismarine":8,"minecraft:stone_hoe":1,"minecraft:oak_planks":4,"minecraft:ghast_tear":12,"tconstruct:necrotic_bone":17,"minecraft:cooked_porkchop":12,"create:cogwheel":3,"minecraft:poisonous_potato":1,"minecraft:sand":1051,"stonechest:part_cobblestone":6,"minecraft:dead_bush":1,"ae2:certus_crystal_seed":281,"minecraft:sugar":7,"minecraft:clay":4,"minecraft:slime_block":36,"minecraft:diamond":165,"mekanismtools:steel_sword":1,"minecraft:polished_blackstone_pressure_plate":84,"minecraft:polished_blackstone_button":8,"chancecubes:chance_cube":47,"minecraft:crossbow":10,"supercircuitmaker:tiny_redstone":4,"minecraft:bone_meal":86,"minecraft:golden_apple":21,"minecraft:emerald":98,"minecraft:oak_sapling":229,"minecraft:netherrack":3155,"minecraft:oak_leaves":116,"minecraft:nether_star":2,"minecraft:lingering_potion":12,"nethersdelight:hoglin_loin":16,"minecraft:charcoal":16,"minecraft:splash_potion":15,"minecraft:chicken":10,"minecraft:ladder":2,"thermal:raw_silver":6,"minecraft:turtle_helmet":1,"thermal:cinnabar":34,"minecraft:brown_mushroom":14,"botania:manasteel_leggings":6,"torchbowmod:torchbow":7,"ars_nouveau:blue_archwood_sapling":4,"minecraft:gold_block":421,"minecraft:chain":24,"minecraft:brick":81,"tconstruct:earth_slime_crystal":8,"botania:cosmetic_questgiver_mark":8,"ars_nouveau:amplify_arrow":24,"ftbquests:lootcrate":92,"projecte:light_gray_alchemical_bag":2,"minecraft:moss_carpet":6,"minecraft:stone_stairs":6,"minecraft:warped_fence":10,"ars_nouveau:source_berry_pie":17,"minecraft:blackstone":1569,"minecraft:candle":23,"ars_nouveau:starbuncle_shards":1,"tconstruct:earth_slime_sling":1,"minecraft:spruce_trapdoor":1,"minecraft:phantom_membrane":21,"botania:magnet_ring":3,"minecraft:dark_oak_sapling":6,"minecraft:raw_iron":2,"minecraft:copper_ingot":110,"minecraft:mooshroom_spawn_egg":1,"minecraft:bowl":10,"ars_nouveau:purple_archwood_sapling":4,"minecraft:stone_button":3,"minecraft:cookie":488,"minecraft:music_disc_11":1,"create:hand_crank":4,"minecraft:trident":6,"tconstruct:ichor_slime_ball":18,"minecraft:iron_horse_armor":2,"powah:crystal_blazing":4,"chipped:blackstone_29":15,"create:deployer":1,"minecraft:purple_candle":8,"minecraft:lime_candle":21,"minecraft:arrow":414,"minecraft:weeping_vines":42,"botania:lava_pendant":3,"minecraft:pumpkin_pie":7,"minecraft:golden_hoe":6,"ae2:certus_quartz_dust":55,"minecraft:nether_bricks":130,"ars_nouveau:ring_of_lesser_discount":10,"industrialforegoing:straw":7,"immersiveengineering:shader":14,"farmersdelight:mushroom_rice":8,"farmersdelight:bacon_sandwich":6,"ftbstoneblock:cold_silverfish_shard":464,"minecraft:saddle":51,"minecraft:glistering_melon_slice":32,"minecraft:nether_brick_wall":14,"minecraft:skeleton_skull":29,"minecraft:wet_sponge":1,"minecraft:elder_guardian_spawn_egg":1,"ftbstoneblock:stonepebble":16,"minecraft:golden_carrot":52,"minecraft:glow_ink_sac":98,"buddingcrystals:budding_diamond":1,"minecraft:leather":413,"minecraft:music_disc_stal":2,"compactcrafting:field_projector":4,"botania:cosmetic_tiny_potato_mask":8,"minecraft:crimson_fungus":55,"create:andesite_alloy":18,"powah:energy_cable_starter":12,"minecraft:nether_wart_block":542,"minecraft:gunpowder":1105,"minecraft:cobblestone_stairs":1,"minecraft:wooden_hoe":2,"minecraft:deepslate_tile_slab":3,"minecraft:zombie_horse_spawn_egg":1,"tconstruct:sky_slime_sling":1,"ae2:sky_dust":20,"ars_nouveau:green_archwood_sapling":2,"farmersdelight:apple_cider":6,"farmersdelight:fruit_salad":2,"minecraft:iron_ingot":108,"tconstruct:bacon":4,"minecraft:polished_andesite_slab":41,"minecraft:soul_sand":1193,"minecraft:acacia_sapling":49,"minecraft:music_disc_chirp":8,"minecraft:book":60,"minecraft:scaffolding":6,"minecraft:warped_fungus":1,"minecraft:black_candle":10,"minecraft:stone_brick_slab":3,"minecraft:budding_amethyst":4,"minecraft:quartz":366,"botania:quartz_mana":25,"minecraft:lava_bucket":2,"minecraft:amethyst_shard":12,"mekanismtools:diamond_paxel":6,"minecraft:blast_furnace":1,"minecraft:dark_oak_fence_gate":1,"minecraft:spider_eye":14,"prettypipes:high_speed_module":4,"ars_nouveau:wilden_spike":9,"minecraft:music_disc_mall":7,"minecraft:pumpkin_seeds":3,"minecraft:dried_kelp_block":3,"create:brass_ingot":16,"minecraft:chainmail_leggings":1,"mekanism:fluorite_gem":9,"minecraft:coal":8},"minecraft:custom":{"minecraft:interact_with_crafting_table":109,"minecraft:open_barrel":94,"minecraft:bell_ring":4,"minecraft:eat_cake_slice":15,"minecraft:leave_game":2,"minecraft:time_since_death":66859,"champions:champion_mobs_killed":418,"minecraft:play_time":601078,"minecraft:deaths":31,"minecraft:jump":5899,"minecraft:interact_with_furnace":89,"minecraft:damage_dealt":69326,"minecraft:horse_one_cm":51679,"minecraft:use_cauldron":8,"minecraft:inspect_dispenser":4,"minecraft:interact_with_anvil":2,"minecraft:opened_chance_cube":75,"minecraft:damage_dealt_absorbed":40,"minecraft:sneak_time":37578,"minecraft:interact_with_blast_furnace":2,"minecraft:total_world_time":601078,"minecraft:time_since_rest":66882,"minecraft:swim_one_cm":4675,"minecraft:fly_one_cm":1102289,"minecraft:open_chest":1228,"minecraft:fall_one_cm":94104,"minecraft:sprint_one_cm":780751,"minecraft:drop":3705,"minecraft:walk_on_water_one_cm":78129,"minecraft:player_kills":8,"minecraft:crouch_one_cm":96317,"minecraft:mob_kills":466,"minecraft:damage_dealt_resisted":152,"minecraft:climb_one_cm":17331,"minecraft:walk_one_cm":936803,"minecraft:walk_under_water_one_cm":3464,"minecraft:opened_giant_chance_cube":1,"minecraft:damage_taken":19452,"minecraft:damage_absorbed":605,"minecraft:trigger_trapped_chest":6},"minecraft:mined":{"minecraft:dragon_wall_head":1,"create:andesite_casing":6,"minecraft:obsidian":64,"ftbstoneblock:1x_compressed_gravel":64,"minecraft:light_gray_bed":2,"minecraft:coal_block":8,"minecraft:crimson_fungus":1,"minecraft:oak_wall_sign":1,"minecraft:spawner":21,"minecraft:weeping_vines_plant":8,"ironchest:crystal_chest":1,"minecraft:magma_block":16,"minecraft:dark_oak_trapdoor":1,"minecraft:barrel":92,"minecraft:sticky_piston":1,"minecraft:fire":6,"minecraft:moss_carpet":1,"minecraft:granite_slab":1,"minecraft:fletching_table":1,"minecraft:twisting_vines":2,"minecraft:cave_vines":9,"minecraft:oak_sign":2,"mcwdoors:metal_warning_door":2,"minecraft:spruce_wood":55,"minecraft:iron_block":1,"create:mechanical_press":1,"stonechest:chest_cobblestone":3,"minecraft:tripwire":25,"create:cogwheel":2,"minecraft:brown_mushroom":10,"minecraft:smoker":1,"minecraft:soul_fire":20,"minecraft:amethyst_cluster":1,"minecraft:torch":5,"minecraft:blast_furnace":1,"minecraft:amethyst_block":7,"minecraft:repeater":4,"minecraft:jukebox":2,"minecraft:stone_brick_stairs":1,"minecraft:wither_rose":7,"minecraft:grass":9,"create:hand_crank":2,"minecraft:nether_brick_wall":1,"minecraft:nether_bricks":1,"minecraft:dark_oak_fence":4,"minecraft:crimson_roots":3,"minecraft:redstone_wire":3,"minecraft:moss_block":74,"minecraft:red_mushroom":5,"minecraft:andesite":603,"minecraft:big_dripleaf_stem":6,"minecraft:potatoes":2,"create:deployer":1,"minecraft:green_candle":2,"minecraft:soul_sand":6,"minecraft:stone_brick_slab":1,"minecraft:cobbled_deepslate_wall":1,"minecraft:warped_roots":1,"minecraft:tall_grass":9,"minecraft:big_dripleaf":2,"minecraft:trapped_chest":6,"minecraft:stripped_spruce_wood":1,"minecraft:gravel":419,"minecraft:cobweb":196,"minecraft:chipped_anvil":4,"ftbstoneblock:1x_compressed_cobblestone":65,"minecraft:fern":1,"minecraft:spruce_planks":3,"minecraft:oak_sapling":1,"minecraft:spruce_trapdoor":1,"minecraft:cave_vines_plant":7,"ftbsbc:bits_spawner":2,"minecraft:soul_soil":64,"ftbstoneblock:1x_compressed_dirt":92,"minecraft:composter":7,"minecraft:pointed_dripstone":3,"minecraft:iron_bars":1,"minecraft:azalea":2,"powah:energy_cable_basic":4,"minecraft:quartz_block":2,"minecraft:twisting_vines_plant":5,"minecraft:clay":71,"minecraft:chest":81,"mob_grinding_utils:tank":3,"minecraft:cobblestone":370,"minecraft:slime_block":9,"minecraft:wall_torch":3,"minecraft:nether_wart_block":5,"minecraft:warped_planks":7,"minecraft:tnt":18,"minecraft:oak_log":90,"minecraft:sand":19,"minecraft:dirt":59,"minecraft:tripwire_hook":20,"minecraft:dispenser":20,"minecraft:ancient_debris":1,"minecraft:netherrack":325,"minecraft:oak_leaves":362,"minecraft:gray_candle":1,"minecraft:tuff":12,"gravestone:gravestone":26,"create:large_cogwheel":2,"minecraft:weeping_vines":3,"create:depot":2,"minecraft:polished_andesite_slab":6,"ftbstoneblock:dust":24,"powah:thermo_generator_hardened":1,"minecraft:dark_oak_fence_gate":1,"minecraft:bookshelf":12,"minecraft:stone":375,"minecraft:scaffolding":3,"minecraft:warped_fence":10,"ftbstoneblock:2x_compressed_stone":2,"ftbstoneblock:1x_compressed_sand":92,"minecraft:lime_carpet":27,"minecraft:stone_slab":3,"minecraft:sea_pickle":1,"minecraft:beehive":1,"minecraft:warped_hyphae":1,"minecraft:polished_andesite":6,"minecraft:small_dripleaf":1},"minecraft:killed_by":{"minecraft:piglin_brute":7,"minecraft:vindicator":1,"minecraft:zombie":2,"minecraft:wither_skeleton":3,"minecraft:creeper":2,"minecraft:piglin":1,"minecraft:cave_spider":1,"minecraft:blaze":1,"minecraft:endermite":1,"minecraft:player":5,"minecraft:hoglin":1,"minecraft:skeleton":2},"minecraft:dropped":{"farmersdelight:hamburger":4,"minecraft:clay":12,"minecraft:iron_sword":2,"minecraft:piston":4,"minecraft:porkchop":47,"minecraft:lapis_lazuli":95,"minecraft:respawn_anchor":6,"chipped:glowstone_13":8,"minecraft:glow_ink_sac":115,"minecraft:glass_bottle":45,"minecraft:diamond":145,"minecraft:cooked_porkchop":12,"minecraft:crossbow":11,"minecraft:weeping_vines":42,"farmersdelight:cooked_bacon":8,"minecraft:cookie":472,"minecraft:glow_berries":176,"minecraft:warped_roots":6,"create:cogwheel":2,"ars_nouveau:earth_essence":5,"minecraft:fletching_table":1,"minecraft:saddle":50,"minecraft:brown_banner":1,"nethersdelight:hoglin_loin":12,"minecraft:leather_helmet":1,"minecraft:red_mushroom":203,"botania:manasteel_leggings":7,"minecraft:emerald":71,"minecraft:gold_block":406,"minecraft:dirt":9,"botania:manasteel_boots":1,"constructionwand:iron_wand":2,"ars_nouveau:ring_of_lesser_discount":8,"minecraft:stone_button":3,"minecraft:dark_oak_fence":1,"buddingcrystals:budding_emerald":1,"minecraft:dark_oak_trapdoor":1,"ars_nouveau:fire_essence":2,"darkutils:vector_plate":4,"minecraft:jack_o_lantern":9,"minecraft:jungle_sapling":36,"chipped:bone_block_10":23,"minecraft:chain":37,"minecraft:gold_nugget":659,"supplementaries:flax":16,"powah:dielectric_paste":124,"minecraft:phantom_membrane":28,"minecraft:gray_candle":31,"minecraft:sand":372,"tconstruct:sky_slime_ball":45,"minecraft:sugar":7,"minecraft:iron_pickaxe":1,"minecraft:lime_candle":45,"minecraft:fermented_spider_eye":5,"minecraft:music_disc_stal":4,"ars_nouveau:source_gem":2,"minecraft:bone":218,"minecraft:green_candle":24,"minecraft:stone_axe":6,"minecraft:ancient_debris":23,"minecraft:music_disc_chirp":8,"minecraft:iron_nugget":973,"minecraft:polished_andesite_slab":41,"minecraft:golden_chestplate":86,"ars_nouveau:whirlisprig_shards":4,"minecraft:birch_sapling":20,"minecraft:wheat":60,"minecraft:obsidian":222,"powah:crystal_blazing":4,"minecraft:enchanted_golden_apple":7,"minecraft:rotten_flesh":376,"ftbsbc:stone_crook":5,"botania:cosmetic_questgiver_mark":8,"minecraft:oak_planks":1,"minecraft:glowstone_dust":105,"create:potato_cannon":4,"minecraft:blaze_powder":49,"minecraft:music_disc_far":1,"powah:energy_cable_starter":12,"botania:lens_fire":5,"minecraft:nether_brick_fence":153,"minecraft:golden_shovel":6,"justhammers:iron_hammer":1,"jags:jags":6,"minecraft:warped_planks":43,"botania:manasteel_ingot":1,"minecraft:rabbit_foot":2,"projecte:alchemical_coal":2,"minecraft:tipped_arrow":910,"minecraft:red_candle":57,"compactmachines:personal_shrinking_device":1,"minecraft:charcoal":60,"botanypots:light_blue_concrete_botany_pot":3,"minecraft:quartz_block":112,"minecraft:acacia_sapling":44,"minecraft:hopper":15,"minecraft:music_disc_mall":8,"minecraft:leather_boots":1,"farmersdelight:mixed_salad":14,"minecraft:ladder":1,"farmersdelight:rope":40,"minecraft:leather_leggings":6,"minecraft:brown_candle":18,"mcwfurnitures:acacia_drawer":4,"minecraft:red_nether_bricks":123,"minecraft:crying_obsidian":321,"minecraft:ghast_tear":6,"prettypipes:high_speed_module":4,"minecraft:stone_brick_stairs":4,"powah:magmator_starter":1,"minecraft:egg":6,"mekanism:fluorite_gem":7,"farmersdelight:tomato_seeds":3,"minecraft:enchanted_book":21,"minecraft:golden_boots":14,"minecraft:iron_ingot":111,"minecraft:wolf_spawn_egg":22,"create:rose_quartz":2,"minecraft:mooshroom_spawn_egg":1,"minecraft:wheat_seeds":10,"minecraft:clock":24,"minecraft:tnt":17,"minecraft:golden_horse_armor":3,"ars_nouveau:apprentice_boots":1,"minecraft:guardian_spawn_egg":6,"minecraft:feather":47,"minecraft:cobblestone":10084,"minecraft:book":69,"minecraft:elder_guardian_spawn_egg":1,"minecraft:apple":33,"minecraft:granite":1,"ftbdripper:dripper":1,"minecraft:music_disc_pigstep":3,"minecraft:deepslate_tile_slab":27,"minecraft:chicken_spawn_egg":1,"minecraft:polished_blackstone_button":8,"minecraft:chainmail_helmet":1,"minecraft:coal":8,"minecraft:golden_apple":22,"minecraft:coal_block":48,"minecraft:polished_andesite":151,"minecraft:lava_bucket":2,"minecraft:cobweb":18,"minecraft:diamond_horse_armor":1,"minecraft:dried_kelp_block":9,"immersiveengineering:cloche":6,"tconstruct:necrotic_bone":10,"minecraft:golden_carrot":35,"minecraft:wooden_hoe":3,"minecraft:lodestone":19,"minecraft:wooden_axe":3,"minecraft:rabbit":4,"minecraft:lime_carpet":378,"minecraft:cooked_salmon":7,"minecraft:diamond_helmet":2,"projecte:dark_matter":4,"minecraft:potion":2,"minecraft:dead_bush":5,"minecraft:dried_kelp":1581,"minecraft:golden_hoe":3,"minecraft:white_banner":2,"ftbstoneblock:stonepebble":2,"thermal:rf_potato":9,"minecraft:chipped_anvil":8,"minecraft:iron_shovel":3,"minecraft:chainmail_leggings":3,"minecraft:paper":7,"minecraft:string":1858,"minecraft:trapped_chest":35,"minecraft:blue_candle":35,"create:raw_zinc":48,"powah:uraninite_raw":96,"minecraft:red_nether_brick_wall":6,"minecraft:spruce_sapling":12,"minecraft:stone_brick_slab":1,"farmersdelight:glow_berry_custard":6,"minecraft:snow_block":12,"farmersdelight:melon_juice":4,"minecraft:furnace":1,"chiselsandbits:magnifying_glass":1,"minecraft:moss_carpet":2,"ars_nouveau:manipulation_essence":2,"minecraft:soul_soil":857,"ars_nouveau:source_berry":2,"minecraft:stone_sword":8,"minecraft:cobblestone_wall":1,"minecraft:bowl":26,"minecraft:sticky_piston":3,"minecraft:diamond_hoe":3,"minecraft:experience_bottle":6,"minecraft:chicken":15,"farmersdelight:beef_stew":45,"minecraft:clay_ball":2060,"torchbowmod:torchbow":7,"minecraft:slime_block":27,"minecraft:stone_slab":8,"minecraft:name_tag":6,"minecraft:budding_amethyst":8,"minecraft:nether_bricks":130,"minecraft:pumpkin_seeds":5,"minecraft:blast_furnace":2,"minecraft:diamond_sword":7,"minecraft:big_dripleaf":10,"mekanismtools:steel_sword":1,"tconstruct:sky_slime_sling":1,"minecraft:cobblestone_slab":5,"minecraft:flower_pot":5,"minecraft:sea_pickle":27,"minecraft:powder_snow_bucket":5,"minecraft:spruce_planks":9,"create:zinc_ingot":105,"minecraft:diamond_pickaxe":16,"ftbstoneblock:dust":1792,"thermal:phytogro":119,"minecraft:wooden_shovel":2,"ars_nouveau:starbuncle_shards":1,"minecraft:redstone_torch":1,"minecraft:bamboo":15,"minecraft:barrel":228,"minecraft:spider_eye":23,"minecraft:warped_button":15,"farmersdelight:mushroom_rice":6,"minecraft:bow":33,"minecraft:purple_candle":10,"minecraft:horse_spawn_egg":2,"farmersdelight:apple_cider":1,"ars_nouveau:source_berry_pie":20,"ars_nouveau:amplify_arrow":24,"minecraft:crimson_hyphae":5,"minecraft:magma_block":9,"ironchest:crystal_chest":1,"minecraft:crimson_nylium":15,"minecraft:brown_mushroom":24,"minecraft:candle":270,"minecraft:soul_sand":1198,"minecraft:moss_block":17,"minecraft:llama_spawn_egg":2,"minecraft:diamond_axe":2,"minecraft:warped_fungus":1,"minecraft:oak_log":63,"minecraft:golden_pickaxe":6,"minecraft:ender_pearl":60,"minecraft:nether_star":4,"minecraft:dark_oak_sapling":4,"botania:lava_pendant":1,"ftbstoneblock:warm_silverfish_shard":28,"chipped:blackstone_29":15,"minecraft:lantern":1,"minecraft:deepslate_tile_wall":3,"minecraft:leather":420,"createaddition:chocolate_cake":4,"tconstruct:blood_slime_sapling":8,"minecraft:iron_horse_armor":1,"chancecubes:chance_cube":21,"luggage:luggage":39,"minecraft:cod":54,"minecraft:flint":434,"minecraft:music_disc_11":1,"minecraft:cobblestone_stairs":9,"ftbstoneblock:mob_soul":168,"minecraft:deepslate_tile_stairs":39,"minecraft:warped_pressure_plate":6,"minecraft:redstone_lamp":442,"minecraft:netherite_scrap":2,"minecraft:polished_blackstone_pressure_plate":84,"minecraft:dispenser":20,"botania:manasteel_helmet":4,"minecraft:cornflower":112,"minecraft:mutton":6,"minecraft:crimson_roots":120,"minecraft:cooked_cod":12,"minecraft:snowball":6,"minecraft:gilded_blackstone":174,"gravestone:obituary":93,"minecraft:pumpkin_pie":11,"botania:quartz_mana":39,"farmersdelight:cooked_salmon_slice":34,"minecraft:glistering_melon_slice":32,"create:large_cogwheel":1,"industrialforegoing:straw":8,"minecraft:gold_ingot":202,"stonechest:part_cobblestone":3,"minecraft:gravel":1071,"minecraft:blackstone":1876,"minecraft:crimson_fungus":50,"ars_nouveau:wilden_spike":21,"minecraft:music_disc_otherside":1,"minecraft:twisting_vines":33,"minecraft:pointed_dripstone":4,"minecraft:prismarine":16,"ftbstoneblock:2x_compressed_stone":18,"minecraft:white_candle":1,"minecraft:diamond_shovel":9,"minecraft:beehive":13,"bloodmagic:weakbloodorb":15,"minecraft:stone_stairs":8,"ae2:certus_crystal_seed":510,"minecraft:honey_bottle":99,"ars_nouveau:water_essence":9,"minecraft:carrot":2,"ae2:sky_dust":3,"minecraft:shulker_shell":1,"minecraft:leather_chestplate":3,"tconstruct:bacon":4,"minecraft:trident":8,"minecraft:gunpowder":1747,"minecraft:ocelot_spawn_egg":1,"ars_nouveau:apprentice_hood":1,"minecraft:skeleton_skull":21,"minecraft:glowstone":114,"minecraft:beetroot_seeds":9,"minecraft:melon_seeds":5,"minecraft:lingering_potion":11,"minecraft:chest":221,"minecraft:azalea":5,"minecraft:chainmail_boots":1,"create:brass_ingot":48,"minecraft:water_bucket":5,"minecraft:iron_bars":84,"minecraft:arrow":288,"minecraft:written_book":3,"compactcrafting:field_projector":4,"minecraft:scaffolding":16,"minecraft:quartz":362,"immersiveengineering:seed":1,"minecraft:splash_potion":14,"minecraft:netherrack":3330,"create:andesite_alloy":18,"minecraft:firework_rocket":1311,"minecraft:stone_hoe":1,"minecraft:bread":10,"minecraft:light_blue_candle":9,"minecraft:golden_helmet":10,"tconstruct:blood_slime_grass_seeds":12,"minecraft:bookshelf":80,"buddingcrystals:crystal_catalyst":16,"minecraft:diamond_leggings":6,"minecraft:poisonous_potato":1,"minecraft:golden_axe":8,"farmersdelight:bacon_sandwich":1,"minecraft:amethyst_block":7,"powah:steel_energized":13,"minecraft:copper_ingot":185,"minecraft:nether_brick_wall":14,"minecraft:orange_candle":9,"minecraft:stick":227,"minecraft:iron_block":20,"minecraft:black_candle":10,"botania:manasteel_chestplate":6,"ftbsbc:stone_hammer":8,"minecraft:milk_bucket":4,"minecraft:diorite":13,"minecraft:brewing_stand":1,"minecraft:torch":345,"minecraft:nether_wart_block":521,"minecraft:repeater":66,"minecraft:zombie_head":5,"minecraft:fire_charge":48,"immersiveengineering:shader_bag_epic":32,"minecraft:iron_leggings":4,"minecraft:zombie_horse_spawn_egg":2,"minecraft:music_disc_strad":1,"minecraft:cyan_candle":40,"minecraft:wither_rose":19,"minecraft:music_disc_ward":8,"minecraft:polished_andesite_stairs":1,"minecraft:music_disc_wait":6,"minecraft:bucket":1,"minecraft:tripwire_hook":80,"farmersdelight:shepherds_pie":4,"minecraft:music_disc_cat":1,"ars_nouveau:wilden_wing":62,"minecraft:redstone":327,"buddingcrystals:budding_diamond":1,"mekanismtools:diamond_paxel":4,"nethersdelight:hoglin_sirloin":2,"minecraft:dragon_head":4,"tconstruct:ichor_slime_ball":5,"minecraft:nether_wart":67,"minecraft:blaze_rod":234,"minecraft:raw_copper":2,"minecraft:jukebox":11,"thermal:raw_lead":1,"thermal:slag":11,"minecraft:tuff":518,"supplementaries:bomb":4,"minecraft:raw_iron":4,"minecraft:composter":21,"botania:magnet_ring":3,"minecraft:wither_skeleton_skull":3,"minecraft:iron_hoe":1,"minecraft:smoker":1,"minecraft:pink_candle":4,"ftbstoneblock:cold_silverfish_shard":502,"minecraft:light_gray_candle":27,"immersiveengineering:shader":17,"minecraft:flint_and_steel":57,"minecraft:diamond_chestplate":3,"supplementaries:flint_block":1,"minecraft:iron_chestplate":5,"minecraft:warped_fence":10,"minecraft:andesite":656,"minecraft:fox_spawn_egg":6,"minecraft:cake":3,"minecraft:magenta_candle":16,"tconstruct:earth_slime_sapling":6,"minecraft:golden_leggings":43,"minecraft:oak_sapling":64,"supercircuitmaker:tiny_redstone":12,"minecraft:golden_sword":16,"projecte:mobius_fuel":6,"mekanismtools:refined_glowstone_leggings":5,"minecraft:slime_ball":97,"minecraft:music_disc_mellohi":20,"minecraft:magma_cream":54,"botania:cosmetic_tiny_potato_mask":8,"ftbquests:lootcrate":77,"minecraft:brick":109,"ars_nouveau:ritual_challenge":3},"minecraft:used":{"minecraft:moss_block":4,"farmersdelight:mixed_salad":9,"create:deployer":2,"minecraft:chest":1,"minecraft:stone":2,"woodenshears:wooden_shears":116,"minecraft:soul_sand":27,"create:depot":4,"minecraft:lava_bucket":15,"minecraft:quartz_block":1,"simplylight:lamp_post":2,"farmersdelight:bacon_sandwich":6,"farmersdelight:glow_berry_custard":2,"minecraft:bow":133,"minecraft:oak_sapling":20,"minecraft:cooked_cod":13,"minecraft:furnace":1,"farmersdelight:beef_stew":3,"minecraft:potato":56,"mcwdoors:metal_warning_door":2,"farmersdelight:hamburger":9,"minecraft:composter":1,"minecraft:oak_leaves":6,"minecraft:cookie":3,"minecraft:golden_apple":1,"minecraft:glow_berries":224,"minecraft:sand":19,"mob_grinding_utils:tank":4,"mekanismtools:iron_paxel":1464,"gag:time_sand_pouch":23,"powah:thermo_generator_hardened":2,"minecraft:nether_wart_block":3,"minecraft:diamond_sword":628,"minecraft:dark_oak_fence":1,"minecraft:stone_sword":80,"ftbsbc:fire_plow":32,"powah:energizing_rod_starter":1,"ftbsbc:stone_hammer":1055,"minecraft:netherrack":134,"minecraft:torch":5,"minecraft:twisting_vines":1,"chancecubes:compact_giant_chance_cube":1,"minecraft:iron_block":1,"minecraft:totem_of_undying":4,"minecraft:barrel":1,"minecraft:diamond_chestplate":1,"cobblefordays:tier_1":1,"stonechest:chest_cobblestone":21,"minecraft:water_bucket":4,"mob_grinding_utils:solid_xp_baby":4,"tconstruct:bacon":4,"mekanismtools:stone_paxel":290,"minecraft:cauldron":1,"create:blaze_burner":1,"create:encased_fan":1,"minecraft:crafting_table":2,"supplementaries:bomb":2,"botania:manasteel_helmet":1,"minecraft:dark_oak_fence_gate":1,"justhammers:iron_hammer":516,"minecraft:oak_log":6,"minecraft:diamond_pickaxe":3,"minecraft:spruce_trapdoor":1,"minecraft:cobblestone":494,"minecraft:candle":1,"jags:jags":1,"minecraft:moss_carpet":1,"minecraft:oak_sign":2,"minecraft:iron_sword":525,"farmersdelight:melon_juice":5,"minecraft:iron_chestplate":1,"create:cogwheel":7,"minecraft:tuff":21,"minecraft:beehive":1,"mekanismtools:diamond_paxel":731,"minecraft:honey_bottle":28,"minecraft:big_dripleaf":7,"ftbstoneblock:1x_compressed_dirt":92,"chancecubes:chance_cube":65,"create:millstone":1,"minecraft:magma_block":1,"minecraft:written_book":2,"ftbstoneblock:1x_compressed_sand":92,"minecraft:golden_boots":1,"minecraft:diamond_boots":1,"minecraft:white_wool":4,"justhammers:iron_impact_hammer":129,"minecraft:crossbow":1,"minecraft:firework_rocket":10,"minecraft:bread":16,"create:potato_cannon":1,"minecraft:gravel":325,"ars_nouveau:apprentice_boots":1,"minecraft:andesite":14,"create:large_cogwheel":6,"minecraft:coarse_dirt":4,"ftbsbc:stone_crook":259,"minecraft:bone_meal":15,"minecraft:experience_bottle":10,"ironchest:crystal_chest":1,"minecraft:flint_and_steel":2,"powah:energy_cable_basic":16,"minecraft:stone_hoe":129,"minecraft:dirt":100,"minecraft:granite":1,"minecraft:stone_brick_slab":2,"farmersdelight:mushroom_rice":3,"farmersdelight:cooked_salmon_slice":4,"minecraft:golden_carrot":44,"ftbstoneblock:1x_compressed_cobblestone":92,"ftbstoneblock:1x_compressed_gravel":92,"minecraft:light_gray_bed":2,"minecraft:iron_leggings":1,"botania:manasteel_boots":1,"minecraft:warped_planks":7,"farmersdelight:apple_cider":3,"minecraft:apple":36,"create:mechanical_press":2,"minecraft:stone_slab":2,"torchbowmod:torchbow":12,"minecraft:stone_axe":78,"minecraft:bucket":57,"minecraft:pumpkin_pie":7,"farmersdelight:fruit_salad":1,"create:hand_crank":8,"minecraft:splash_potion":1,"minecraft:chainmail_leggings":1}},"DataVersion":2975}