{"stats":{"minecraft:dropped":{"farmersdelight:hamburger":1,"minecraft:candle":2,"minecraft:brown_mushroom":11,"minecraft:soul_sand":125,"minecraft:diamond_axe":1,"minecraft:respawn_anchor":2,"minecraft:lapis_lazuli":9,"minecraft:glow_ink_sac":32,"minecraft:ender_pearl":9,"minecraft:glass_bottle":6,"minecraft:diamond":15,"minecraft:glow_berries":107,"minecraft:warped_roots":2,"minecraft:lantern":1,"create:cogwheel":2,"ars_nouveau:earth_essence":2,"minecraft:fletching_table":1,"minecraft:saddle":1,"minecraft:red_mushroom":5,"minecraft:cod":9,"minecraft:emerald":11,"minecraft:flint":4,"ftbstoneblock:mob_soul":23,"minecraft:warped_pressure_plate":6,"minecraft:dirt":9,"constructionwand:iron_wand":2,"powah:dielectric_paste":16,"minecraft:pumpkin_pie":3,"minecraft:chain":22,"gravestone:obituary":3,"botania:quartz_mana":16,"minecraft:phantom_membrane":5,"minecraft:gray_candle":21,"minecraft:sand":253,"minecraft:sugar":3,"create:large_cogwheel":1,"minecraft:lime_candle":7,"minecraft:music_disc_stal":1,"minecraft:gold_ingot":16,"ars_nouveau:source_gem":2,"minecraft:bone":13,"stonechest:part_cobblestone":3,"minecraft:gravel":671,"ars_nouveau:whirlisprig_shards":3,"minecraft:twisting_vines":18,"minecraft:wheat":60,"minecraft:pointed_dripstone":1,"minecraft:blaze_powder":10,"ftbsbc:stone_crook":5,"minecraft:rotten_flesh":64,"botania:cosmetic_questgiver_mark":4,"minecraft:oak_planks":1,"minecraft:beehive":4,"bloodmagic:weakbloodorb":4,"justhammers:iron_hammer":1,"minecraft:honey_bottle":5,"botania:manasteel_ingot":1,"minecraft:rabbit_foot":2,"minecraft:carrot":1,"minecraft:leather_chestplate":1,"minecraft:tipped_arrow":8,"minecraft:gunpowder":10,"minecraft:beetroot_seeds":3,"minecraft:lingering_potion":1,"minecraft:music_disc_mall":2,"minecraft:chainmail_boots":1,"minecraft:chest":16,"minecraft:leather_leggings":1,"farmersdelight:rope":16,"minecraft:iron_bars":1,"minecraft:arrow":14,"minecraft:scaffolding":5,"minecraft:stone_brick_stairs":1,"minecraft:splash_potion":3,"minecraft:enchanted_book":2,"minecraft:light_blue_candle":9,"minecraft:wheat_seeds":5,"minecraft:tnt":12,"minecraft:guardian_spawn_egg":2,"minecraft:cobblestone":449,"minecraft:book":6,"minecraft:apple":9,"powah:steel_energized":8,"minecraft:granite":1,"ftbdripper:dripper":1,"minecraft:copper_ingot":70,"minecraft:chicken_spawn_egg":1,"minecraft:chainmail_helmet":1,"minecraft:golden_apple":8,"minecraft:coal_block":8,"minecraft:stick":175,"minecraft:dried_kelp_block":3,"botania:manasteel_chestplate":2,"ftbsbc:stone_hammer":8,"minecraft:brewing_stand":1,"minecraft:golden_carrot":4,"minecraft:torch":9,"minecraft:repeater":2,"minecraft:cooked_salmon":1,"minecraft:zombie_head":1,"minecraft:fire_charge":11,"minecraft:iron_leggings":1,"minecraft:dried_kelp":27,"minecraft:cyan_candle":2,"minecraft:music_disc_ward":3,"minecraft:chainmail_leggings":2,"minecraft:string":11,"ars_nouveau:wilden_wing":3,"minecraft:stone_brick_slab":1,"farmersdelight:glow_berry_custard":1,"minecraft:redstone":4,"farmersdelight:melon_juice":1,"minecraft:raw_copper":2,"minecraft:bowl":3,"thermal:slag":11,"minecraft:composter":1,"minecraft:experience_bottle":6,"minecraft:clay_ball":40,"torchbowmod:torchbow":1,"minecraft:stone_slab":2,"minecraft:budding_amethyst":2,"ftbstoneblock:cold_silverfish_shard":26,"minecraft:flint_and_steel":1,"minecraft:blast_furnace":1,"minecraft:big_dripleaf":10,"mekanismtools:steel_sword":1,"minecraft:cobblestone_slab":1,"minecraft:flower_pot":2,"supplementaries:flint_block":1,"minecraft:andesite":22,"ftbstoneblock:dust":640,"thermal:phytogro":24,"minecraft:wooden_shovel":2,"mekanismtools:refined_glowstone_leggings":1,"projecte:mobius_fuel":1,"minecraft:barrel":20,"minecraft:warped_button":3,"minecraft:slime_ball":37,"minecraft:horse_spawn_egg":1,"minecraft:music_disc_mellohi":1,"ars_nouveau:source_berry_pie":3,"ars_nouveau:amplify_arrow":24,"botania:cosmetic_tiny_potato_mask":4,"ftbquests:lootcrate":4},"minecraft:used":{"minecraft:moss_block":1,"farmersdelight:mixed_salad":1,"minecraft:oak_sign":2,"minecraft:stone":2,"minecraft:iron_sword":373,"farmersdelight:melon_juice":3,"woodenshears:wooden_shears":116,"minecraft:soul_sand":2,"create:cogwheel":7,"create:depot":1,"minecraft:big_dripleaf":7,"ftbstoneblock:1x_compressed_dirt":28,"minecraft:lava_bucket":10,"simplylight:lamp_post":2,"create:millstone":1,"minecraft:bow":2,"minecraft:magma_block":1,"minecraft:furnace":1,"minecraft:oak_sapling":20,"ftbstoneblock:1x_compressed_sand":28,"minecraft:potato":23,"mcwdoors:metal_warning_door":2,"farmersdelight:beef_stew":2,"farmersdelight:hamburger":3,"minecraft:composter":1,"minecraft:golden_apple":1,"minecraft:oak_leaves":6,"minecraft:glow_berries":216,"justhammers:iron_impact_hammer":129,"minecraft:sand":15,"minecraft:crossbow":1,"mob_grinding_utils:tank":4,"minecraft:bread":15,"mekanismtools:iron_paxel":344,"minecraft:gravel":324,"gag:time_sand_pouch":18,"minecraft:andesite":3,"minecraft:coarse_dirt":4,"minecraft:experience_bottle":10,"minecraft:bone_meal":15,"create:large_cogwheel":6,"ftbsbc:stone_crook":259,"ftbsbc:fire_plow":32,"minecraft:stone_sword":46,"minecraft:flint_and_steel":2,"ftbsbc:stone_hammer":799,"minecraft:stone_hoe":129,"minecraft:torch":1,"minecraft:dirt":100,"minecraft:granite":1,"minecraft:stone_brick_slab":2,"minecraft:totem_of_undying":4,"minecraft:diamond_chestplate":1,"cobblefordays:tier_1":1,"minecraft:golden_carrot":7,"ftbstoneblock:1x_compressed_cobblestone":28,"ftbstoneblock:1x_compressed_gravel":28,"minecraft:iron_leggings":1,"stonechest:chest_cobblestone":15,"minecraft:water_bucket":3,"mekanismtools:stone_paxel":290,"minecraft:cauldron":1,"create:encased_fan":1,"botania:manasteel_boots":1,"minecraft:crafting_table":2,"minecraft:oak_log":3,"minecraft:apple":36,"create:mechanical_press":1,"minecraft:spruce_trapdoor":1,"minecraft:stone_axe":78,"minecraft:cobblestone":458,"minecraft:bucket":47,"minecraft:pumpkin_pie":3,"create:hand_crank":6,"minecraft:chainmail_leggings":1},"minecraft:killed_by":{"minecraft:player":1,"minecraft:skeleton":1},"minecraft:killed":{"minecraft:witch":3,"minecraft:spider":3,"minecraft:skeleton":11,"minecraft:silverfish":18,"minecraft:zombie_villager":2,"minecraft:creeper":7,"minecraft:pillager":12,"minecraft:zombie":55,"minecraft:stray":1,"minecraft:glow_squid":1,"minecraft:vex":3,"minecraft:evoker":2,"minecraft:endermite":2,"minecraft:vindicator":1,"minecraft:drowned":1,"ars_nouveau:wilden_stalker":5,"minecraft:enderman":1},"minecraft:crafted":{"minecraft:oak_planks":84,"mekanismtools:iron_paxel":1,"minecraft:oak_sign":3,"minecraft:sand":45,"stonechest:chest_cobblestone":19,"minecraft:stone":54,"ftbstoneblock:1x_compressed_dirt":28,"minecraft:glass":4,"create:mechanical_press":1,"minecraft:oak_button":41,"minecraft:stone_hoe":1,"ftbstoneblock:1x_compressed_stone":6,"create:cogwheel":5,"create:depot":1,"minecraft:oak_slab":12,"minecraft:cauldron":1,"woodenshears:wooden_shears":6,"minecraft:crafting_table":1,"minecraft:gravel":45,"ftbsbc:stone_rod":56,"create:zinc_nugget":18,"ftbsbc:fire_plow":9,"ftbstoneblock:1x_compressed_sand":28,"mekanismtools:stone_paxel":1,"cobblefordays:tier_1":1,"create:encased_fan":1,"minecraft:stick":164,"minecraft:iron_ingot":64,"ftbsbc:stone_hammer":19,"minecraft:iron_pickaxe":1,"minecraft:iron_block":1,"minecraft:stone_sword":1,"create:large_cogwheel":2,"create:propeller":1,"minecraft:composter":1,"minecraft:polished_andesite":12,"minecraft:coarse_dirt":4,"stonechest:part_cobblestone":76,"minecraft:stone_shovel":1,"minecraft:furnace":1,"ftbsbc:stone_crook":6,"ftbstoneblock:1x_compressed_gravel":28,"minecraft:flint_and_steel":1,"minecraft:iron_axe":1,"create:millstone":1,"minecraft:stone_pickaxe":1,"create:andesite_alloy":9,"create:hand_crank":3,"minecraft:iron_sword":1,"minecraft:dirt":9,"minecraft:bucket":2,"minecraft:stone_axe":2,"minecraft:air":0,"justhammers:iron_hammer":1,"ftbstoneblock:1x_compressed_cobblestone":28,"minecraft:cobblestone":2,"minecraft:iron_shovel":1,"create:shaft":8,"create:zinc_ingot":18,"minecraft:diamond_chestplate":1},"minecraft:broken":{"mekanismtools:stone_paxel":1,"woodenshears:wooden_shears":2,"minecraft:iron_sword":1,"minecraft:leather_helmet":1,"ftbsbc:fire_plow":8,"ftbsbc:stone_crook":1,"ftbsbc:stone_hammer":5},"minecraft:picked_up":{"minecraft:wheat":60,"minecraft:flower_pot":2,"minecraft:stone_slab":2,"minecraft:enchanted_book":2,"minecraft:stone_brick_stairs":1,"chancecubes:silk_touch_pendant":1,"botania:livingwood_twig":1,"minecraft:brewing_stand":1,"minecraft:string":13,"minecraft:raw_copper":26,"minecraft:cooked_salmon":1,"minecraft:zombie_head":2,"minecraft:iron_leggings":1,"minecraft:experience_bottle":16,"minecraft:oak_sign":1,"minecraft:sea_pickle":4,"thermal:sulfur":1,"botania:manasteel_chestplate":3,"minecraft:bucket":1,"minecraft:cobblestone_slab":1,"minecraft:wooden_shovel":2,"minecraft:coal_block":8,"functionalstorage:linking_tool":1,"minecraft:tipped_arrow":8,"minecraft:stick":69,"minecraft:beehive":4,"ftbstoneblock:mob_soul":21,"minecraft:big_dripleaf":39,"minecraft:torch":10,"create:andesite_casing":3,"entangled:item":1,"minecraft:dried_kelp":27,"minecraft:pointed_dripstone":1,"minecraft:warped_button":3,"minecraft:warped_pressure_plate":8,"minecraft:vine":9,"mcwdoors:metal_warning_door":4,"minecraft:rabbit_foot":2,"botania:manasteel_ingot":1,"thermal:apatite":27,"create:large_cogwheel":2,"tconstruct:sky_slime_crystal":3,"minecraft:honey_bottle":5,"minecraft:rotten_flesh":71,"minecraft:music_disc_ward":4,"minecraft:guardian_spawn_egg":2,"rftoolsutility:crafter1":1,"farmersdelight:rope":16,"ars_nouveau:whirlisprig_shards":2,"thermal:slag":11,"minecraft:blaze_powder":5,"farmersdelight:melon_juice":4,"minecraft:iron_bars":1,"minecraft:cobblestone":2756,"mekanismtools:refined_glowstone_leggings":1,"farmersdelight:mixed_salad":1,"ftbstoneblock:dust":628,"minecraft:magma_block":2,"minecraft:leather_chestplate":1,"minecraft:repeater":2,"jags:jags":1,"minecraft:andesite":163,"thermal:phytogro":44,"ars_nouveau:source_berry":2,"minecraft:potato":32,"minecraft:flint":88,"ars_nouveau:earth_essence":4,"powah:dielectric_paste":32,"minecraft:lapis_lazuli":299,"minecraft:dirt":550,"minecraft:lantern":1,"constructionwand:iron_wand":2,"minecraft:twisting_vines":18,"ftbstoneblock:1x_compressed_dirt":3,"minecraft:bone":15,"powah:steel_energized":8,"ftbdripper:dripper":1,"itemcollectors:basic_collector":1,"ftbstoneblock:1x_compressed_sand":2,"ars_nouveau:source_gem":2,"minecraft:wheat_seeds":8,"minecraft:raw_gold":18,"minecraft:cyan_candle":2,"industrialforegoing:range_addon0":1,"minecraft:diamond_helmet":1,"minecraft:fletching_table":1,"minecraft:glowstone_dust":8,"minecraft:moss_block":17,"minecraft:gray_candle":21,"simplylight:lamp_post":4,"minecraft:oak_planks":4,"create:cogwheel":3,"functionalstorage:void_upgrade":2,"mekanismtools:stone_paxel":1,"minecraft:sand":402,"stonechest:part_cobblestone":6,"minecraft:barrel":29,"ftbsbc:stone_hammer":2,"minecraft:sugar":3,"farmersdelight:glow_berry_custard":1,"minecraft:clay":4,"minecraft:diamond":31,"mekanismtools:steel_sword":1,"minecraft:granite":2,"minecraft:crossbow":1,"chiselsandbits:bit_bag":1,"minecraft:bone_meal":41,"minecraft:golden_apple":15,"minecraft:horse_spawn_egg":1,"minecraft:emerald":38,"minecraft:oak_sapling":165,"minecraft:light_blue_candle":9,"minecraft:oak_leaves":116,"minecraft:lingering_potion":1,"minecraft:crafting_table":1,"minecraft:leather_leggings":2,"botania:manasteel_leggings":1,"minecraft:splash_potion":4,"thermal:raw_silver":6,"minecraft:clay_ball":56,"thermal:cinnabar":34,"minecraft:brown_mushroom":11,"torchbowmod:torchbow":2,"ars_nouveau:blue_archwood_sapling":4,"gravestone:obituary":3,"minecraft:chain":22,"tconstruct:earth_slime_crystal":3,"botania:cosmetic_questgiver_mark":5,"ars_nouveau:amplify_arrow":24,"ftbquests:lootcrate":14,"minecraft:moss_carpet":3,"minecraft:flint_and_steel":1,"thermal:raw_nickel":7,"ars_nouveau:source_berry_pie":6,"minecraft:candle":2,"minecraft:respawn_anchor":2,"thermal:niter":4,"minecraft:jungle_sapling":6,"minecraft:iron_nugget":258,"minecraft:chest":16,"minecraft:birch_sapling":4,"minecraft:piston":4,"minecraft:spruce_trapdoor":1,"minecraft:phantom_membrane":5,"botania:magnet_ring":1,"minecraft:dark_oak_sapling":2,"minecraft:copper_ingot":105,"minecraft:music_disc_mellohi":1,"minecraft:fire_charge":6,"ars_nouveau:purple_archwood_sapling":4,"create:hand_crank":3,"minecraft:trident":1,"minecraft:carrot":1,"minecraft:redstone":163,"minecraft:chicken_spawn_egg":1,"minecraft:tnt":12,"minecraft:lime_candle":7,"minecraft:arrow":19,"minecraft:cooked_cod":4,"minecraft:beetroot_seeds":3,"minecraft:pumpkin_pie":3,"ae2:certus_quartz_dust":20,"farmersdelight:hamburger":5,"minecraft:gold_ingot":11,"minecraft:totem_of_undying":4,"ftbstoneblock:cold_silverfish_shard":18,"minecraft:saddle":2,"minecraft:glow_berries":413,"ftbstoneblock:stonepebble":10,"shrink:shrinking_device":1,"minecraft:golden_carrot":7,"minecraft:glow_ink_sac":30,"minecraft:music_disc_stal":1,"minecraft:red_mushroom":5,"functionalstorage:redstone_upgrade":2,"botania:cosmetic_tiny_potato_mask":5,"ars_nouveau:wilden_wing":4,"mob_grinding_utils:tank":3,"minecraft:oak_log":153,"minecraft:gunpowder":14,"bloodmagic:weakbloodorb":5,"ae2:sky_dust":7,"ars_nouveau:green_archwood_sapling":2,"minecraft:apple":50,"ars_nouveau:water_essence":2,"minecraft:iron_ingot":2,"minecraft:glass_bottle":3,"stonechest:chest_cobblestone":2,"minecraft:acacia_sapling":5,"minecraft:soul_sand":127,"minecraft:book":6,"minecraft:scaffolding":5,"ftbstoneblock:1x_compressed_gravel":2,"minecraft:stone_brick_slab":3,"botania:quartz_mana":16,"minecraft:budding_amethyst":2,"projecte:mobius_fuel":1,"minecraft:quartz":4,"minecraft:gravel":1268,"minecraft:amethyst_shard":12,"minecraft:spruce_sapling":2,"minecraft:blast_furnace":1,"minecraft:spider_eye":1,"minecraft:leather_helmet":1,"minecraft:music_disc_mall":2,"minecraft:diamond_shovel":1,"minecraft:pumpkin_seeds":3,"minecraft:dried_kelp_block":3,"minecraft:slime_ball":31,"immersiveengineering:seed":6,"minecraft:stone_axe":1,"minecraft:chainmail_leggings":1,"mekanism:fluorite_gem":2,"minecraft:diamond_axe":1,"minecraft:warped_roots":2,"minecraft:melon_seeds":1,"minecraft:ender_pearl":9},"minecraft:mined":{"minecraft:oak_sapling":1,"create:andesite_casing":4,"minecraft:spruce_trapdoor":1,"minecraft:cave_vines_plant":7,"ftbsbc:bits_spawner":2,"minecraft:coal_block":8,"ftbstoneblock:1x_compressed_dirt":28,"minecraft:composter":2,"minecraft:oak_wall_sign":1,"minecraft:spawner":8,"minecraft:magma_block":1,"minecraft:barrel":53,"minecraft:moss_carpet":1,"minecraft:fletching_table":1,"minecraft:granite_slab":1,"minecraft:iron_bars":1,"minecraft:pointed_dripstone":3,"minecraft:cave_vines":8,"mcwdoors:metal_warning_door":2,"minecraft:spruce_wood":55,"stonechest:chest_cobblestone":1,"create:cogwheel":2,"minecraft:brown_mushroom":10,"minecraft:twisting_vines_plant":2,"minecraft:amethyst_cluster":1,"minecraft:torch":1,"minecraft:blast_furnace":1,"minecraft:chest":30,"mob_grinding_utils:tank":3,"minecraft:cobblestone":349,"minecraft:tnt":14,"minecraft:grass":5,"minecraft:oak_log":90,"create:hand_crank":2,"minecraft:sand":15,"minecraft:dirt":59,"minecraft:oak_leaves":362,"minecraft:gray_candle":1,"gravestone:gravestone":2,"create:large_cogwheel":2,"minecraft:red_mushroom":5,"minecraft:moss_block":72,"ftbstoneblock:dust":24,"minecraft:andesite":239,"minecraft:big_dripleaf_stem":6,"minecraft:potatoes":2,"minecraft:green_candle":2,"minecraft:stone":153,"minecraft:scaffolding":3,"minecraft:soul_sand":2,"minecraft:stone_brick_slab":1,"ftbstoneblock:1x_compressed_sand":28,"minecraft:stone_slab":1,"minecraft:tall_grass":9,"minecraft:big_dripleaf":2,"minecraft:trapped_chest":1,"minecraft:gravel":314,"minecraft:small_dripleaf":1,"ftbstoneblock:1x_compressed_cobblestone":1},"minecraft:custom":{"minecraft:interact_with_crafting_table":95,"minecraft:open_barrel":5,"minecraft:bell_ring":4,"minecraft:time_since_death":1487,"minecraft:sprint_one_cm":268378,"champions:champion_mobs_killed":127,"minecraft:drop":337,"minecraft:play_time":270353,"minecraft:deaths":2,"minecraft:jump":2345,"minecraft:walk_on_water_one_cm":74153,"minecraft:interact_with_furnace":41,"minecraft:damage_dealt":27290,"minecraft:player_kills":1,"minecraft:crouch_one_cm":22747,"minecraft:use_cauldron":8,"minecraft:mob_kills":147,"minecraft:climb_one_cm":12958,"minecraft:walk_one_cm":373106,"minecraft:damage_dealt_absorbed":40,"minecraft:sneak_time":12537,"minecraft:walk_under_water_one_cm":2535,"minecraft:total_world_time":270353,"minecraft:time_since_rest":1510,"minecraft:damage_taken":4994,"minecraft:damage_absorbed":485,"minecraft:trigger_trapped_chest":1,"minecraft:swim_one_cm":4675,"minecraft:fly_one_cm":335560,"minecraft:open_chest":340,"minecraft:fall_one_cm":45104}},"DataVersion":2975}