{"stats":{"minecraft:dropped":{"functionalstorage:void_upgrade":2,"minecraft:clay":4,"minecraft:piston":4,"minecraft:candle":4,"minecraft:glow_ink_sac":6,"functionalstorage:redstone_upgrade":2,"minecraft:glass_bottle":4,"minecraft:ender_pearl":1,"mcwdoors:metal_warning_door":2,"minecraft:cookie":12,"minecraft:glow_berries":173,"minecraft:warped_roots":2,"minecraft:saddle":4,"luggage:luggage":3,"minecraft:red_mushroom":4,"ftbstoneblock:mob_soul":12,"minecraft:dirt":128,"constructionwand:iron_wand":1,"minecraft:stone_button":2,"minecraft:cornflower":12,"minecraft:cooked_cod":1,"minecraft:snowball":12,"gravestone:obituary":3,"powah:dielectric_paste":26,"tconstruct:sky_slime_ball":18,"shrink:shrinking_device":1,"minecraft:bone":16,"minecraft:gold_ingot":8,"minecraft:gravel":837,"rftoolsutility:crafter1":1,"minecraft:twisting_vines":4,"chiselsandbits:bit_bag":1,"minecraft:pointed_dripstone":2,"minecraft:rotten_flesh":38,"powah:crystal_blazing":2,"functionalstorage:linking_tool":1,"minecraft:beehive":4,"create:potato_cannon":1,"bloodmagic:weakbloodorb":3,"ars_nouveau:water_essence":5,"botania:manasteel_ingot":1,"minecraft:charcoal":2,"minecraft:beetroot_seeds":6,"farmersdelight:mixed_salad":2,"minecraft:leather_boots":1,"minecraft:chest":4,"minecraft:chainmail_boots":1,"minecraft:spruce_wood":1,"minecraft:arrow":14,"entangled:item":1,"minecraft:scaffolding":3,"minecraft:enchanted_book":4,"minecraft:iron_ingot":25,"minecraft:cobblestone":1448,"ftbstoneblock:1x_compressed_sand":2,"powah:steel_energized":4,"minecraft:granite":1,"minecraft:copper_ingot":14,"mekanismtools:stone_paxel":1,"minecraft:polished_blackstone_button":3,"minecraft:golden_apple":1,"minecraft:stick":7,"ftbsbc:stone_hammer":2,"botania:livingwood_twig":1,"chancecubes:silk_touch_pendant":1,"minecraft:torch":64,"minecraft:cooked_salmon":1,"minecraft:zombie_head":2,"ftbstoneblock:1x_compressed_gravel":2,"minecraft:dried_kelp":27,"minecraft:cyan_candle":2,"minecraft:chainmail_leggings":1,"minecraft:string":15,"minecraft:blue_candle":3,"minecraft:bucket":1,"ars_nouveau:wilden_wing":6,"farmersdelight:glow_berry_custard":1,"minecraft:raw_copper":1,"minecraft:bowl":9,"minecraft:composter":1,"botania:magnet_ring":2,"ftbstoneblock:1x_compressed_dirt":1,"industrialforegoing:range_addon0":1,"ftbstoneblock:cold_silverfish_shard":2,"minecraft:potato":26,"minecraft:cobblestone_slab":1,"minecraft:sea_pickle":16,"create:zinc_ingot":3,"simplylight:lamp_post":4,"minecraft:andesite":4,"ftbstoneblock:dust":109,"mekanismtools:refined_glowstone_leggings":2,"minecraft:spider_eye":1,"projecte:mobius_fuel":4,"minecraft:barrel":7,"minecraft:warped_button":2,"minecraft:bamboo":6,"itemcollectors:basic_collector":1,"minecraft:slime_ball":2,"minecraft:magma_block":1,"botania:cosmetic_tiny_potato_mask":1,"ftbquests:lootcrate":3,"minecraft:brick":21},"minecraft:used":{"minecraft:moss_block":1,"minecraft:moss_carpet":13,"minecraft:shield":4,"minecraft:soul_sand":2,"minecraft:lava_bucket":45,"minecraft:lantern":1,"simplylight:lamp_post":3,"minecraft:magma_block":1,"minecraft:oak_sapling":13,"minecraft:furnace":8,"minecraft:cooked_cod":1,"minecraft:potato":1,"farmersdelight:beef_stew":10,"minecraft:chainmail_helmet":1,"minecraft:golden_apple":1,"minecraft:glow_berries":55,"minecraft:sand":102,"minecraft:bread":17,"mekanismtools:iron_paxel":194,"minecraft:gravel":131,"experienceobelisk:experience_obelisk":2,"justhammers:iron_reinforced_impact_hammer":78,"gag:time_sand_pouch":4,"create:basin":2,"minecraft:chainmail_boots":1,"ftbdripper:dripper":2,"minecraft:andesite":32,"ftbstoneblock:dust":24,"minecraft:bone_meal":34,"create:large_cogwheel":4,"ftbsbc:stone_crook":275,"minecraft:flint_and_steel":50,"ftbsbc:stone_hammer":1272,"minecraft:cooked_salmon":2,"minecraft:torch":69,"minecraft:dirt":136,"create:mechanical_mixer":1,"minecraft:cobblestone_wall":1,"cobblefordays:tier_4":1,"minecraft:barrel":1,"minecraft:diamond_chestplate":1,"ars_nouveau:source_berry_pie":1,"minecraft:golden_carrot":4,"ftbstoneblock:1x_compressed_cobblestone":4,"farmersdelight:cooking_pot":1,"stonechest:chest_cobblestone":22,"minecraft:water_bucket":5,"minecraft:polished_andesite":2,"mekanismtools:stone_paxel":531,"minecraft:cobblestone_slab":17,"minecraft:crafting_table":1,"minecraft:oak_log":1,"minecraft:apple":41,"torchbowmod:torchbow":68,"minecraft:cobblestone":897,"minecraft:potion":3,"minecraft:bucket":50,"create:hand_crank":1,"minecraft:chainmail_leggings":1},"minecraft:killed_by":{"minecraft:creeper":1,"minecraft:zombie":1,"minecraft:player":1},"minecraft:killed":{"minecraft:spider":2,"minecraft:skeleton":23,"minecraft:bee":1,"minecraft:silverfish":18,"minecraft:creeper":12,"minecraft:pillager":11,"minecraft:zombie":41,"minecraft:stray":2,"minecraft:glow_squid":1,"minecraft:evoker":2,"minecraft:vex":4,"minecraft:vindicator":1,"minecraft:phantom":2,"minecraft:drowned":1,"ars_nouveau:wilden_stalker":6},"minecraft:crafted":{"minecraft:oak_planks":308,"mekanismtools:iron_paxel":1,"minecraft:cobblestone_slab":12,"stonechest:chest_cobblestone":28,"minecraft:chest":15,"create:zinc_nugget":18,"ftbsbc:stone_rod":136,"minecraft:copper_ingot":6,"create:mechanical_mixer":1,"mekanismtools:stone_paxel":3,"minecraft:shield":1,"ftbsbc:stone_hammer":6,"minecraft:stick":96,"minecraft:iron_ingot":56,"minecraft:iron_pickaxe":1,"minecraft:polished_andesite":4,"stonechest:part_cobblestone":112,"minecraft:stone_shovel":3,"minecraft:furnace":8,"ftbsbc:stone_crook":8,"minecraft:bone_meal":6,"minecraft:flint_and_steel":2,"minecraft:iron_axe":1,"minecraft:stone_pickaxe":3,"create:basin":1,"create:andesite_alloy":8,"create:hand_crank":1,"luggage:luggage":15,"minecraft:bucket":1,"minecraft:stone_axe":3,"minecraft:air":0,"ftbstoneblock:1x_compressed_cobblestone":14,"create:whisk":1,"minecraft:cobblestone":21,"minecraft:iron_shovel":1,"minecraft:torch":224,"minecraft:diamond_chestplate":1},"minecraft:broken":{"mekanismtools:stone_paxel":2,"minecraft:chainmail_helmet":1,"ftbsbc:stone_crook":2,"ftbsbc:stone_hammer":9},"minecraft:picked_up":{"minecraft:blue_candle":3,"minecraft:chainmail_boots":1,"minecraft:enchanted_book":6,"minecraft:string":17,"minecraft:raw_copper":2,"minecraft:cooked_salmon":4,"minecraft:zombie_head":2,"minecraft:sea_pickle":16,"minecraft:cobblestone_slab":6,"minecraft:stick":132,"minecraft:beehive":8,"ftbstoneblock:mob_soul":17,"minecraft:composter":2,"minecraft:big_dripleaf":8,"minecraft:torch":26,"create:andesite_casing":1,"minecraft:dried_kelp":60,"minecraft:pointed_dripstone":2,"minecraft:warped_button":2,"minecraft:vine":8,"create:large_cogwheel":2,"minecraft:honey_bottle":13,"minecraft:rotten_flesh":88,"ars_nouveau:whirlisprig_shards":1,"minecraft:snowball":6,"minecraft:cobblestone":2203,"ftbstoneblock:1x_compressed_cobblestone":2,"farmersdelight:mixed_salad":5,"mekanismtools:refined_glowstone_leggings":3,"minecraft:magma_block":2,"ftbstoneblock:dust":116,"mekanismtools:steel_helmet":1,"jags:jags":5,"minecraft:andesite":35,"minecraft:potato":27,"minecraft:flint":3,"luggage:luggage":3,"minecraft:dirt":303,"minecraft:lantern":1,"constructionwand:iron_wand":2,"powah:dielectric_paste":26,"minecraft:name_tag":1,"minecraft:twisting_vines":4,"minecraft:bone":25,"powah:steel_energized":4,"ftbdripper:dripper":2,"minecraft:wheat_seeds":11,"minecraft:green_candle":11,"minecraft:cyan_candle":4,"minecraft:bamboo":6,"minecraft:moss_block":68,"simplylight:lamp_post":1,"create:cogwheel":1,"justhammers:iron_hammer":1,"minecraft:sand":103,"minecraft:barrel":22,"ftbsbc:stone_hammer":8,"minecraft:white_candle":1,"farmersdelight:glow_berry_custard":1,"minecraft:diamond":15,"create:filter":1,"minecraft:polished_blackstone_button":3,"minecraft:granite":1,"minecraft:bone_meal":2,"minecraft:chainmail_helmet":1,"minecraft:oak_sapling":103,"minecraft:charcoal":2,"minecraft:crafting_table":1,"gravestone:obituary":2,"minecraft:brick":21,"minecraft:cornflower":16,"ftbquests:lootcrate":11,"minecraft:moss_carpet":25,"ars_nouveau:source_berry_pie":1,"minecraft:candle":4,"create:basin":1,"minecraft:chest":4,"botania:magnet_ring":2,"minecraft:copper_ingot":12,"minecraft:stone_button":3,"minecraft:cookie":18,"create:zinc_ingot":1,"powah:crystal_blazing":2,"tconstruct:sky_slime_ball":33,"minecraft:arrow":21,"minecraft:cooked_cod":2,"minecraft:beetroot_seeds":6,"ftbstoneblock:cold_silverfish_shard":2,"minecraft:saddle":5,"minecraft:totem_of_undying":1,"minecraft:glow_berries":365,"ftbstoneblock:stonepebble":93,"minecraft:glow_ink_sac":6,"minecraft:red_mushroom":7,"botania:cosmetic_tiny_potato_mask":1,"ars_nouveau:wilden_wing":9,"minecraft:oak_log":57,"minecraft:cobblestone_wall":1,"bloodmagic:weakbloodorb":2,"minecraft:apple":41,"ars_nouveau:water_essence":5,"minecraft:spruce_wood":1,"minecraft:iron_ingot":25,"minecraft:glass_bottle":1,"minecraft:soul_sand":1,"stonechest:chest_cobblestone":2,"minecraft:scaffolding":7,"projecte:mobius_fuel":4,"minecraft:gravel":904,"minecraft:spider_eye":1,"experienceobelisk:experience_obelisk":1,"immersiveengineering:seed":5,"minecraft:slime_ball":2,"ftbsbc:stone_crook":5,"minecraft:chainmail_leggings":1,"minecraft:warped_roots":2,"minecraft:ender_pearl":1},"minecraft:mined":{"minecraft:dead_horn_coral_fan":3,"minecraft:granite":1,"ftbstoneblock:1x_compressed_gravel":28,"minecraft:composter":8,"minecraft:spawner":5,"minecraft:magma_block":2,"supplementaries:ash":1,"minecraft:fire":11,"minecraft:barrel":32,"minecraft:moss_carpet":11,"minecraft:fletching_table":1,"minecraft:cave_vines":9,"ftbdripper:dripper":1,"minecraft:flowering_azalea_leaves":2,"minecraft:spruce_wood":29,"minecraft:azalea_leaves":3,"simplylight:lamp_post":1,"stonechest:chest_cobblestone":2,"minecraft:brown_mushroom":2,"minecraft:twisting_vines_plant":1,"minecraft:soul_fire":2,"minecraft:torch":6,"minecraft:blast_furnace":1,"minecraft:chest":9,"minecraft:dead_bush":1,"experienceobelisk:experience_obelisk":1,"minecraft:cobblestone":862,"minecraft:wall_torch":1,"create:basin":1,"minecraft:light_gray_candle":3,"minecraft:grass":25,"minecraft:oak_log":121,"minecraft:sand":102,"minecraft:dirt":102,"minecraft:oak_leaves":287,"gravestone:gravestone":3,"create:large_cogwheel":1,"minecraft:moss_block":15,"minecraft:dead_brain_coral":4,"minecraft:andesite":14,"minecraft:bookshelf":3,"minecraft:potatoes":4,"minecraft:cobblestone_slab":6,"minecraft:stone":127,"minecraft:scaffolding":6,"minecraft:soul_sand":1,"minecraft:crafting_table":1,"minecraft:campfire":42,"minecraft:tall_grass":23,"minecraft:big_dripleaf":1,"minecraft:sea_pickle":1,"minecraft:beehive":20,"minecraft:gravel":130,"minecraft:polished_andesite":1,"ftbstoneblock:1x_compressed_cobblestone":28},"minecraft:custom":{"minecraft:interact_with_crafting_table":38,"minecraft:open_barrel":4,"minecraft:leave_game":2,"minecraft:time_since_death":19123,"minecraft:sprint_one_cm":310212,"champions:champion_mobs_killed":125,"minecraft:damage_blocked_by_shield":140,"minecraft:drop":250,"minecraft:play_time":235076,"minecraft:deaths":3,"minecraft:jump":1830,"minecraft:walk_on_water_one_cm":5716,"minecraft:interact_with_furnace":14,"minecraft:sleep_in_bed":1,"minecraft:damage_dealt":22115,"minecraft:crouch_one_cm":27452,"minecraft:mob_kills":147,"minecraft:climb_one_cm":16487,"minecraft:walk_one_cm":478541,"minecraft:sneak_time":9718,"minecraft:walk_under_water_one_cm":3340,"minecraft:total_world_time":235076,"minecraft:time_since_rest":19152,"minecraft:damage_absorbed":2316,"minecraft:damage_taken":4881,"minecraft:trigger_trapped_chest":1,"minecraft:swim_one_cm":2596,"minecraft:fly_one_cm":274435,"minecraft:open_chest":140,"minecraft:fall_one_cm":25795}},"DataVersion":2975}