{"stats":{"minecraft:picked_up":{"ftbstoneblock:1x_compressed_dirt":2,"minecraft:pumpkin_seeds":5,"minecraft:arrow":2,"ftbstoneblock:stonepebble":16,"minecraft:clay":4,"ftbquests:book":1,"minecraft:oak_log":1,"minecraft:spruce_sapling":2,"minecraft:oak_sapling":35,"minecraft:glow_berries":84,"minecraft:birch_sapling":2,"minecraft:moss_carpet":2},"minecraft:custom":{"minecraft:open_chest":16,"minecraft:time_since_rest":13442,"minecraft:crouch_one_cm":389,"minecraft:play_time":13442,"minecraft:interact_with_furnace":1,"minecraft:sprint_one_cm":38269,"minecraft:damage_taken":435,"minecraft:walk_one_cm":18802,"minecraft:sneak_time":201,"minecraft:drop":5,"minecraft:jump":138,"minecraft:damage_dealt":249,"minecraft:leave_game":1,"minecraft:time_since_death":13442,"minecraft:total_world_time":13442,"minecraft:climb_one_cm":0,"minecraft:player_kills":1,"minecraft:interact_with_crafting_table":2,"minecraft:fall_one_cm":3222,"minecraft:fly_one_cm":21115},"minecraft:mined":{"minecraft:stone":7,"minecraft:cave_vines_plant":1},"minecraft:broken":{"justhammers:iron_impact_hammer":1},"minecraft:dropped":{"minecraft:stone_axe":1,"minecraft:arrow":2,"ftbstoneblock:1x_compressed_dirt":2,"minecraft:birch_sapling":2,"minecraft:glow_berries":61},"minecraft:crafted":{"minecraft:oak_planks":32,"minecraft:cobblestone":4,"minecraft:stone_axe":1,"minecraft:stone_pickaxe":1},"minecraft:used":{"minecraft:stone_axe":1,"minecraft:glow_berries":19,"justhammers:iron_impact_hammer":1,"minecraft:carrot":4}},"DataVersion":2975}