{"stats":{"minecraft:dropped":{"functionalstorage:void_upgrade":2,"farmersdelight:hamburger":3,"minecraft:clay":4,"minecraft:moss_block":12,"minecraft:piston":8,"minecraft:candle":46,"minecraft:brown_mushroom":33,"minecraft:porkchop":12,"minecraft:diamond_axe":1,"minecraft:glow_ink_sac":52,"functionalstorage:redstone_upgrade":2,"minecraft:glass_bottle":17,"minecraft:ender_pearl":1,"mcwdoors:metal_warning_door":2,"minecraft:dark_oak_sapling":1,"minecraft:cookie":58,"minecraft:glow_berries":493,"minecraft:warped_roots":6,"minecraft:leather":1,"minecraft:saddle":6,"minecraft:leather_helmet":2,"luggage:luggage":3,"minecraft:red_mushroom":20,"botania:manasteel_leggings":2,"minecraft:cobblestone_stairs":7,"ftbstoneblock:mob_soul":60,"minecraft:dirt":128,"constructionwand:iron_wand":1,"minecraft:stone_button":4,"minecraft:dark_oak_fence":3,"minecraft:cornflower":16,"minecraft:mutton":11,"minecraft:cooked_cod":26,"minecraft:snowball":26,"farmersdelight:cooked_salmon_slice":2,"minecraft:gold_nugget":13,"minecraft:chain":33,"gravestone:obituary":3,"botania:quartz_mana":16,"powah:dielectric_paste":26,"minecraft:amethyst_shard":23,"minecraft:phantom_membrane":7,"minecraft:gray_candle":23,"minecraft:sand":48,"tconstruct:sky_slime_ball":48,"mekanismtools:iron_paxel":2,"minecraft:music_disc_stal":1,"shrink:shrinking_device":1,"minecraft:bone":63,"minecraft:gold_ingot":13,"minecraft:green_candle":19,"minecraft:gravel":837,"projecte:white_alchemical_bag":1,"ars_nouveau:wilden_spike":6,"rftoolsutility:crafter1":1,"minecraft:twisting_vines":14,"minecraft:wheat":124,"chiselsandbits:bit_bag":1,"minecraft:pointed_dripstone":8,"minecraft:blaze_powder":9,"minecraft:oak_planks":1,"minecraft:rotten_flesh":224,"powah:crystal_blazing":2,"functionalstorage:linking_tool":1,"minecraft:white_candle":1,"minecraft:beehive":22,"create:potato_cannon":2,"bloodmagic:weakbloodorb":5,"minecraft:stone_stairs":14,"jags:jags":4,"minecraft:honey_bottle":73,"minecraft:carrot":2,"ars_nouveau:water_essence":7,"botania:manasteel_ingot":5,"minecraft:leather_chestplate":1,"minecraft:tipped_arrow":26,"minecraft:red_candle":6,"minecraft:gunpowder":168,"minecraft:charcoal":78,"minecraft:melon_seeds":2,"minecraft:beetroot_seeds":6,"farmersdelight:mixed_salad":8,"minecraft:leather_boots":1,"minecraft:chest":33,"minecraft:chainmail_boots":1,"minecraft:spruce_wood":84,"minecraft:leather_leggings":1,"farmersdelight:rope":8,"minecraft:iron_bars":3,"minecraft:arrow":113,"entangled:item":1,"minecraft:scaffolding":22,"minecraft:egg":3,"farmersdelight:tomato_seeds":3,"minecraft:enchanted_book":4,"minecraft:iron_ingot":39,"minecraft:wheat_seeds":6,"minecraft:oak_fence":10,"minecraft:cobblestone":1720,"minecraft:book":15,"minecraft:amethyst_block":4,"ftbstoneblock:1x_compressed_sand":2,"powah:steel_energized":6,"minecraft:granite":1,"minecraft:copper_ingot":14,"mekanismtools:stone_paxel":1,"minecraft:polished_blackstone_button":3,"minecraft:coal":11,"minecraft:golden_apple":1,"minecraft:coal_block":8,"minecraft:stick":20,"minecraft:cobweb":19,"minecraft:dried_kelp_block":5,"botania:manasteel_chestplate":1,"ftbsbc:stone_hammer":2,"botania:livingwood_twig":1,"chancecubes:silk_touch_pendant":1,"minecraft:torch":381,"minecraft:rabbit":6,"mekanismtools:steel_helmet":1,"minecraft:cooked_salmon":30,"minecraft:zombie_head":2,"minecraft:fire_charge":6,"minecraft:crimson_fence":3,"minecraft:music_disc_ward":1,"ftbstoneblock:1x_compressed_gravel":2,"minecraft:dried_kelp":144,"minecraft:wither_rose":3,"minecraft:cyan_candle":2,"minecraft:chainmail_leggings":1,"minecraft:string":48,"minecraft:blue_candle":5,"minecraft:bucket":3,"ars_nouveau:wilden_wing":10,"farmersdelight:glow_berry_custard":9,"ars_nouveau:source_berry":4,"minecraft:raw_copper":1,"minecraft:bowl":20,"thermal:slag":16,"minecraft:raw_iron":1,"minecraft:stone_shovel":1,"minecraft:composter":9,"botania:magnet_ring":3,"minecraft:chicken":11,"minecraft:clay_ball":111,"torchbowmod:torchbow":1,"minecraft:pink_candle":6,"ftbstoneblock:1x_compressed_dirt":1,"industrialforegoing:range_addon0":1,"minecraft:budding_amethyst":1,"ftbstoneblock:cold_silverfish_shard":35,"minecraft:light_gray_candle":7,"minecraft:flint_and_steel":1,"mekanismtools:steel_sword":1,"minecraft:potato":26,"minecraft:cobblestone_slab":7,"minecraft:sea_pickle":20,"minecraft:powder_snow_bucket":1,"supplementaries:flint_block":1,"create:zinc_ingot":3,"simplylight:lamp_post":4,"minecraft:andesite":127,"ftbstoneblock:dust":109,"thermal:phytogro":14,"tconstruct:earth_slime_sapling":3,"minecraft:oak_sapling":7,"supercircuitmaker:tiny_redstone":4,"minecraft:wooden_shovel":1,"mekanismtools:refined_glowstone_leggings":3,"minecraft:spider_eye":1,"projecte:mobius_fuel":10,"minecraft:barrel":37,"minecraft:warped_button":3,"minecraft:bamboo":6,"itemcollectors:basic_collector":1,"minecraft:slime_ball":13,"minecraft:bow":1,"minecraft:music_disc_mellohi":1,"ars_nouveau:amplify_arrow":122,"minecraft:nautilus_shell":1,"minecraft:magma_block":1,"botania:cosmetic_tiny_potato_mask":4,"ftbquests:lootcrate":3,"minecraft:brick":61},"minecraft:used":{"minecraft:moss_block":1,"minecraft:moss_carpet":13,"minecraft:shield":4,"minecraft:soul_sand":2,"minecraft:snowball":1,"minecraft:lava_bucket":48,"minecraft:lantern":1,"simplylight:lamp_post":3,"farmersdelight:glow_berry_custard":7,"minecraft:magma_block":1,"minecraft:scaffolding":1,"minecraft:oak_sapling":13,"minecraft:furnace":8,"minecraft:cooked_cod":1,"minecraft:potato":1,"farmersdelight:beef_stew":10,"minecraft:chainmail_helmet":1,"minecraft:golden_apple":1,"minecraft:glow_berries":55,"minecraft:sand":102,"minecraft:bread":17,"mekanismtools:iron_paxel":326,"minecraft:gravel":131,"experienceobelisk:experience_obelisk":2,"justhammers:iron_reinforced_impact_hammer":78,"gag:time_sand_pouch":4,"create:basin":2,"minecraft:chainmail_boots":1,"ftbdripper:dripper":2,"minecraft:andesite":35,"ftbstoneblock:dust":24,"minecraft:bone_meal":34,"create:large_cogwheel":4,"ftbsbc:stone_crook":275,"minecraft:flint_and_steel":50,"ftbsbc:stone_hammer":1272,"minecraft:cooked_salmon":2,"minecraft:bee_spawn_egg":1,"minecraft:torch":92,"minecraft:dirt":136,"create:mechanical_mixer":1,"minecraft:cobblestone_wall":1,"cobblefordays:tier_4":1,"minecraft:totem_of_undying":1,"minecraft:barrel":1,"minecraft:diamond_chestplate":1,"ars_nouveau:source_berry_pie":1,"minecraft:golden_carrot":7,"ftbstoneblock:1x_compressed_cobblestone":4,"farmersdelight:cooking_pot":1,"stonechest:chest_cobblestone":22,"minecraft:water_bucket":5,"minecraft:polished_andesite":2,"mekanismtools:stone_paxel":531,"minecraft:cobblestone_slab":17,"minecraft:crafting_table":1,"justhammers:iron_hammer":2,"minecraft:cake":1,"minecraft:oak_log":1,"minecraft:apple":41,"torchbowmod:torchbow":71,"minecraft:cobblestone":897,"minecraft:potion":3,"minecraft:bucket":53,"create:hand_crank":1,"minecraft:chainmail_leggings":1},"minecraft:killed_by":{"minecraft:creeper":1,"minecraft:zombie":1,"minecraft:player":1},"minecraft:killed":{"minecraft:witch":1,"minecraft:spider":8,"minecraft:skeleton":26,"minecraft:bee":1,"minecraft:silverfish":20,"minecraft:creeper":13,"minecraft:pillager":11,"minecraft:zombie":69,"minecraft:stray":2,"minecraft:glow_squid":1,"minecraft:evoker":2,"minecraft:vex":4,"minecraft:vindicator":1,"minecraft:phantom":2,"minecraft:drowned":1,"ars_nouveau:wilden_stalker":6},"minecraft:crafted":{"minecraft:oak_planks":372,"mekanismtools:iron_paxel":5,"minecraft:cobblestone_slab":12,"stonechest:chest_cobblestone":28,"minecraft:chest":15,"create:zinc_nugget":18,"ftbsbc:stone_rod":136,"minecraft:copper_ingot":6,"create:mechanical_mixer":1,"mekanismtools:stone_paxel":3,"minecraft:shield":1,"ftbsbc:stone_hammer":6,"minecraft:stick":224,"minecraft:iron_ingot":56,"minecraft:iron_pickaxe":5,"minecraft:polished_andesite":4,"stonechest:part_cobblestone":112,"minecraft:stone_shovel":3,"minecraft:furnace":8,"ftbsbc:stone_crook":8,"minecraft:bone_meal":9,"minecraft:flint_and_steel":2,"projecte:white_alchemical_bag":2,"minecraft:iron_axe":5,"minecraft:stone_pickaxe":3,"create:basin":1,"create:andesite_alloy":8,"create:hand_crank":1,"luggage:luggage":15,"minecraft:bucket":1,"minecraft:stone_axe":3,"minecraft:air":0,"ftbstoneblock:1x_compressed_cobblestone":14,"create:whisk":1,"minecraft:cobblestone":21,"minecraft:white_dye":2,"minecraft:iron_shovel":5,"minecraft:torch":480,"minecraft:diamond_chestplate":1},"minecraft:broken":{"mekanismtools:stone_paxel":2,"botania:manasteel_leggings":1,"minecraft:chainmail_helmet":1,"ftbsbc:stone_crook":2,"ftbsbc:stone_hammer":9,"mekanismtools:iron_paxel":1},"minecraft:picked_up":{"minecraft:blue_candle":5,"minecraft:wheat":124,"minecraft:chainmail_boots":1,"minecraft:wither_rose":6,"minecraft:enchanted_book":6,"minecraft:amethyst_block":4,"minecraft:string":50,"minecraft:dark_oak_trapdoor":1,"minecraft:raw_copper":2,"minecraft:cooked_salmon":32,"minecraft:iron_leggings":1,"minecraft:red_candle":6,"minecraft:zombie_head":3,"minecraft:sea_pickle":20,"botania:manasteel_chestplate":2,"minecraft:gold_nugget":13,"minecraft:crimson_fence":3,"minecraft:bucket":2,"create:potato_cannon":1,"thermal:rf_potato":1,"minecraft:cobblestone_slab":12,"minecraft:wooden_shovel":1,"minecraft:coal_block":8,"minecraft:tipped_arrow":16,"minecraft:stick":145,"minecraft:beehive":26,"ftbstoneblock:mob_soul":64,"minecraft:composter":9,"minecraft:big_dripleaf":8,"minecraft:oak_fence":10,"minecraft:torch":235,"create:andesite_casing":1,"minecraft:porkchop":12,"minecraft:dried_kelp":188,"minecraft:pointed_dripstone":8,"minecraft:warped_button":3,"minecraft:vine":8,"botania:manasteel_ingot":4,"create:large_cogwheel":2,"minecraft:honey_bottle":48,"minecraft:rotten_flesh":238,"minecraft:music_disc_ward":2,"minecraft:guardian_spawn_egg":1,"farmersdelight:rope":8,"ars_nouveau:whirlisprig_shards":1,"thermal:slag":16,"minecraft:iron_bars":3,"minecraft:blaze_powder":9,"minecraft:snowball":20,"minecraft:cobblestone":2429,"minecraft:nautilus_shell":1,"ftbstoneblock:1x_compressed_cobblestone":2,"farmersdelight:mixed_salad":8,"mekanismtools:refined_glowstone_leggings":4,"minecraft:magma_block":2,"ftbstoneblock:dust":116,"minecraft:leather_chestplate":1,"mekanismtools:steel_helmet":2,"jags:jags":8,"minecraft:andesite":181,"thermal:phytogro":14,"ars_nouveau:source_berry":4,"minecraft:powder_snow_bucket":1,"minecraft:potato":27,"minecraft:flint":6,"luggage:luggage":13,"minecraft:dirt":303,"minecraft:lantern":1,"constructionwand:iron_wand":2,"powah:dielectric_paste":26,"minecraft:name_tag":1,"minecraft:twisting_vines":14,"minecraft:bone":79,"powah:steel_energized":6,"ftbdripper:dripper":2,"minecraft:bow":2,"minecraft:wheat_seeds":17,"minecraft:green_candle":27,"minecraft:rabbit":6,"minecraft:cyan_candle":4,"minecraft:bamboo":6,"minecraft:gray_candle":23,"minecraft:moss_block":80,"simplylight:lamp_post":1,"minecraft:magenta_candle":4,"minecraft:oak_planks":1,"create:cogwheel":1,"justhammers:iron_hammer":1,"minecraft:sand":151,"minecraft:barrel":54,"ftbsbc:stone_hammer":8,"minecraft:white_candle":1,"farmersdelight:glow_berry_custard":10,"minecraft:diamond":23,"create:filter":1,"mekanismtools:steel_sword":1,"minecraft:polished_blackstone_button":3,"supercircuitmaker:tiny_redstone":4,"minecraft:granite":1,"minecraft:bone_meal":2,"minecraft:chainmail_helmet":1,"minecraft:oak_sapling":110,"minecraft:dark_oak_fence":3,"minecraft:lingering_potion":2,"minecraft:charcoal":80,"minecraft:crafting_table":1,"minecraft:splash_potion":2,"minecraft:chicken":11,"minecraft:leather_leggings":2,"minecraft:clay_ball":111,"minecraft:brown_mushroom":33,"minecraft:redstone_lamp":20,"botania:manasteel_leggings":3,"torchbowmod:torchbow":1,"minecraft:chain":33,"gravestone:obituary":3,"minecraft:brick":61,"botania:cosmetic_questgiver_mark":1,"minecraft:pink_candle":6,"ars_nouveau:amplify_arrow":122,"minecraft:cornflower":20,"minecraft:stone_stairs":14,"ftbquests:lootcrate":14,"minecraft:moss_carpet":25,"minecraft:flint_and_steel":1,"ars_nouveau:source_berry_pie":4,"minecraft:candle":46,"create:basin":1,"minecraft:chest":33,"minecraft:phantom_membrane":7,"minecraft:piston":4,"minecraft:egg":3,"botania:magnet_ring":2,"minecraft:dark_oak_sapling":1,"minecraft:raw_iron":1,"minecraft:copper_ingot":12,"minecraft:bowl":11,"minecraft:music_disc_mellohi":1,"minecraft:fire_charge":6,"farmersdelight:tomato_seeds":3,"minecraft:cake":1,"minecraft:stone_button":4,"minecraft:cookie":51,"minecraft:trident":1,"minecraft:carrot":2,"minecraft:redstone":51,"create:zinc_ingot":1,"powah:crystal_blazing":2,"tconstruct:sky_slime_ball":63,"minecraft:arrow":52,"minecraft:stone_shovel":1,"minecraft:cooked_cod":18,"minecraft:beetroot_seeds":6,"farmersdelight:hamburger":2,"minecraft:gold_ingot":5,"farmersdelight:beef_stew":2,"ftbstoneblock:cold_silverfish_shard":35,"minecraft:saddle":8,"minecraft:totem_of_undying":1,"minecraft:mutton":11,"tconstruct:earth_slime_sapling":3,"minecraft:glow_berries":621,"ftbstoneblock:stonepebble":93,"supplementaries:flint_block":1,"minecraft:glow_ink_sac":52,"minecraft:leather":1,"minecraft:music_disc_stal":1,"minecraft:red_mushroom":23,"botania:cosmetic_tiny_potato_mask":4,"ars_nouveau:wilden_wing":13,"minecraft:oak_log":57,"minecraft:gunpowder":108,"minecraft:cobblestone_wall":1,"minecraft:cobblestone_stairs":7,"bloodmagic:weakbloodorb":6,"minecraft:apple":45,"ars_nouveau:water_essence":9,"minecraft:spruce_wood":84,"minecraft:iron_ingot":39,"minecraft:cobweb":19,"minecraft:glass_bottle":7,"minecraft:soul_sand":1,"stonechest:chest_cobblestone":2,"minecraft:book":15,"minecraft:scaffolding":25,"minecraft:budding_amethyst":1,"botania:quartz_mana":16,"projecte:mobius_fuel":10,"minecraft:gravel":904,"minecraft:amethyst_shard":23,"minecraft:spider_eye":1,"minecraft:leather_helmet":1,"minecraft:diamond_shovel":1,"minecraft:music_disc_mall":1,"ars_nouveau:wilden_spike":6,"minecraft:light_gray_candle":7,"experienceobelisk:experience_obelisk":1,"minecraft:dried_kelp_block":5,"immersiveengineering:seed":5,"minecraft:slime_ball":13,"ftbsbc:stone_crook":5,"minecraft:stone_axe":1,"minecraft:chainmail_leggings":1,"minecraft:diamond_axe":1,"minecraft:warped_roots":5,"minecraft:melon_seeds":2,"minecraft:coal":11,"minecraft:ender_pearl":1},"minecraft:mined":{"minecraft:dead_horn_coral_fan":3,"minecraft:granite":1,"ftbstoneblock:1x_compressed_gravel":28,"minecraft:composter":8,"minecraft:spawner":9,"minecraft:magma_block":2,"supplementaries:ash":1,"minecraft:fire":11,"minecraft:barrel":42,"minecraft:moss_carpet":11,"minecraft:fletching_table":1,"minecraft:cave_vines":9,"ftbdripper:dripper":1,"minecraft:flowering_azalea_leaves":2,"minecraft:spruce_wood":29,"minecraft:azalea_leaves":3,"simplylight:lamp_post":1,"stonechest:chest_cobblestone":2,"minecraft:brown_mushroom":2,"minecraft:twisting_vines_plant":1,"minecraft:soul_fire":2,"minecraft:torch":6,"minecraft:blast_furnace":1,"minecraft:chest":10,"minecraft:dead_bush":1,"experienceobelisk:experience_obelisk":1,"minecraft:cobblestone":863,"minecraft:wall_torch":1,"create:basin":1,"minecraft:light_gray_candle":3,"minecraft:grass":25,"minecraft:oak_log":121,"minecraft:sand":102,"minecraft:dirt":102,"minecraft:oak_leaves":288,"minecraft:redstone_lamp":20,"gravestone:gravestone":3,"create:large_cogwheel":1,"minecraft:moss_block":15,"minecraft:dead_brain_coral":4,"minecraft:andesite":15,"minecraft:vine":2,"minecraft:bookshelf":3,"minecraft:potatoes":4,"minecraft:cobblestone_slab":6,"minecraft:stone":131,"minecraft:scaffolding":9,"minecraft:soul_sand":1,"minecraft:crafting_table":1,"minecraft:campfire":45,"minecraft:tall_grass":23,"minecraft:big_dripleaf":1,"minecraft:sea_pickle":1,"minecraft:beehive":25,"minecraft:gravel":130,"minecraft:polished_andesite":1,"ftbstoneblock:1x_compressed_cobblestone":28},"minecraft:custom":{"minecraft:interact_with_crafting_table":40,"minecraft:open_barrel":4,"minecraft:leave_game":2,"minecraft:time_since_death":55123,"minecraft:sprint_one_cm":338804,"champions:champion_mobs_killed":166,"minecraft:damage_blocked_by_shield":140,"minecraft:drop":569,"minecraft:play_time":271076,"minecraft:deaths":3,"minecraft:jump":2086,"minecraft:walk_on_water_one_cm":5751,"minecraft:interact_with_furnace":14,"minecraft:sleep_in_bed":1,"minecraft:damage_dealt":29728,"minecraft:crouch_one_cm":29110,"minecraft:mob_kills":191,"minecraft:climb_one_cm":16536,"minecraft:walk_one_cm":531176,"minecraft:sneak_time":10943,"minecraft:walk_under_water_one_cm":3340,"minecraft:total_world_time":271076,"minecraft:time_since_rest":55152,"minecraft:damage_absorbed":2316,"minecraft:damage_taken":5664,"minecraft:trigger_trapped_chest":1,"minecraft:swim_one_cm":2596,"minecraft:fly_one_cm":310166,"minecraft:open_chest":279,"minecraft:fall_one_cm":26635}},"DataVersion":2975}