{"stats":{"minecraft:mined":{"minecraft:dragon_wall_head":1,"create:andesite_casing":8,"minecraft:obsidian":64,"createaddition:tesla_coil":2,"ftbstoneblock:1x_compressed_gravel":64,"minecraft:light_gray_bed":2,"minecraft:coal_block":8,"minecraft:crimson_fungus":1,"minecraft:oak_wall_sign":1,"minecraft:spawner":21,"minecraft:weeping_vines_plant":8,"ironchest:crystal_chest":1,"minecraft:magma_block":16,"minecraft:dark_oak_trapdoor":1,"minecraft:barrel":92,"minecraft:sticky_piston":1,"minecraft:fire":7,"minecraft:moss_carpet":13,"minecraft:granite_slab":1,"minecraft:fletching_table":1,"minecraft:twisting_vines":2,"minecraft:oak_sign":2,"minecraft:cave_vines":10,"mcwdoors:metal_warning_door":2,"minecraft:spruce_wood":55,"minecraft:iron_block":1,"stonechest:chest_cobblestone":3,"create:mechanical_press":1,"minecraft:tripwire":25,"create:cogwheel":50,"minecraft:brown_mushroom":10,"minecraft:smoker":1,"minecraft:soul_fire":21,"minecraft:amethyst_cluster":1,"minecraft:torch":5,"minecraft:blast_furnace":1,"minecraft:amethyst_block":7,"create:basin":1,"minecraft:repeater":4,"minecraft:wheat":1,"minecraft:jukebox":2,"minecraft:stone_brick_stairs":1,"minecraft:wither_rose":7,"minecraft:grass":30,"create:hand_crank":3,"minecraft:nether_brick_wall":1,"ae2:charger":1,"minecraft:nether_bricks":1,"minecraft:dark_oak_fence":4,"minecraft:crimson_roots":3,"minecraft:redstone_wire":3,"create:encased_fan":3,"minecraft:moss_block":82,"minecraft:red_mushroom":5,"create:shaft":29,"minecraft:andesite":620,"minecraft:big_dripleaf_stem":6,"minecraft:potatoes":2,"create:andesite_encased_large_cogwheel":1,"create:deployer":1,"minecraft:green_candle":2,"minecraft:soul_sand":6,"minecraft:stone_brick_slab":1,"minecraft:cobbled_deepslate_wall":1,"minecraft:warped_roots":1,"minecraft:tall_grass":10,"minecraft:big_dripleaf":3,"farmersdelight:skillet":1,"minecraft:trapped_chest":6,"minecraft:stripped_spruce_wood":1,"create:gearbox":1,"create:crushing_wheel":3,"minecraft:gravel":419,"minecraft:cobweb":196,"minecraft:chipped_anvil":4,"ftbstoneblock:1x_compressed_cobblestone":65,"minecraft:fern":1,"minecraft:spruce_planks":3,"minecraft:oak_sapling":1,"minecraft:grass_block":6,"minecraft:spruce_trapdoor":1,"minecraft:cave_vines_plant":8,"ftbsbc:bits_spawner":2,"minecraft:soul_soil":64,"ftbstoneblock:1x_compressed_dirt":93,"minecraft:composter":7,"minecraft:pointed_dripstone":3,"minecraft:iron_bars":1,"minecraft:azalea":2,"simplylight:lamp_post":5,"powah:energy_cable_basic":9,"minecraft:quartz_block":2,"minecraft:twisting_vines_plant":5,"minecraft:clay":71,"mob_grinding_utils:tank":3,"minecraft:chest":81,"minecraft:cobblestone":385,"minecraft:slime_block":9,"minecraft:wall_torch":4,"create:large_water_wheel":2,"minecraft:nether_wart_block":5,"minecraft:warped_planks":7,"minecraft:tnt":18,"minecraft:oak_log":91,"minecraft:sand":19,"minecraft:dirt":60,"minecraft:tripwire_hook":20,"minecraft:dispenser":20,"minecraft:ancient_debris":1,"minecraft:netherrack":325,"minecraft:oak_leaves":362,"minecraft:gray_candle":1,"trashcans:item_trash_can":1,"minecraft:tuff":12,"gravestone:gravestone":39,"create:large_cogwheel":41,"minecraft:weeping_vines":3,"create:depot":3,"minecraft:polished_andesite_slab":6,"ftbstoneblock:dust":24,"powah:thermo_generator_hardened":1,"createaddition:rolling_mill":5,"minecraft:dark_oak_fence_gate":1,"minecraft:bookshelf":19,"minecraft:stone":664,"minecraft:scaffolding":3,"minecraft:warped_fence":10,"minecraft:oak_fence":4,"ftbstoneblock:2x_compressed_stone":2,"ftbstoneblock:1x_compressed_sand":92,"minecraft:lime_carpet":27,"minecraft:stone_slab":3,"minecraft:sea_pickle":1,"minecraft:beehive":1,"minecraft:warped_hyphae":1,"create:mechanical_crafter":24,"minecraft:polished_andesite":6,"minecraft:small_dripleaf":1},"minecraft:killed_by":{"minecraft:piglin_brute":7,"minecraft:vindicator":1,"minecraft:zombie":2,"minecraft:wither_skeleton":3,"minecraft:creeper":2,"minecraft:piglin":1,"minecraft:cave_spider":1,"minecraft:blaze":1,"minecraft:endermite":1,"minecraft:player":12,"minecraft:hoglin":1,"minecraft:skeleton":2},"minecraft:broken":{"mekanismtools:stone_paxel":1,"minecraft:golden_boots":2,"botania:manasteel_helmet":1,"minecraft:iron_sword":2,"minecraft:leather_helmet":1,"ftbsbc:fire_plow":8,"botania:manasteel_boots":1,"minecraft:turtle_helmet":1,"ftbsbc:stone_hammer":6,"mekanismtools:iron_paxel":3,"minecraft:diamond_boots":1,"woodenshears:wooden_shears":2,"botania:manasteel_leggings":1,"minecraft:diamond_chestplate":1,"justhammers:iron_hammer":4,"ftbsbc:stone_crook":1,"create:sand_paper":1},"minecraft:killed":{"minecraft:cave_spider":4,"minecraft:zombie_horse":2,"minecraft:skeleton":46,"minecraft:fox":1,"minecraft:chicken":1,"minecraft:magma_cube":49,"minecraft:parrot":1,"minecraft:elder_guardian":1,"minecraft:pillager":18,"minecraft:zombie":115,"minecraft:glow_squid":1,"minecraft:evoker":2,"minecraft:endermite":6,"minecraft:vindicator":5,"minecraft:husk":1,"minecraft:enderman":2,"minecraft:zombified_piglin":4,"minecraft:witch":8,"minecraft:spider":11,"minecraft:bee":4,"minecraft:silverfish":41,"minecraft:piglin_brute":7,"minecraft:wolf":1,"minecraft:piglin":16,"minecraft:zombie_villager":2,"minecraft:creeper":13,"minecraft:ghast":1,"minecraft:stray":3,"minecraft:blaze":12,"minecraft:vex":8,"minecraft:slime":10,"minecraft:phantom":3,"minecraft:llama":5,"ars_nouveau:summon_wolf":1,"minecraft:drowned":1,"minecraft:hoglin":5,"ars_nouveau:wilden_stalker":7,"minecraft:wither_skeleton":17},"minecraft:dropped":{"farmersdelight:hamburger":4,"minecraft:clay":12,"minecraft:iron_sword":2,"minecraft:piston":4,"minecraft:porkchop":53,"minecraft:respawn_anchor":6,"minecraft:lapis_lazuli":95,"chipped:glowstone_13":8,"minecraft:glow_ink_sac":115,"minecraft:glass_bottle":45,"minecraft:diamond":145,"minecraft:crafting_table":2,"minecraft:cooked_porkchop":18,"minecraft:crossbow":12,"minecraft:weeping_vines":42,"minecraft:cookie":472,"farmersdelight:cooked_bacon":8,"minecraft:glow_berries":177,"minecraft:warped_roots":6,"create:cogwheel":2,"ars_nouveau:earth_essence":5,"minecraft:fletching_table":1,"minecraft:saddle":51,"minecraft:brown_banner":1,"nethersdelight:hoglin_loin":12,"minecraft:leather_helmet":1,"minecraft:red_mushroom":203,"botania:manasteel_leggings":7,"minecraft:emerald":71,"minecraft:gold_block":406,"minecraft:dirt":13,"botania:manasteel_boots":1,"constructionwand:iron_wand":2,"ars_nouveau:ring_of_lesser_discount":8,"minecraft:stone_button":3,"minecraft:dark_oak_fence":1,"minecraft:dark_oak_trapdoor":1,"buddingcrystals:budding_emerald":1,"darkutils:vector_plate":4,"ars_nouveau:fire_essence":2,"minecraft:jack_o_lantern":9,"minecraft:chain":37,"minecraft:jungle_sapling":36,"supplementaries:flax":16,"minecraft:gold_nugget":659,"powah:dielectric_paste":124,"chipped:bone_block_10":23,"minecraft:phantom_membrane":28,"minecraft:gray_candle":31,"minecraft:sand":374,"tconstruct:sky_slime_ball":45,"minecraft:sugar":7,"minecraft:iron_pickaxe":1,"minecraft:lime_candle":45,"minecraft:fermented_spider_eye":5,"minecraft:music_disc_stal":4,"ars_nouveau:source_gem":2,"thermal:raw_tin":75,"minecraft:bone":218,"minecraft:green_candle":24,"minecraft:stone_axe":6,"minecraft:ancient_debris":23,"minecraft:polished_andesite_slab":41,"minecraft:iron_nugget":973,"minecraft:music_disc_chirp":8,"minecraft:golden_chestplate":86,"ars_nouveau:whirlisprig_shards":4,"minecraft:wheat":60,"minecraft:birch_sapling":20,"minecraft:obsidian":222,"minecraft:grindstone":2,"ftbsbc:stone_crook":6,"minecraft:rotten_flesh":376,"botania:cosmetic_questgiver_mark":8,"minecraft:oak_planks":30,"powah:crystal_blazing":4,"minecraft:enchanted_golden_apple":7,"minecraft:glowstone_dust":105,"immersiveengineering:raw_aluminum":129,"create:potato_cannon":4,"minecraft:blaze_powder":49,"minecraft:music_disc_far":1,"powah:energy_cable_starter":24,"botania:lens_fire":5,"jags:jags":11,"minecraft:golden_shovel":6,"justhammers:iron_hammer":1,"minecraft:nether_brick_fence":153,"minecraft:warped_planks":43,"botania:manasteel_ingot":1,"minecraft:rabbit_foot":2,"projecte:alchemical_coal":2,"minecraft:tipped_arrow":910,"minecraft:red_candle":57,"compactmachines:personal_shrinking_device":1,"minecraft:charcoal":60,"minecraft:quartz_block":112,"minecraft:hopper":15,"minecraft:music_disc_mall":8,"minecraft:leather_boots":1,"farmersdelight:mixed_salad":14,"botanypots:light_blue_concrete_botany_pot":3,"minecraft:acacia_sapling":44,"minecraft:ladder":1,"create:mechanical_crafter":12,"minecraft:leather_leggings":6,"farmersdelight:rope":40,"minecraft:brown_candle":18,"minecraft:red_nether_bricks":123,"mcwfurnitures:acacia_drawer":4,"thermal:bronze_ingot":1,"minecraft:crying_obsidian":321,"minecraft:ghast_tear":6,"prettypipes:high_speed_module":4,"minecraft:stone_brick_stairs":4,"powah:magmator_starter":1,"minecraft:egg":8,"mekanism:fluorite_gem":7,"farmersdelight:tomato_seeds":3,"minecraft:enchanted_book":21,"minecraft:golden_boots":14,"minecraft:iron_ingot":133,"minecraft:wolf_spawn_egg":22,"create:rose_quartz":2,"minecraft:mooshroom_spawn_egg":1,"minecraft:wheat_seeds":35,"minecraft:clock":24,"minecraft:tnt":17,"minecraft:golden_horse_armor":3,"ars_nouveau:apprentice_boots":1,"minecraft:oak_fence":10,"minecraft:guardian_spawn_egg":6,"minecraft:feather":47,"minecraft:cobblestone":10268,"minecraft:book":69,"minecraft:elder_guardian_spawn_egg":1,"minecraft:apple":33,"minecraft:granite":1,"ftbdripper:dripper":1,"minecraft:music_disc_pigstep":3,"minecraft:deepslate_tile_slab":27,"minecraft:chicken_spawn_egg":1,"minecraft:polished_blackstone_button":8,"minecraft:chainmail_helmet":1,"chickens:chicken_item":28,"minecraft:coal":313,"minecraft:golden_apple":22,"minecraft:coal_block":48,"minecraft:polished_andesite":151,"minecraft:lava_bucket":2,"minecraft:cobweb":18,"minecraft:diamond_horse_armor":1,"minecraft:dried_kelp_block":9,"immersiveengineering:cloche":6,"tconstruct:necrotic_bone":10,"minecraft:golden_carrot":35,"minecraft:wooden_hoe":3,"minecraft:lodestone":19,"minecraft:wooden_axe":3,"minecraft:rabbit":14,"minecraft:cooked_salmon":7,"minecraft:diamond_helmet":2,"minecraft:lime_carpet":378,"projecte:dark_matter":4,"minecraft:potion":2,"minecraft:dead_bush":5,"minecraft:dried_kelp":1581,"minecraft:golden_hoe":3,"minecraft:white_banner":2,"thermal:rf_potato":9,"ftbstoneblock:stonepebble":2,"powah:energy_cable_basic":2,"minecraft:chipped_anvil":8,"minecraft:chainmail_leggings":3,"minecraft:iron_shovel":3,"minecraft:paper":7,"minecraft:string":1858,"minecraft:blue_candle":35,"minecraft:trapped_chest":35,"create:raw_zinc":231,"minecraft:red_nether_brick_wall":6,"powah:uraninite_raw":96,"minecraft:spruce_sapling":12,"minecraft:stone_brick_slab":1,"farmersdelight:glow_berry_custard":6,"minecraft:snow_block":12,"farmersdelight:melon_juice":4,"minecraft:furnace":1,"chiselsandbits:magnifying_glass":1,"minecraft:moss_carpet":15,"createaddition:capacitor":5,"ars_nouveau:manipulation_essence":2,"minecraft:soul_soil":857,"ars_nouveau:source_berry":2,"minecraft:stone_sword":8,"minecraft:cobblestone_wall":1,"minecraft:bowl":27,"minecraft:sticky_piston":3,"minecraft:diamond_hoe":3,"minecraft:experience_bottle":6,"minecraft:chicken":19,"farmersdelight:beef_stew":45,"minecraft:clay_ball":2060,"torchbowmod:torchbow":7,"minecraft:slime_block":27,"minecraft:stone_slab":18,"minecraft:name_tag":6,"minecraft:budding_amethyst":8,"minecraft:nether_bricks":130,"minecraft:pumpkin_seeds":5,"minecraft:blast_furnace":2,"minecraft:diamond_sword":7,"minecraft:big_dripleaf":11,"minecraft:potato":5,"mekanismtools:steel_sword":1,"tconstruct:sky_slime_sling":1,"minecraft:cobblestone_slab":5,"minecraft:flower_pot":5,"minecraft:sea_pickle":27,"minecraft:powder_snow_bucket":5,"minecraft:spruce_planks":9,"create:zinc_ingot":136,"minecraft:diamond_pickaxe":17,"ftbstoneblock:dust":2865,"thermal:phytogro":119,"create:hand_crank":1,"minecraft:wooden_shovel":2,"ars_nouveau:starbuncle_shards":1,"minecraft:redstone_torch":1,"minecraft:spider_eye":23,"minecraft:barrel":228,"minecraft:warped_button":15,"minecraft:bamboo":15,"thermal:energy_cell_frame":4,"farmersdelight:mushroom_rice":6,"create:brass_casing":4,"minecraft:bow":33,"minecraft:purple_candle":10,"minecraft:horse_spawn_egg":2,"farmersdelight:apple_cider":1,"ars_nouveau:source_berry_pie":20,"ars_nouveau:amplify_arrow":24,"minecraft:crimson_hyphae":5,"minecraft:magma_block":9,"create:electron_tube":1,"minecraft:cooked_rabbit":10,"ironchest:crystal_chest":1,"ae2:certus_quartz_crystal":128,"minecraft:crimson_nylium":15,"minecraft:brown_mushroom":24,"minecraft:candle":270,"minecraft:soul_sand":1198,"minecraft:moss_block":21,"minecraft:llama_spawn_egg":2,"minecraft:diamond_axe":2,"minecraft:warped_fungus":1,"minecraft:oak_log":90,"minecraft:golden_pickaxe":6,"minecraft:ender_pearl":60,"minecraft:nether_star":4,"minecraft:dark_oak_sapling":4,"botania:lava_pendant":1,"ftbstoneblock:warm_silverfish_shard":28,"chipped:blackstone_29":15,"minecraft:lantern":1,"minecraft:deepslate_tile_wall":3,"minecraft:leather":420,"createaddition:chocolate_cake":4,"tconstruct:blood_slime_sapling":8,"minecraft:iron_horse_armor":1,"chancecubes:chance_cube":21,"luggage:luggage":39,"minecraft:cod":54,"minecraft:music_disc_11":1,"minecraft:cobblestone_stairs":9,"minecraft:flint":434,"ftbstoneblock:mob_soul":168,"minecraft:deepslate_tile_stairs":39,"minecraft:warped_pressure_plate":6,"minecraft:redstone_lamp":442,"create:brass_sheet":1,"minecraft:netherite_scrap":2,"minecraft:polished_blackstone_pressure_plate":84,"botania:manasteel_helmet":4,"minecraft:dispenser":20,"buildinggadgets:gadget_exchanging":1,"minecraft:cornflower":112,"minecraft:mutton":10,"minecraft:crimson_roots":120,"minecraft:cooked_cod":12,"minecraft:snowball":6,"gravestone:obituary":146,"minecraft:gilded_blackstone":174,"minecraft:pumpkin_pie":11,"botania:quartz_mana":39,"farmersdelight:cooked_salmon_slice":34,"create:large_cogwheel":3,"minecraft:glistering_melon_slice":32,"industrialforegoing:straw":8,"minecraft:gold_ingot":202,"stonechest:part_cobblestone":3,"minecraft:gravel":2802,"minecraft:crimson_fungus":50,"minecraft:blackstone":1876,"ars_nouveau:wilden_spike":21,"soulshards:soul_shard":1,"minecraft:music_disc_otherside":1,"minecraft:twisting_vines":33,"minecraft:pointed_dripstone":4,"minecraft:white_candle":1,"minecraft:diamond_shovel":9,"minecraft:prismarine":16,"ftbstoneblock:2x_compressed_stone":18,"minecraft:beehive":13,"bloodmagic:weakbloodorb":15,"minecraft:cooked_mutton":4,"minecraft:stone_stairs":8,"minecraft:honey_bottle":99,"ae2:certus_crystal_seed":510,"ae2:charged_certus_quartz_crystal":97,"industrialforegoing:mob_imprisonment_tool":1,"ars_nouveau:water_essence":9,"minecraft:carrot":2,"ae2:sky_dust":3,"minecraft:shulker_shell":1,"minecraft:leather_chestplate":3,"tconstruct:bacon":4,"minecraft:trident":9,"minecraft:gunpowder":1747,"minecraft:ocelot_spawn_egg":1,"ars_nouveau:apprentice_hood":1,"minecraft:skeleton_skull":21,"minecraft:beetroot_seeds":9,"minecraft:melon_seeds":5,"minecraft:lingering_potion":11,"minecraft:glowstone":121,"minecraft:chest":221,"minecraft:azalea":5,"minecraft:chainmail_boots":1,"create:brass_ingot":48,"minecraft:iron_bars":84,"minecraft:arrow":288,"compactcrafting:field_projector":4,"minecraft:scaffolding":16,"minecraft:quartz":444,"immersiveengineering:seed":7,"minecraft:written_book":3,"minecraft:splash_potion":14,"minecraft:netherrack":3330,"create:andesite_alloy":19,"minecraft:firework_rocket":1311,"minecraft:stone_hoe":1,"minecraft:water_bucket":10,"minecraft:bread":10,"minecraft:light_blue_candle":9,"minecraft:golden_helmet":10,"tconstruct:blood_slime_grass_seeds":12,"minecraft:bookshelf":80,"buddingcrystals:crystal_catalyst":16,"minecraft:diamond_leggings":6,"minecraft:poisonous_potato":1,"minecraft:golden_axe":8,"farmersdelight:bacon_sandwich":1,"minecraft:amethyst_block":7,"powah:steel_energized":13,"minecraft:copper_ingot":220,"minecraft:nether_brick_wall":14,"minecraft:orange_candle":9,"minecraft:stick":237,"minecraft:iron_block":20,"minecraft:black_candle":10,"botania:manasteel_chestplate":6,"ftbsbc:stone_hammer":8,"minecraft:milk_bucket":4,"minecraft:diorite":13,"minecraft:brewing_stand":1,"minecraft:torch":349,"minecraft:repeater":66,"minecraft:nether_wart_block":521,"minecraft:zombie_head":5,"minecraft:fire_charge":48,"minecraft:iron_leggings":4,"minecraft:zombie_horse_spawn_egg":2,"minecraft:cyan_candle":40,"minecraft:music_disc_strad":1,"immersiveengineering:shader_bag_epic":32,"minecraft:music_disc_ward":8,"mekanism:raw_osmium":73,"minecraft:wither_rose":19,"minecraft:polished_andesite_stairs":1,"createaddition:copper_spool":3,"minecraft:music_disc_wait":6,"minecraft:tripwire_hook":80,"farmersdelight:shepherds_pie":4,"minecraft:bucket":2,"createaddition:brass_rod":4,"minecraft:music_disc_cat":1,"ars_nouveau:wilden_wing":62,"minecraft:dandelion":132,"minecraft:redstone":391,"buddingcrystals:budding_diamond":1,"mekanismtools:diamond_paxel":4,"nethersdelight:hoglin_sirloin":2,"minecraft:anvil":1,"minecraft:dragon_head":4,"tconstruct:ichor_slime_ball":5,"minecraft:nether_wart":67,"minecraft:blaze_rod":234,"minecraft:raw_copper":2,"minecraft:jukebox":11,"thermal:raw_lead":75,"thermal:slag":11,"minecraft:tuff":518,"supplementaries:bomb":4,"minecraft:raw_iron":183,"minecraft:composter":21,"botania:magnet_ring":3,"minecraft:wither_skeleton_skull":6,"minecraft:iron_hoe":1,"minecraft:pink_candle":4,"minecraft:smoker":1,"ftbstoneblock:cold_silverfish_shard":502,"minecraft:light_gray_candle":27,"immersiveengineering:shader":17,"minecraft:flint_and_steel":57,"pipez:fluid_pipe":16,"minecraft:diamond_chestplate":3,"supplementaries:flint_block":1,"ae2:fluix_crystal":28,"simplylight:lamp_post":4,"minecraft:iron_chestplate":5,"minecraft:andesite":688,"minecraft:warped_fence":10,"minecraft:cake":3,"minecraft:fox_spawn_egg":6,"minecraft:magenta_candle":16,"tconstruct:earth_slime_sapling":6,"minecraft:golden_leggings":43,"supercircuitmaker:tiny_redstone":12,"minecraft:oak_sapling":64,"minecraft:golden_sword":16,"projecte:mobius_fuel":6,"mekanismtools:refined_glowstone_leggings":5,"minecraft:slime_ball":97,"minecraft:music_disc_mellohi":20,"minecraft:magma_cream":54,"botania:cosmetic_tiny_potato_mask":8,"ftbquests:lootcrate":77,"minecraft:brick":109,"ars_nouveau:ritual_challenge":3},"minecraft:crafted":{"minecraft:oak_sign":3,"stonechest:chest_cobblestone":19,"minecraft:bookshelf":7,"minecraft:glass":18,"ae2:drive":1,"create:mechanical_press":1,"ftbstoneblock:1x_compressed_stone":6,"create:cogwheel":24,"minecraft:gravel":45,"ftbsbc:stone_rod":56,"minecraft:copper_ingot":18,"minecraft:hay_block":6,"create:gearbox":2,"create:encased_fan":1,"industrialforegoing:item_transporter_type":2,"minecraft:stone_slab":6,"minecraft:iron_pickaxe":1,"ftbsbc:stone_hammer":19,"minecraft:iron_block":4,"create:large_cogwheel":8,"create:propeller":1,"buddingcrystals:budding_emerald":1,"buddingcrystals:budding_diamond":1,"minecraft:composter":1,"thermal:tin_ingot":11,"minecraft:stone_shovel":1,"ftbsbc:stone_crook":6,"minecraft:bone_meal":42,"minecraft:stone_pickaxe":1,"minecraft:redstone_block":1,"create:belt_connector":1,"create:electron_tube":1,"ironchest:gold_chest":2,"ae2:fluix_glass_cable":4,"ae2:certus_crystal_seed":110,"minecraft:cobblestone":2,"thermal:lead_ingot":21,"minecraft:iron_shovel":1,"create:shaft":24,"ae2:sky_stone_block":11,"minecraft:grindstone":1,"minecraft:oak_planks":320,"mekanismtools:iron_paxel":2,"ae2:controller":1,"chickens:catcher":1,"minecraft:cooked_chicken":123,"minecraft:sand":45,"minecraft:stone":57,"create:deployer":1,"ftbstoneblock:1x_compressed_dirt":198,"minecraft:warped_planks":8,"minecraft:oak_button":41,"minecraft:stone_hoe":1,"create:brass_hand":1,"immersiveengineering:ingot_aluminum":29,"minecraft:oak_slab":12,"create:depot":2,"minecraft:cauldron":1,"woodenshears:wooden_shears":6,"minecraft:crafting_table":3,"create:zinc_nugget":63,"create:sand_paper":1,"ftbsbc:fire_plow":9,"ftbstoneblock:1x_compressed_sand":197,"mekanismtools:stone_paxel":1,"cobblefordays:tier_1":1,"minecraft:yellow_dye":40,"create:water_wheel":12,"minecraft:stick":164,"minecraft:iron_ingot":80,"minecraft:stone_sword":1,"minecraft:shears":1,"ae2:charger":1,"ae2:quartz_fiber":3,"create:empty_blaze_burner":1,"minecraft:polished_andesite":12,"minecraft:coarse_dirt":4,"stonechest:part_cobblestone":76,"ironfurnaces:gold_furnace":1,"minecraft:furnace":1,"ftbstoneblock:1x_compressed_gravel":198,"minecraft:flint_and_steel":1,"minecraft:iron_axe":1,"create:millstone":1,"chickens:breeder":1,"create:andesite_alloy":31,"create:hand_crank":5,"minecraft:cyan_dye":1,"minecraft:iron_sword":1,"create:large_water_wheel":12,"industrialforegoing:machine_frame_pity":1,"minecraft:dirt":18,"ae2:silicon":9,"minecraft:bucket":2,"minecraft:stone_axe":2,"minecraft:air":0,"ftbstoneblock:1x_compressed_cobblestone":262,"justhammers:iron_hammer":1,"projecte:cyan_alchemical_bag":1,"minecraft:white_dye":40,"minecraft:anvil":1,"chickens:roost":1,"create:zinc_ingot":80,"minecraft:diamond_chestplate":1,"ironchest:iron_chest":2},"minecraft:used":{"minecraft:moss_block":8,"farmersdelight:mixed_salad":9,"create:deployer":2,"ae2:charger":2,"minecraft:spruce_slab":1,"trashcans:item_trash_can":1,"minecraft:chest":3,"woodenshears:wooden_shears":116,"minecraft:stone":2,"minecraft:soul_sand":27,"create:mechanical_crafter":42,"create:depot":5,"minecraft:lava_bucket":15,"minecraft:quartz_block":1,"simplylight:lamp_post":7,"farmersdelight:bacon_sandwich":6,"farmersdelight:glow_berry_custard":2,"minecraft:bow":135,"farmersdelight:beef_stew":3,"create:shaft":33,"minecraft:oak_sapling":20,"minecraft:cooked_cod":13,"minecraft:furnace":1,"minecraft:egg":8,"minecraft:potato":63,"mcwdoors:metal_warning_door":2,"farmersdelight:hamburger":9,"minecraft:composter":1,"minecraft:cookie":3,"minecraft:glow_berries":226,"minecraft:oak_leaves":6,"minecraft:golden_apple":1,"minecraft:sand":21,"mob_grinding_utils:tank":4,"ae2:controller":1,"mekanismtools:iron_paxel":1464,"gag:time_sand_pouch":109,"create:basin":1,"minecraft:diamond_sword":648,"minecraft:nether_wart_block":3,"powah:thermo_generator_hardened":2,"minecraft:dark_oak_fence":1,"ironfurnaces:gold_furnace":1,"minecraft:stone_sword":80,"ftbsbc:fire_plow":32,"powah:energizing_rod_starter":1,"ftbsbc:stone_hammer":1055,"minecraft:netherrack":135,"minecraft:torch":6,"minecraft:twisting_vines":1,"chancecubes:compact_giant_chance_cube":1,"create:gearbox":3,"minecraft:iron_block":1,"minecraft:totem_of_undying":4,"minecraft:barrel":1,"minecraft:diamond_chestplate":1,"cobblefordays:tier_1":1,"stonechest:chest_cobblestone":21,"minecraft:wheat_seeds":2,"minecraft:water_bucket":29,"mob_grinding_utils:solid_xp_baby":4,"tconstruct:bacon":4,"mekanismtools:stone_paxel":290,"minecraft:cauldron":1,"create:blaze_burner":1,"create:encased_fan":4,"minecraft:crafting_table":2,"supplementaries:bomb":2,"botania:manasteel_helmet":1,"minecraft:dark_oak_fence_gate":1,"minecraft:cake":1,"justhammers:iron_hammer":516,"minecraft:oak_log":9,"minecraft:diamond_pickaxe":247,"minecraft:spruce_trapdoor":1,"minecraft:cobblestone":520,"minecraft:cooked_porkchop":3,"minecraft:candle":1,"jags:jags":1,"minecraft:moss_carpet":11,"minecraft:oak_sign":2,"minecraft:iron_sword":525,"farmersdelight:melon_juice":5,"minecraft:iron_chestplate":1,"create:cogwheel":101,"minecraft:tuff":21,"minecraft:beehive":1,"mekanismtools:diamond_paxel":1023,"minecraft:honey_bottle":34,"minecraft:big_dripleaf":7,"ftbstoneblock:1x_compressed_dirt":198,"chancecubes:chance_cube":65,"chickens:breeder":1,"create:millstone":1,"minecraft:magma_block":1,"minecraft:written_book":2,"ftbstoneblock:1x_compressed_sand":197,"industrialforegoing:item_transporter_type":2,"minecraft:golden_boots":2,"minecraft:diamond_boots":1,"create:crushing_wheel":5,"chickens:roost":1,"createaddition:rolling_mill":6,"justhammers:iron_impact_hammer":129,"minecraft:white_wool":4,"minecraft:crossbow":18,"minecraft:firework_rocket":29,"minecraft:bread":18,"create:potato_cannon":1,"minecraft:gravel":325,"minecraft:cooked_rabbit":10,"ars_nouveau:apprentice_boots":1,"minecraft:andesite":23,"create:large_cogwheel":58,"minecraft:coarse_dirt":4,"ftbsbc:stone_crook":265,"minecraft:bone_meal":570,"minecraft:experience_bottle":10,"ironchest:crystal_chest":1,"minecraft:oak_fence":2,"minecraft:flint_and_steel":4,"powah:energy_cable_basic":19,"thermal:device_water_gen":1,"minecraft:cooked_chicken":2,"minecraft:stone_hoe":130,"minecraft:dirt":110,"ironchest:diamond_chest":1,"minecraft:golden_chestplate":1,"minecraft:granite":1,"minecraft:stone_brick_slab":2,"farmersdelight:mushroom_rice":3,"minecraft:bookshelf":7,"farmersdelight:cooked_salmon_slice":4,"createaddition:tesla_coil":3,"minecraft:golden_carrot":44,"ftbstoneblock:1x_compressed_cobblestone":262,"ironchest:gold_chest":2,"ftbstoneblock:1x_compressed_gravel":205,"minecraft:light_gray_bed":2,"minecraft:iron_leggings":1,"pipez:fluid_pipe":9,"minecraft:cooked_mutton":4,"botanypots:terracotta_hopper_botany_pot":2,"farmersdelight:skillet":3,"botania:manasteel_boots":1,"minecraft:warped_planks":7,"farmersdelight:apple_cider":3,"minecraft:apple":36,"create:mechanical_press":2,"minecraft:stone_slab":2,"torchbowmod:torchbow":12,"create:large_water_wheel":14,"minecraft:golden_leggings":1,"minecraft:stone_axe":78,"minecraft:bucket":86,"create:hand_crank":10,"minecraft:pumpkin_pie":7,"farmersdelight:fruit_salad":2,"minecraft:splash_potion":1,"minecraft:chainmail_leggings":1},"minecraft:picked_up":{"minecraft:wooden_axe":1,"minecraft:blue_candle":1,"compactmachines:personal_shrinking_device":1,"minecraft:iron_chestplate":6,"mob_grinding_utils:fan_upgrade_width":3,"minecraft:flower_pot":2,"minecraft:stone_slab":17,"minecraft:diamond_sword":8,"minecraft:wither_rose":24,"minecraft:enchanted_book":21,"minecraft:golden_shovel":7,"projecte:magenta_alchemical_bag":1,"minecraft:brewing_stand":1,"minecraft:golden_sword":18,"minecraft:amethyst_block":7,"minecraft:soul_soil":743,"minecraft:dark_oak_trapdoor":1,"minecraft:string":1572,"minecraft:ocelot_spawn_egg":1,"minecraft:cooked_salmon":1,"minecraft:red_nether_bricks":145,"minecraft:diamond_leggings":6,"botania:manasteel_chestplate":6,"minecraft:gold_nugget":628,"minecraft:crimson_fence":2,"minecraft:spruce_planks":12,"thermal:rf_potato":9,"minecraft:written_book":3,"minecraft:enchanted_golden_apple":7,"minecraft:coal_block":8,"minecraft:golden_helmet":11,"minecraft:beehive":7,"immersiveengineering:shader_bag_epic":42,"ftbstoneblock:mob_soul":144,"minecraft:jukebox":11,"ftbstoneblock:warm_silverfish_shard":37,"minecraft:composter":17,"minecraft:big_dripleaf":40,"create:andesite_casing":7,"entangled:item":1,"projecte:dark_matter":2,"minecraft:golden_axe":11,"minecraft:warped_planks":49,"minecraft:warped_button":15,"minecraft:warped_pressure_plate":8,"createaddition:copper_spool":8,"mcwdoors:metal_warning_door":4,"minecraft:deepslate_tile_stairs":2,"minecraft:golden_chestplate":89,"minecraft:rabbit_foot":2,"thermal:apatite":27,"tconstruct:sky_slime_crystal":12,"botania:manasteel_ingot":1,"minecraft:stone_sword":7,"minecraft:light_gray_bed":2,"minecraft:lime_carpet":378,"minecraft:honey_bottle":88,"minecraft:red_tulip":1,"rftoolsutility:crafter1":2,"farmersdelight:rope":40,"minecraft:iron_block":26,"projecte:alchemical_coal":1,"minecraft:glowstone":128,"minecraft:bookshelf":80,"minecraft:wolf_spawn_egg":22,"thermal:slag":11,"minecraft:blaze_rod":235,"farmersdelight:melon_juice":6,"minecraft:iron_bars":81,"minecraft:snowball":6,"ars_nouveau:manipulation_essence":2,"minecraft:magma_block":12,"minecraft:feather":49,"chipped:bone_block_10":24,"botania:manasteel_boots":1,"minecraft:water_bucket":7,"ars_nouveau:source_berry":5,"minecraft:powder_snow_bucket":2,"minecraft:flint":471,"farmersdelight:cooked_bacon":5,"trashcans:item_trash_can":1,"ae2:charged_certus_quartz_crystal":29,"luggage:luggage":38,"mcwfurnitures:acacia_drawer":4,"minecraft:lantern":1,"minecraft:brown_candle":9,"minecraft:twisting_vines":35,"ftbstoneblock:1x_compressed_dirt":4,"minecraft:chipped_anvil":8,"pipez:fluid_pipe":16,"ftbstoneblock:1x_compressed_sand":2,"minecraft:warped_hyphae":2,"mekanismtools:lapis_lazuli_paxel":1,"tconstruct:blood_slime_sapling":8,"create:shaft":45,"industrialforegoing:range_addon0":1,"minecraft:llama_spawn_egg":1,"minecraft:glowstone_dust":109,"minecraft:diamond_helmet":1,"minecraft:moss_block":35,"minecraft:gray_candle":25,"minecraft:magenta_candle":20,"powah:thermo_generator_hardened":2,"bloodmagic:furnacecell_primitive":1,"ae2:certus_quartz_crystal":103,"functionalstorage:void_upgrade":2,"mekanismtools:stone_paxel":1,"minecraft:fermented_spider_eye":4,"minecraft:trapped_chest":36,"minecraft:barrel":53,"ftbsbc:stone_hammer":2,"ars_nouveau:apprentice_boots":1,"minecraft:polished_andesite":151,"minecraft:white_candle":1,"minecraft:dispenser":20,"farmersdelight:glow_berry_custard":6,"botanypots:light_blue_concrete_botany_pot":3,"minecraft:granite":2,"chiselsandbits:bit_bag":1,"tconstruct:blood_slime_grass_seeds":12,"minecraft:horse_spawn_egg":2,"minecraft:golden_horse_armor":3,"minecraft:bread":6,"minecraft:jack_o_lantern":12,"minecraft:dark_oak_fence":2,"minecraft:light_blue_candle":9,"minecraft:crimson_roots":125,"minecraft:diamond_pickaxe":23,"minecraft:crafting_table":1,"botania:lens_fire":5,"minecraft:nether_wart":72,"minecraft:clay_ball":1873,"minecraft:redstone_lamp":448,"minecraft:golden_pickaxe":5,"minecraft:leather_leggings":8,"minecraft:dragon_head":5,"gravestone:obituary":83,"minecraft:cornflower":110,"minecraft:pink_candle":3,"minecraft:flint_and_steel":59,"minecraft:netherite_scrap":3,"thermal:raw_nickel":7,"ars_nouveau:apprentice_hood":1,"minecraft:iron_shovel":1,"supplementaries:bomb":4,"minecraft:respawn_anchor":7,"minecraft:poppy":1,"thermal:niter":4,"minecraft:jungle_sapling":42,"minecraft:iron_nugget":1043,"minecraft:spruce_slab":1,"minecraft:birch_sapling":24,"minecraft:chest":161,"minecraft:piston":8,"minecraft:diamond_hoe":3,"ars_nouveau:fire_essence":2,"minecraft:egg":20,"ars_nouveau:ritual_challenge":4,"minecraft:music_disc_mellohi":20,"minecraft:fire_charge":26,"minecraft:cake":1,"minecraft:carrot":2,"minecraft:redstone":519,"create:brass_casing":6,"minecraft:red_nether_brick_wall":6,"minecraft:prismarine_crystals":1,"minecraft:chicken_spawn_egg":1,"minecraft:tnt":17,"tconstruct:sky_slime_ball":60,"minecraft:diamond_chestplate":1,"thermal:energy_cell":1,"minecraft:cooked_cod":14,"immersiveengineering:cloche":6,"minecraft:beetroot_seeds":9,"minecraft:diamond_boots":1,"farmersdelight:hamburger":11,"create:depot":3,"farmersdelight:beef_stew":40,"chipped:glowstone_13":9,"minecraft:gold_ingot":182,"minecraft:totem_of_undying":4,"minecraft:glow_berries":555,"minecraft:mutton":4,"tconstruct:earth_slime_sapling":2,"projecte:cyan_alchemical_bag":1,"minecraft:white_wool":4,"create:brass_sheet":5,"minecraft:clock":24,"shrink:shrinking_device":1,"minecraft:tripwire_hook":100,"minecraft:fox_spawn_egg":6,"minecraft:red_mushroom":203,"ae2:fluix_crystal":6,"functionalstorage:redstone_upgrade":2,"ars_nouveau:wilden_wing":58,"mob_grinding_utils:tank":3,"minecraft:oak_log":154,"minecraft:ancient_debris":26,"minecraft:golden_boots":18,"createaddition:capacitor":7,"farmersdelight:skillet":1,"minecraft:paper":4,"minecraft:white_banner":1,"bloodmagic:weakbloodorb":15,"create:crushing_wheel":5,"simplybackpacks:uncommonbackpack":1,"minecraft:apple":74,"ars_nouveau:water_essence":9,"minecraft:cobweb":18,"minecraft:glass_bottle":13,"minecraft:iron_sword":2,"stonechest:chest_cobblestone":4,"laserio:card_fluid":1,"minecraft:polished_andesite_stairs":1,"ftbstoneblock:1x_compressed_gravel":9,"minecraft:milk_bucket":2,"botania:manasteel_helmet":2,"projecte:mobius_fuel":4,"minecraft:gravel":4958,"projecte:white_alchemical_bag":4,"powah:uraninite_raw":96,"minecraft:spruce_sapling":14,"minecraft:orange_candle":3,"minecraft:crying_obsidian":401,"create:gearbox":1,"minecraft:leather_helmet":1,"minecraft:firework_rocket":1329,"minecraft:diamond_shovel":10,"ftbsbc:stone_crook":1,"minecraft:slime_ball":85,"minecraft:stone_axe":7,"immersiveengineering:seed":15,"minecraft:diamond_axe":3,"industrialforegoing:laser_lens0":1,"create:rose_quartz":2,"minecraft:warped_roots":6,"minecraft:lodestone":20,"farmersdelight:cooked_salmon_slice":26,"minecraft:melon_seeds":11,"minecraft:crimson_nylium":15,"minecraft:hopper":8,"minecraft:ender_pearl":60,"minecraft:shulker_shell":1,"minecraft:wheat":353,"minecraft:nether_brick_fence":153,"create:mechanical_crafter":69,"minecraft:potion":1,"botania:livingwood_twig":1,"minecraft:gilded_blackstone":179,"minecraft:stone_brick_stairs":1,"chancecubes:silk_touch_pendant":1,"minecraft:raw_copper":26,"minecraft:sticky_piston":3,"minecraft:red_candle":12,"minecraft:iron_leggings":2,"minecraft:netherite_ingot":1,"minecraft:experience_bottle":16,"minecraft:zombie_head":6,"minecraft:oak_sign":1,"thermal:sulfur":1,"minecraft:sea_pickle":22,"buddingcrystals:crystal_catalyst":28,"create:mechanical_press":1,"minecraft:bucket":4,"minecraft:white_tulip":1,"create:potato_cannon":2,"minecraft:redstone_torch":1,"minecraft:cobblestone_slab":1,"pipez:improved_upgrade":1,"minecraft:azalea":2,"minecraft:wooden_shovel":2,"nethersdelight:hoglin_sirloin":2,"minecraft:iron_pickaxe":1,"soulshards:soul_shard":1,"functionalstorage:linking_tool":1,"minecraft:tipped_arrow":906,"minecraft:stick":171,"buddingcrystals:budding_emerald":1,"ironchest:crystal_chest":2,"minecraft:oak_fence":12,"minecraft:torch":235,"thermal:raw_lead":103,"minecraft:snow_block":12,"minecraft:porkchop":41,"minecraft:dried_kelp":1409,"minecraft:diorite":12,"minecraft:pointed_dripstone":2,"minecraft:music_disc_pigstep":3,"minecraft:vine":9,"supplementaries:flax":11,"pipez:wrench":1,"create:large_cogwheel":52,"minecraft:quartz_block":113,"minecraft:rotten_flesh":169,"createaddition:chocolate_cake":4,"minecraft:music_disc_ward":9,"minecraft:guardian_spawn_egg":6,"ars_nouveau:whirlisprig_shards":3,"minecraft:music_disc_wait":5,"minecraft:obsidian":230,"minecraft:cod":45,"minecraft:blaze_powder":40,"minecraft:cobblestone":12484,"minecraft:crimson_hyphae":5,"mekanismtools:refined_glowstone_leggings":6,"farmersdelight:mixed_salad":20,"ftbstoneblock:dust":2725,"ftbstoneblock:2x_compressed_stone":18,"minecraft:leather_chestplate":2,"jags:jags":11,"minecraft:repeater":62,"minecraft:magma_cream":60,"farmersdelight:smoked_ham":1,"minecraft:andesite":1109,"thermal:phytogro":97,"minecraft:golden_leggings":49,"industrialforegoing:mob_imprisonment_tool":1,"minecraft:potato":125,"laserio:card_redstone":2,"chickens:chicken_item":33,"ars_nouveau:earth_essence":6,"minecraft:tuff":507,"create:raw_zinc":247,"minecraft:wither_skeleton_skull":9,"minecraft:lapis_lazuli":346,"powah:energy_cable_basic":23,"minecraft:dirt":2086,"gag:time_sand_pouch":3,"constructionwand:iron_wand":2,"mekanismtools:iron_paxel":1,"powah:dielectric_paste":79,"minecraft:name_tag":6,"itemcollectors:basic_collector":1,"ftbdripper:dripper":1,"minecraft:bone":163,"powah:steel_energized":11,"minecraft:bow":30,"minecraft:wheat_seeds":393,"ars_nouveau:source_gem":2,"minecraft:cobbled_deepslate_wall":1,"minecraft:green_candle":8,"minecraft:raw_gold":18,"minecraft:grindstone":1,"minecraft:bamboo":6,"minecraft:cyan_candle":2,"minecraft:fletching_table":1,"projecte:purple_alchemical_bag":3,"simplylight:lamp_post":13,"minecraft:prismarine":8,"minecraft:stone_hoe":1,"minecraft:oak_planks":23,"minecraft:ghast_tear":12,"thermal:raw_tin":109,"tconstruct:necrotic_bone":17,"minecraft:cooked_porkchop":27,"create:cogwheel":53,"minecraft:poisonous_potato":1,"ae2:charger":1,"immersiveengineering:raw_aluminum":185,"minecraft:sand":1940,"stonechest:part_cobblestone":6,"minecraft:dead_bush":1,"minecraft:sugar":7,"minecraft:clay":4,"minecraft:diamond":166,"mekanismtools:steel_sword":1,"minecraft:slime_block":36,"minecraft:polished_blackstone_pressure_plate":84,"minecraft:polished_blackstone_button":8,"chancecubes:chance_cube":47,"minecraft:crossbow":12,"supercircuitmaker:tiny_redstone":4,"ae2:certus_crystal_seed":281,"minecraft:bone_meal":193,"minecraft:golden_apple":21,"minecraft:emerald":98,"minecraft:oak_sapling":229,"minecraft:netherrack":3155,"minecraft:lingering_potion":12,"minecraft:oak_leaves":116,"minecraft:nether_star":2,"nethersdelight:hoglin_loin":16,"minecraft:charcoal":16,"minecraft:allium":1,"buildinggadgets:gadget_exchanging":1,"minecraft:splash_potion":15,"minecraft:chicken":13,"minecraft:ladder":2,"thermal:raw_silver":6,"minecraft:turtle_helmet":1,"createaddition:tesla_coil":3,"thermal:cinnabar":34,"minecraft:brown_mushroom":14,"botania:manasteel_leggings":6,"torchbowmod:torchbow":7,"ars_nouveau:blue_archwood_sapling":4,"minecraft:cooked_rabbit":30,"minecraft:gold_block":421,"createaddition:rolling_mill":6,"minecraft:chain":24,"minecraft:brick":81,"tconstruct:earth_slime_crystal":17,"immersiveengineering:ingot_aluminum":1,"botania:cosmetic_questgiver_mark":8,"ars_nouveau:amplify_arrow":24,"ftbquests:lootcrate":92,"projecte:light_gray_alchemical_bag":4,"minecraft:moss_carpet":29,"minecraft:stone_stairs":6,"minecraft:warped_fence":10,"minecraft:blackstone":1569,"ars_nouveau:source_berry_pie":17,"minecraft:candle":23,"ars_nouveau:starbuncle_shards":1,"tconstruct:earth_slime_sling":1,"create:basin":1,"minecraft:spruce_trapdoor":1,"minecraft:phantom_membrane":21,"botania:magnet_ring":4,"minecraft:dark_oak_sapling":6,"minecraft:raw_iron":230,"minecraft:copper_ingot":110,"minecraft:bowl":10,"minecraft:mooshroom_spawn_egg":1,"ars_nouveau:purple_archwood_sapling":4,"minecraft:stone_button":3,"minecraft:cookie":488,"minecraft:music_disc_11":1,"create:hand_crank":8,"minecraft:trident":7,"tconstruct:ichor_slime_ball":18,"minecraft:lime_candle":21,"minecraft:iron_horse_armor":2,"create:zinc_ingot":20,"chipped:blackstone_29":15,"powah:crystal_blazing":4,"create:deployer":1,"minecraft:purple_candle":8,"minecraft:weeping_vines":42,"minecraft:arrow":466,"botania:lava_pendant":5,"minecraft:pumpkin_pie":7,"ars_nouveau:ring_of_lesser_discount":11,"minecraft:nether_bricks":130,"ae2:certus_quartz_dust":115,"minecraft:golden_hoe":6,"industrialforegoing:straw":7,"immersiveengineering:shader":14,"farmersdelight:mushroom_rice":8,"farmersdelight:bacon_sandwich":6,"ftbstoneblock:cold_silverfish_shard":464,"minecraft:saddle":52,"minecraft:glistering_melon_slice":32,"minecraft:nether_brick_wall":14,"minecraft:skeleton_skull":29,"minecraft:wet_sponge":1,"thermal:device_water_gen":1,"minecraft:elder_guardian_spawn_egg":1,"powah:battery_blazing":1,"ftbstoneblock:stonepebble":16,"minecraft:golden_carrot":52,"minecraft:glow_ink_sac":98,"buddingcrystals:budding_diamond":1,"minecraft:leather":413,"minecraft:music_disc_stal":2,"compactcrafting:field_projector":4,"botania:blacker_lotus":1,"botania:cosmetic_tiny_potato_mask":8,"minecraft:crimson_fungus":55,"create:andesite_alloy":48,"minecraft:nether_wart_block":542,"minecraft:gunpowder":1105,"powah:energy_cable_starter":36,"minecraft:cobblestone_stairs":1,"minecraft:deepslate_tile_slab":3,"minecraft:wooden_hoe":2,"minecraft:zombie_horse_spawn_egg":1,"ars_nouveau:green_archwood_sapling":2,"minecraft:cooked_mutton":8,"tconstruct:sky_slime_sling":1,"ae2:sky_dust":53,"farmersdelight:apple_cider":6,"farmersdelight:fruit_salad":2,"minecraft:iron_ingot":152,"minecraft:cooked_chicken":2,"minecraft:polished_andesite_slab":41,"minecraft:soul_sand":1193,"tconstruct:bacon":4,"minecraft:acacia_sapling":49,"minecraft:music_disc_chirp":8,"minecraft:book":81,"minecraft:scaffolding":6,"create:large_water_wheel":2,"minecraft:warped_fungus":1,"minecraft:black_candle":10,"minecraft:stone_brick_slab":3,"minecraft:budding_amethyst":4,"botania:quartz_mana":25,"minecraft:quartz":394,"minecraft:dandelion":3,"minecraft:lava_bucket":2,"minecraft:amethyst_shard":12,"mekanismtools:diamond_paxel":7,"minecraft:blast_furnace":1,"mekanism:raw_osmium":137,"minecraft:dark_oak_fence_gate":1,"minecraft:spider_eye":14,"prettypipes:high_speed_module":4,"create:electron_tube":2,"ars_nouveau:wilden_spike":9,"minecraft:music_disc_mall":7,"minecraft:pumpkin_seeds":3,"minecraft:dried_kelp_block":3,"create:brass_ingot":16,"create:encased_fan":3,"minecraft:chainmail_leggings":1,"mekanism:fluorite_gem":9,"minecraft:coal":387},"minecraft:custom":{"minecraft:interact_with_crafting_table":150,"minecraft:open_barrel":131,"minecraft:bell_ring":4,"minecraft:eat_cake_slice":29,"minecraft:leave_game":3,"minecraft:time_since_death":38762,"champions:champion_mobs_killed":418,"minecraft:play_time":804388,"minecraft:deaths":40,"minecraft:jump":7760,"minecraft:interact_with_furnace":153,"minecraft:damage_dealt":71495,"minecraft:inspect_dispenser":4,"minecraft:use_cauldron":8,"minecraft:horse_one_cm":53190,"minecraft:interact_with_anvil":5,"minecraft:opened_chance_cube":75,"minecraft:damage_dealt_absorbed":40,"minecraft:sneak_time":45659,"minecraft:interact_with_blast_furnace":3,"minecraft:total_world_time":804388,"minecraft:time_since_rest":38788,"minecraft:swim_one_cm":4675,"minecraft:fly_one_cm":1384700,"minecraft:open_chest":1588,"minecraft:fall_one_cm":122554,"minecraft:animals_bred":2,"minecraft:sprint_one_cm":1056525,"minecraft:drop":4017,"minecraft:walk_on_water_one_cm":88428,"minecraft:player_kills":19,"minecraft:crouch_one_cm":121887,"minecraft:mob_kills":466,"minecraft:damage_dealt_resisted":152,"minecraft:climb_one_cm":19604,"minecraft:walk_one_cm":1271928,"minecraft:walk_under_water_one_cm":3464,"minecraft:opened_giant_chance_cube":1,"minecraft:damage_taken":22460,"minecraft:damage_absorbed":670,"minecraft:trigger_trapped_chest":6}},"DataVersion":2975}