{"stats":{"minecraft:crafted":{"stonechest:chest_cobblestone":28,"ftbsbc:stone_rod":136,"minecraft:copper_ingot":6,"create:mechanical_mixer":1,"ftbsbc:stone_hammer":6,"minecraft:iron_pickaxe":5,"minecraft:gold_ingot":37,"minecraft:stone_shovel":3,"ftbsbc:stone_crook":8,"minecraft:bone_meal":9,"minecraft:stone_pickaxe":3,"minecraft:cobblestone":21,"minecraft:iron_shovel":5,"minecraft:oak_planks":372,"mekanismtools:iron_paxel":5,"minecraft:cobblestone_slab":12,"minecraft:chest":15,"minecraft:crafting_table":1,"create:zinc_nugget":18,"mekanismtools:stone_paxel":3,"minecraft:shield":1,"minecraft:stick":224,"minecraft:iron_ingot":89,"minecraft:polished_andesite":4,"stonechest:part_cobblestone":112,"minecraft:furnace":8,"minecraft:flint_and_steel":2,"projecte:white_alchemical_bag":2,"minecraft:iron_axe":5,"create:basin":1,"create:andesite_alloy":8,"create:hand_crank":1,"luggage:luggage":15,"minecraft:bucket":1,"minecraft:stone_axe":3,"minecraft:air":0,"ftbstoneblock:1x_compressed_cobblestone":14,"create:whisk":1,"minecraft:white_dye":2,"minecraft:torch":480,"minecraft:diamond_chestplate":2},"minecraft:broken":{"mekanismtools:stone_paxel":2,"minecraft:diamond_helmet":1,"minecraft:iron_leggings":1,"minecraft:chainmail_helmet":1,"ftbsbc:stone_hammer":9,"mekanismtools:iron_paxel":1,"botania:manasteel_leggings":1,"justhammers:iron_reinforced_impact_hammer":1,"justhammers:iron_hammer":1,"ftbsbc:stone_crook":2},"minecraft:killed":{"minecraft:cave_spider":1,"minecraft:skeleton":42,"minecraft:chicken":1,"minecraft:magma_cube":64,"minecraft:pillager":15,"minecraft:zombie":85,"minecraft:glow_squid":1,"instrumentalmobs:drum_zombie":1,"minecraft:evoker":2,"minecraft:vindicator":2,"minecraft:husk":4,"minecraft:witch":8,"minecraft:spider":8,"minecraft:bee":1,"minecraft:silverfish":23,"minecraft:piglin_brute":33,"minecraft:piglin":29,"minecraft:creeper":19,"minecraft:sheep":6,"minecraft:stray":4,"minecraft:blaze":8,"minecraft:vex":4,"minecraft:phantom":3,"minecraft:drowned":1,"minecraft:hoglin":10,"ars_nouveau:wilden_stalker":8,"minecraft:wither_skeleton":17},"minecraft:picked_up":{"minecraft:wooden_axe":2,"minecraft:blue_candle":18,"minecraft:iron_chestplate":1,"minecraft:chainmail_boots":1,"minecraft:flower_pot":4,"minecraft:prismarine_shard":1,"minecraft:stone_slab":3,"minecraft:diamond_sword":2,"minecraft:wither_rose":8,"minecraft:enchanted_book":14,"minecraft:golden_shovel":2,"projecte:magenta_alchemical_bag":1,"minecraft:golden_sword":5,"minecraft:amethyst_block":11,"minecraft:music_disc_cat":1,"minecraft:string":281,"minecraft:dark_oak_trapdoor":1,"minecraft:soul_soil":201,"minecraft:cooked_salmon":38,"minecraft:red_nether_bricks":135,"botania:manasteel_chestplate":2,"minecraft:diamond_leggings":1,"minecraft:gold_nugget":72,"minecraft:crimson_fence":5,"minecraft:written_book":3,"thermal:rf_potato":4,"minecraft:enchanted_golden_apple":3,"minecraft:coal_block":28,"minecraft:golden_helmet":4,"minecraft:beehive":38,"immersiveengineering:shader_bag_epic":12,"ftbstoneblock:mob_soul":129,"minecraft:composter":22,"ftbstoneblock:warm_silverfish_shard":48,"minecraft:big_dripleaf":8,"create:andesite_casing":1,"projecte:dark_matter":5,"minecraft:golden_axe":4,"minecraft:warped_button":4,"minecraft:deepslate_tile_stairs":35,"minecraft:golden_chestplate":9,"minecraft:rabbit_foot":2,"botania:manasteel_ingot":4,"minecraft:stone_sword":3,"minecraft:lime_carpet":250,"minecraft:honey_bottle":158,"minecraft:iron_block":12,"projecte:alchemical_coal":2,"farmersdelight:rope":24,"minecraft:glowstone":19,"minecraft:bookshelf":8,"minecraft:wolf_spawn_egg":1,"thermal:slag":16,"minecraft:blaze_rod":41,"farmersdelight:melon_juice":3,"minecraft:iron_bars":17,"minecraft:snowball":26,"ars_nouveau:manipulation_essence":2,"ftbstoneblock:1x_compressed_cobblestone":2,"minecraft:magma_block":2,"mekanismtools:steel_helmet":2,"minecraft:feather":11,"botania:manasteel_boots":1,"minecraft:water_bucket":1,"ars_nouveau:source_berry":7,"minecraft:powder_snow_bucket":6,"minecraft:smoker":2,"minecraft:flint":183,"farmersdelight:cooked_bacon":8,"luggage:luggage":42,"mcwfurnitures:acacia_drawer":1,"minecraft:lantern":1,"minecraft:brown_candle":18,"minecraft:twisting_vines":15,"minecraft:chipped_anvil":4,"tconstruct:blood_slime_sapling":4,"minecraft:gray_candle":27,"minecraft:diamond_helmet":1,"minecraft:rabbit":10,"minecraft:glowstone_dust":12,"minecraft:llama_spawn_egg":1,"minecraft:moss_block":92,"minecraft:magenta_candle":4,"bloodmagic:furnacecell_primitive":1,"minecraft:fermented_spider_eye":1,"minecraft:trapped_chest":6,"minecraft:barrel":229,"ftbsbc:stone_hammer":9,"minecraft:iron_hoe":1,"minecraft:polished_andesite":213,"minecraft:white_candle":1,"minecraft:dispenser":20,"farmersdelight:glow_berry_custard":13,"botanypots:light_blue_concrete_botany_pot":1,"minecraft:granite":1,"tconstruct:blood_slime_grass_seeds":4,"minecraft:chainmail_helmet":1,"minecraft:horse_spawn_egg":1,"minecraft:golden_horse_armor":1,"minecraft:bread":5,"minecraft:dark_oak_fence":3,"minecraft:crimson_roots":49,"minecraft:crafting_table":1,"minecraft:nether_wart":10,"minecraft:clay_ball":543,"minecraft:leather_leggings":2,"minecraft:golden_pickaxe":2,"minecraft:redstone_lamp":55,"minecraft:dragon_head":1,"gravestone:obituary":16,"minecraft:cornflower":52,"minecraft:pink_candle":13,"minecraft:flint_and_steel":12,"minecraft:netherite_scrap":4,"minecraft:iron_shovel":2,"supplementaries:bomb":4,"minecraft:respawn_anchor":3,"minecraft:music_disc_otherside":1,"minecraft:jungle_sapling":4,"minecraft:iron_nugget":280,"minecraft:chest":169,"minecraft:birch_sapling":4,"minecraft:piston":8,"minecraft:diamond_hoe":1,"minecraft:egg":8,"ars_nouveau:fire_essence":1,"ars_nouveau:ritual_challenge":3,"minecraft:music_disc_mellohi":3,"minecraft:fire_charge":40,"farmersdelight:tomato_seeds":6,"minecraft:cake":4,"minecraft:carrot":4,"minecraft:redstone":127,"minecraft:prismarine_crystals":1,"minecraft:red_nether_brick_wall":1,"minecraft:tnt":2,"tconstruct:sky_slime_ball":63,"minecraft:stone_shovel":1,"minecraft:diamond_chestplate":1,"minecraft:cooked_cod":28,"minecraft:beetroot_seeds":6,"minecraft:diamond_boots":1,"farmersdelight:hamburger":3,"farmersdelight:beef_stew":7,"minecraft:gold_ingot":104,"minecraft:totem_of_undying":2,"tconstruct:earth_slime_sapling":7,"minecraft:glow_berries":685,"minecraft:mutton":17,"minecraft:clock":1,"minecraft:fox_spawn_egg":1,"minecraft:red_mushroom":50,"ars_nouveau:wilden_wing":44,"minecraft:oak_log":57,"farmersdelight:shepherds_pie":4,"chiselsandbits:magnifying_glass":1,"minecraft:ancient_debris":5,"minecraft:golden_boots":5,"minecraft:paper":4,"minecraft:white_banner":2,"bloodmagic:weakbloodorb":7,"minecraft:apple":53,"ars_nouveau:water_essence":11,"minecraft:music_disc_far":1,"minecraft:cobweb":46,"minecraft:glass_bottle":20,"minecraft:iron_sword":2,"stonechest:chest_cobblestone":6,"minecraft:polished_andesite_stairs":1,"minecraft:milk_bucket":4,"botania:manasteel_helmet":2,"projecte:mobius_fuel":15,"minecraft:gravel":960,"powah:uraninite_raw":16,"minecraft:spruce_sapling":4,"minecraft:orange_candle":3,"minecraft:crying_obsidian":66,"minecraft:leather_helmet":2,"minecraft:firework_rocket":136,"minecraft:diamond_shovel":3,"experienceobelisk:experience_obelisk":1,"minecraft:slime_ball":38,"ftbsbc:stone_crook":5,"immersiveengineering:seed":6,"minecraft:stone_axe":1,"minecraft:scute":2,"minecraft:diamond_axe":2,"minecraft:warped_roots":6,"minecraft:lodestone":8,"minecraft:brown_banner":1,"farmersdelight:cooked_salmon_slice":10,"minecraft:melon_seeds":12,"minecraft:crimson_nylium":11,"minecraft:hopper":9,"minecraft:ender_pearl":9,"minecraft:shulker_shell":1,"minecraft:music_disc_strad":2,"minecraft:wheat":124,"minecraft:nether_brick_fence":18,"minecraft:potion":2,"minecraft:gilded_blackstone":44,"minecraft:nether_brick":6,"minecraft:raw_copper":2,"minecraft:iron_leggings":3,"minecraft:red_candle":18,"minecraft:sticky_piston":1,"minecraft:netherite_ingot":1,"minecraft:zombie_head":3,"minecraft:sea_pickle":31,"buddingcrystals:crystal_catalyst":20,"minecraft:bucket":2,"minecraft:cobblestone_slab":13,"create:potato_cannon":3,"minecraft:azalea":4,"minecraft:wooden_shovel":1,"nethersdelight:hoglin_sirloin":1,"minecraft:iron_pickaxe":1,"minecraft:deepslate_tile_wall":6,"minecraft:furnace":1,"minecraft:tipped_arrow":221,"powah:magmator_starter":1,"minecraft:stick":166,"ironchest:crystal_chest":1,"minecraft:oak_fence":10,"thermal:raw_lead":5,"minecraft:torch":329,"minecraft:porkchop":24,"minecraft:snow_block":4,"ars_nouveau:archwood_chest":2,"minecraft:dried_kelp":458,"minecraft:music_disc_pigstep":1,"minecraft:pointed_dripstone":10,"minecraft:diorite":5,"minecraft:vine":8,"supplementaries:flax":5,"create:large_cogwheel":2,"minecraft:quartz_block":14,"minecraft:rotten_flesh":483,"minecraft:music_disc_ward":2,"minecraft:guardian_spawn_egg":2,"ars_nouveau:whirlisprig_shards":2,"minecraft:music_disc_wait":1,"minecraft:obsidian":99,"minecraft:cod":5,"minecraft:blaze_powder":24,"minecraft:cobblestone":6481,"minecraft:nautilus_shell":1,"minecraft:crimson_hyphae":7,"farmersdelight:mixed_salad":11,"mekanismtools:refined_glowstone_leggings":4,"ftbstoneblock:2x_compressed_stone":2,"ftbstoneblock:dust":116,"minecraft:leather_chestplate":2,"minecraft:magma_cream":9,"minecraft:repeater":20,"farmersdelight:smoked_ham":1,"jags:jags":14,"minecraft:andesite":482,"thermal:phytogro":89,"minecraft:golden_leggings":4,"minecraft:potato":31,"minecraft:tuff":22,"ars_nouveau:earth_essence":2,"minecraft:wither_skeleton_skull":9,"minecraft:lapis_lazuli":48,"minecraft:dirt":303,"constructionwand:iron_wand":3,"powah:dielectric_paste":102,"minecraft:name_tag":1,"minecraft:leather_boots":1,"minecraft:bone":226,"ftbdripper:dripper":2,"botania:cyan_mystical_flower":2,"powah:steel_energized":11,"minecraft:bow":13,"minecraft:cobbled_deepslate_wall":1,"minecraft:wheat_seeds":26,"minecraft:green_candle":27,"minecraft:raw_gold":6,"minecraft:bamboo":21,"minecraft:cyan_candle":22,"simplylight:lamp_post":1,"minecraft:prismarine":8,"minecraft:oak_planks":1,"minecraft:stone_hoe":2,"minecraft:ghast_tear":10,"tconstruct:necrotic_bone":9,"minecraft:cooked_porkchop":6,"create:cogwheel":1,"justhammers:iron_hammer":1,"minecraft:sand":227,"minecraft:dead_bush":6,"minecraft:sugar":4,"minecraft:clay":8,"minecraft:diamond":46,"create:filter":1,"mekanismtools:steel_sword":1,"minecraft:polished_blackstone_pressure_plate":6,"darkutils:vector_plate":4,"minecraft:polished_blackstone_button":11,"chancecubes:chance_cube":7,"minecraft:crossbow":4,"supercircuitmaker:tiny_redstone":12,"minecraft:bone_meal":2,"minecraft:golden_apple":11,"minecraft:emerald":17,"minecraft:oak_sapling":114,"minecraft:netherrack":483,"minecraft:nether_star":2,"minecraft:lingering_potion":2,"minecraft:charcoal":166,"minecraft:splash_potion":3,"minecraft:chicken":18,"minecraft:brown_mushroom":49,"botania:manasteel_leggings":5,"torchbowmod:torchbow":3,"minecraft:gold_block":22,"minecraft:diamond_horse_armor":2,"minecraft:chain":48,"minecraft:brick":108,"botania:cosmetic_questgiver_mark":4,"ars_nouveau:amplify_arrow":122,"ftbquests:lootcrate":38,"minecraft:moss_carpet":26,"minecraft:stone_stairs":16,"ars_nouveau:source_berry_pie":8,"minecraft:blackstone":382,"minecraft:candle":133,"ars_nouveau:starbuncle_shards":1,"create:basin":1,"minecraft:phantom_membrane":27,"botania:magnet_ring":4,"minecraft:dark_oak_sapling":5,"minecraft:raw_iron":3,"minecraft:mooshroom_spawn_egg":1,"minecraft:copper_ingot":54,"minecraft:bowl":19,"minecraft:stone_button":4,"minecraft:cookie":88,"minecraft:music_disc_11":1,"minecraft:trident":3,"tconstruct:ichor_slime_ball":18,"minecraft:iron_horse_armor":2,"create:zinc_ingot":1,"powah:crystal_blazing":4,"minecraft:lime_candle":19,"minecraft:purple_candle":20,"minecraft:arrow":185,"minecraft:weeping_vines":29,"botania:lava_pendant":1,"minecraft:golden_hoe":4,"minecraft:pumpkin_pie":4,"minecraft:nether_bricks":5,"ars_nouveau:ring_of_lesser_discount":3,"immersiveengineering:shader":3,"industrialforegoing:straw":2,"farmersdelight:mushroom_rice":1,"farmersdelight:bacon_sandwich":1,"ftbstoneblock:cold_silverfish_shard":140,"minecraft:saddle":18,"minecraft:glistering_melon_slice":30,"minecraft:skeleton_skull":9,"minecraft:elder_guardian_spawn_egg":1,"ftbstoneblock:stonepebble":95,"supplementaries:flint_block":2,"minecraft:golden_carrot":34,"minecraft:glow_ink_sac":112,"minecraft:leather":83,"minecraft:music_disc_stal":4,"botania:cosmetic_tiny_potato_mask":5,"minecraft:crimson_fungus":50,"create:andesite_alloy":18,"minecraft:cobblestone_wall":3,"minecraft:nether_wart_block":10,"minecraft:gunpowder":285,"minecraft:cobblestone_stairs":9,"minecraft:wooden_hoe":2,"minecraft:deepslate_tile_slab":18,"minecraft:zombie_horse_spawn_egg":2,"ae2:sky_dust":5,"farmersdelight:apple_cider":3,"minecraft:spruce_wood":84,"farmersdelight:fruit_salad":1,"minecraft:iron_ingot":102,"minecraft:polished_andesite_slab":44,"tconstruct:bacon":4,"minecraft:acacia_sapling":4,"minecraft:soul_sand":262,"minecraft:music_disc_chirp":2,"minecraft:book":48,"minecraft:scaffolding":37,"minecraft:warped_fungus":1,"minecraft:black_candle":10,"minecraft:budding_amethyst":5,"minecraft:quartz":60,"botania:quartz_mana":48,"minecraft:lava_bucket":1,"minecraft:amethyst_shard":23,"mekanismtools:diamond_paxel":1,"minecraft:blast_furnace":1,"minecraft:spider_eye":11,"ars_nouveau:wilden_spike":22,"minecraft:music_disc_mall":3,"minecraft:pumpkin_seeds":5,"minecraft:dried_kelp_block":13,"minecraft:light_gray_candle":15,"create:brass_ingot":13,"minecraft:chainmail_leggings":2,"minecraft:coal":22},"minecraft:custom":{"minecraft:interact_with_crafting_table":44,"minecraft:open_barrel":124,"minecraft:eat_cake_slice":1,"minecraft:leave_game":6,"minecraft:time_since_death":69711,"champions:champion_mobs_killed":391,"minecraft:damage_blocked_by_shield":140,"minecraft:play_time":473176,"minecraft:deaths":5,"minecraft:jump":4493,"minecraft:interact_with_furnace":14,"minecraft:sleep_in_bed":1,"minecraft:damage_dealt":72836,"minecraft:horse_one_cm":26190,"minecraft:opened_chance_cube":5,"minecraft:sneak_time":31194,"minecraft:interact_with_blast_furnace":3,"minecraft:total_world_time":473176,"minecraft:time_since_rest":69736,"minecraft:swim_one_cm":2596,"minecraft:fly_one_cm":575302,"minecraft:open_chest":785,"minecraft:fall_one_cm":42667,"minecraft:sprint_one_cm":613668,"minecraft:drop":1060,"minecraft:walk_on_water_one_cm":6013,"minecraft:player_kills":4,"minecraft:crouch_one_cm":63179,"minecraft:mob_kills":444,"minecraft:damage_dealt_resisted":90,"minecraft:climb_one_cm":19859,"minecraft:walk_one_cm":1060362,"minecraft:walk_under_water_one_cm":3340,"minecraft:damage_taken":13149,"minecraft:damage_absorbed":3123,"minecraft:trigger_trapped_chest":3},"minecraft:mined":{"minecraft:dead_horn_coral_fan":3,"minecraft:red_nether_bricks":1,"minecraft:granite":1,"minecraft:deepslate_tile_wall":2,"ftbstoneblock:1x_compressed_gravel":28,"minecraft:coal_block":20,"minecraft:deepslate_tile_stairs":27,"minecraft:crimson_fungus":1,"minecraft:spawner":17,"minecraft:weeping_vines_plant":20,"minecraft:magma_block":17,"minecraft:barrel":83,"minecraft:fire":13,"minecraft:moss_carpet":12,"minecraft:fletching_table":1,"minecraft:nether_brick_stairs":6,"minecraft:cave_vines":14,"ftbdripper:dripper":1,"minecraft:spruce_wood":29,"stonechest:chest_cobblestone":6,"minecraft:brown_mushroom":2,"minecraft:smoker":1,"minecraft:soul_fire":8,"minecraft:deepslate_tile_slab":7,"minecraft:torch":8,"minecraft:blast_furnace":2,"minecraft:dead_bush":1,"experienceobelisk:experience_obelisk":1,"minecraft:glass":2,"create:basin":1,"minecraft:chain":1,"minecraft:wither_rose":3,"minecraft:grass":26,"minecraft:crimson_roots":8,"minecraft:moss_block":16,"minecraft:red_mushroom":1,"minecraft:andesite":18,"minecraft:potatoes":4,"minecraft:vine":4,"minecraft:cobblestone_slab":7,"minecraft:soul_sand":2,"minecraft:cobbled_deepslate_wall":1,"minecraft:warped_roots":1,"minecraft:campfire":70,"minecraft:tall_grass":23,"minecraft:big_dripleaf":1,"minecraft:trapped_chest":5,"minecraft:gravel":194,"ftbstoneblock:1x_compressed_cobblestone":28,"minecraft:cave_vines_plant":1,"minecraft:composter":17,"supplementaries:ash":1,"minecraft:flowering_azalea_leaves":2,"minecraft:azalea_leaves":3,"simplylight:lamp_post":1,"minecraft:blackstone":2,"minecraft:twisting_vines_plant":3,"minecraft:chest":50,"minecraft:nether_quartz_ore":1,"minecraft:cobblestone":877,"minecraft:wall_torch":3,"minecraft:light_gray_candle":3,"minecraft:nether_wart_block":3,"minecraft:tnt":3,"minecraft:oak_log":121,"minecraft:dirt":102,"minecraft:sand":102,"minecraft:ancient_debris":3,"minecraft:netherrack":45,"minecraft:oak_leaves":289,"minecraft:redstone_lamp":40,"minecraft:nether_gold_ore":1,"minecraft:tuff":2,"ars_nouveau:archwood_chest":2,"minecraft:ladder":1,"gravestone:gravestone":5,"create:large_cogwheel":1,"minecraft:weeping_vines":2,"minecraft:polished_andesite_slab":3,"minecraft:cracked_nether_bricks":14,"minecraft:dead_brain_coral":4,"minecraft:furnace":1,"minecraft:bookshelf":5,"minecraft:nether_brick_fence":1,"minecraft:stone":179,"minecraft:scaffolding":9,"minecraft:crafting_table":1,"minecraft:stone_slab":1,"minecraft:red_nether_brick_wall":2,"minecraft:sea_pickle":1,"minecraft:beehive":29,"minecraft:polished_andesite":9,"minecraft:crimson_fence":3,"minecraft:crimson_hyphae":5},"minecraft:killed_by":{"minecraft:piglin_brute":1,"minecraft:zombie":1,"minecraft:creeper":1,"minecraft:player":2},"minecraft:dropped":{"farmersdelight:hamburger":3,"minecraft:clay":20,"minecraft:piston":8,"minecraft:porkchop":15,"minecraft:respawn_anchor":2,"minecraft:lapis_lazuli":9,"minecraft:glow_ink_sac":93,"minecraft:diamond":23,"minecraft:glass_bottle":21,"mcwdoors:metal_warning_door":2,"minecraft:crossbow":1,"minecraft:weeping_vines":17,"minecraft:cookie":64,"minecraft:glow_berries":557,"minecraft:warped_roots":6,"minecraft:saddle":12,"minecraft:leather_helmet":2,"minecraft:red_mushroom":43,"botania:manasteel_leggings":3,"minecraft:gold_block":4,"minecraft:dirt":128,"constructionwand:iron_wand":2,"ars_nouveau:ring_of_lesser_discount":1,"minecraft:stone_button":4,"minecraft:dark_oak_fence":3,"minecraft:chain":35,"minecraft:gold_nugget":17,"powah:dielectric_paste":41,"minecraft:phantom_membrane":13,"minecraft:gray_candle":23,"minecraft:sand":112,"tconstruct:sky_slime_ball":63,"minecraft:sugar":4,"mekanismtools:iron_paxel":3,"minecraft:music_disc_stal":1,"minecraft:bone":99,"minecraft:green_candle":27,"projecte:white_alchemical_bag":2,"minecraft:stone_axe":1,"minecraft:ancient_debris":4,"minecraft:iron_nugget":91,"minecraft:music_disc_chirp":1,"minecraft:polished_andesite_slab":3,"minecraft:golden_chestplate":2,"rftoolsutility:crafter1":1,"minecraft:nether_brick":6,"minecraft:wheat":188,"minecraft:obsidian":9,"minecraft:rotten_flesh":278,"functionalstorage:linking_tool":1,"minecraft:oak_planks":2,"botania:cosmetic_questgiver_mark":3,"powah:crystal_blazing":4,"minecraft:glowstone_dust":1,"create:potato_cannon":2,"minecraft:blaze_powder":13,"jags:jags":5,"minecraft:nether_brick_fence":1,"botania:manasteel_ingot":5,"minecraft:rabbit_foot":4,"minecraft:tipped_arrow":27,"minecraft:red_candle":6,"minecraft:charcoal":120,"minecraft:hopper":1,"minecraft:music_disc_mall":1,"minecraft:leather_boots":1,"farmersdelight:mixed_salad":8,"farmersdelight:rope":16,"minecraft:leather_leggings":2,"minecraft:brown_candle":9,"minecraft:red_nether_bricks":36,"minecraft:crying_obsidian":2,"minecraft:ghast_tear":9,"minecraft:egg":3,"farmersdelight:tomato_seeds":3,"minecraft:enchanted_book":7,"minecraft:golden_boots":1,"minecraft:iron_ingot":49,"minecraft:wheat_seeds":12,"minecraft:tnt":1,"ars_nouveau:apprentice_boots":1,"minecraft:cobbled_deepslate_wall":1,"minecraft:guardian_spawn_egg":2,"minecraft:prismarine_crystals":1,"minecraft:oak_fence":10,"minecraft:feather":6,"minecraft:cobblestone":4451,"minecraft:book":21,"minecraft:apple":4,"minecraft:granite":1,"minecraft:deepslate_tile_slab":2,"minecraft:polished_blackstone_button":20,"mekanismtools:stone_paxel":1,"minecraft:coal":15,"minecraft:coal_block":8,"minecraft:golden_apple":1,"minecraft:polished_andesite":62,"minecraft:cobweb":28,"minecraft:diamond_horse_armor":1,"minecraft:dried_kelp_block":7,"tconstruct:necrotic_bone":6,"minecraft:lodestone":1,"minecraft:rabbit":6,"minecraft:cooked_salmon":30,"projecte:dark_matter":1,"minecraft:dead_bush":4,"minecraft:dried_kelp":422,"minecraft:golden_hoe":3,"ftbstoneblock:stonepebble":1,"thermal:rf_potato":1,"minecraft:chainmail_leggings":1,"minecraft:string":66,"minecraft:blue_candle":11,"minecraft:trapped_chest":1,"powah:uraninite_raw":8,"farmersdelight:glow_berry_custard":12,"minecraft:soul_soil":39,"minecraft:netherite_ingot":1,"ars_nouveau:source_berry":8,"minecraft:stone_sword":1,"minecraft:cobblestone_wall":1,"minecraft:bowl":27,"farmersdelight:fruit_salad":1,"minecraft:stone_shovel":1,"minecraft:chicken":11,"minecraft:clay_ball":164,"torchbowmod:torchbow":1,"ftbstoneblock:1x_compressed_dirt":1,"industrialforegoing:range_addon0":1,"minecraft:name_tag":1,"minecraft:budding_amethyst":1,"mekanismtools:steel_sword":1,"minecraft:potato":26,"minecraft:cobblestone_slab":7,"minecraft:flower_pot":1,"minecraft:sea_pickle":24,"minecraft:powder_snow_bucket":2,"minecraft:spruce_planks":3,"create:zinc_ingot":3,"ftbstoneblock:dust":109,"thermal:phytogro":46,"minecraft:wooden_shovel":1,"minecraft:bamboo":6,"minecraft:spider_eye":1,"minecraft:barrel":62,"minecraft:warped_button":5,"farmersdelight:mushroom_rice":1,"minecraft:bow":4,"minecraft:purple_candle":18,"minecraft:horse_spawn_egg":1,"farmersdelight:apple_cider":2,"ars_nouveau:amplify_arrow":122,"minecraft:magma_block":1,"functionalstorage:void_upgrade":2,"minecraft:crimson_nylium":6,"minecraft:brown_mushroom":38,"minecraft:candle":46,"minecraft:soul_sand":74,"minecraft:moss_block":12,"minecraft:diamond_axe":1,"functionalstorage:redstone_upgrade":2,"minecraft:ender_pearl":2,"minecraft:dark_oak_sapling":1,"ftbstoneblock:warm_silverfish_shard":19,"minecraft:deepslate_tile_wall":3,"minecraft:leather":12,"create:filter":1,"minecraft:iron_horse_armor":1,"chancecubes:chance_cube":1,"luggage:luggage":27,"minecraft:cobblestone_stairs":7,"minecraft:flint":136,"ftbstoneblock:mob_soul":78,"minecraft:deepslate_tile_stairs":5,"minecraft:redstone_lamp":10,"minecraft:netherite_scrap":3,"botania:manasteel_helmet":1,"minecraft:cornflower":44,"minecraft:mutton":11,"minecraft:crimson_roots":10,"minecraft:cooked_cod":26,"minecraft:snowball":26,"gravestone:obituary":17,"minecraft:gilded_blackstone":5,"minecraft:amethyst_shard":23,"botania:quartz_mana":25,"farmersdelight:cooked_salmon_slice":2,"minecraft:glistering_melon_slice":14,"industrialforegoing:straw":2,"shrink:shrinking_device":1,"minecraft:gold_ingot":52,"minecraft:gravel":893,"minecraft:crimson_fungus":15,"ars_nouveau:wilden_spike":10,"minecraft:twisting_vines":15,"chiselsandbits:bit_bag":1,"minecraft:pointed_dripstone":8,"minecraft:white_candle":1,"minecraft:diamond_shovel":1,"minecraft:beehive":27,"bloodmagic:weakbloodorb":7,"minecraft:stone_stairs":16,"minecraft:honey_bottle":136,"ars_nouveau:water_essence":9,"minecraft:carrot":4,"ae2:sky_dust":2,"minecraft:leather_chestplate":2,"minecraft:trident":1,"minecraft:gunpowder":306,"minecraft:skeleton_skull":8,"minecraft:beetroot_seeds":6,"minecraft:melon_seeds":12,"minecraft:lingering_potion":2,"minecraft:azalea":1,"minecraft:chest":70,"minecraft:chainmail_boots":1,"minecraft:spruce_wood":84,"create:brass_ingot":13,"minecraft:arrow":130,"minecraft:iron_bars":7,"entangled:item":1,"minecraft:scaffolding":23,"minecraft:quartz":2,"minecraft:written_book":1,"minecraft:splash_potion":1,"minecraft:netherrack":69,"create:andesite_alloy":9,"minecraft:firework_rocket":41,"minecraft:stone_hoe":1,"minecraft:golden_helmet":2,"buddingcrystals:crystal_catalyst":12,"minecraft:golden_axe":2,"ftbstoneblock:1x_compressed_sand":2,"minecraft:amethyst_block":4,"powah:steel_energized":6,"farmersdelight:smoked_ham":1,"minecraft:copper_ingot":14,"minecraft:stick":28,"minecraft:iron_block":5,"bloodmagic:furnacecell_primitive":1,"botania:manasteel_chestplate":2,"botania:livingwood_twig":1,"ftbsbc:stone_hammer":3,"chancecubes:silk_touch_pendant":1,"minecraft:milk_bucket":1,"minecraft:diorite":7,"minecraft:torch":475,"minecraft:nether_wart_block":10,"minecraft:repeater":3,"minecraft:zombie_head":3,"minecraft:fire_charge":10,"ftbstoneblock:1x_compressed_gravel":2,"minecraft:music_disc_strad":1,"mekanismtools:steel_helmet":1,"immersiveengineering:shader_bag_epic":8,"minecraft:crimson_fence":5,"minecraft:music_disc_ward":2,"minecraft:wither_rose":8,"minecraft:cyan_candle":2,"minecraft:bucket":3,"ars_nouveau:wilden_wing":34,"minecraft:redstone":42,"mekanismtools:diamond_paxel":1,"tconstruct:ichor_slime_ball":13,"minecraft:nether_wart":5,"minecraft:blaze_rod":2,"minecraft:raw_copper":1,"thermal:raw_lead":5,"thermal:slag":16,"minecraft:raw_iron":1,"minecraft:composter":18,"botania:magnet_ring":3,"minecraft:wither_skeleton_skull":9,"minecraft:pink_candle":9,"minecraft:smoker":1,"ftbstoneblock:cold_silverfish_shard":147,"minecraft:light_gray_candle":7,"minecraft:flint_and_steel":8,"minecraft:shield":1,"supplementaries:flint_block":2,"simplylight:lamp_post":4,"minecraft:andesite":350,"minecraft:magenta_candle":4,"minecraft:golden_leggings":2,"tconstruct:earth_slime_sapling":3,"supercircuitmaker:tiny_redstone":4,"minecraft:oak_sapling":7,"minecraft:golden_sword":2,"projecte:mobius_fuel":12,"mekanismtools:refined_glowstone_leggings":4,"minecraft:slime_ball":13,"itemcollectors:basic_collector":1,"minecraft:diamond_boots":1,"minecraft:raw_gold":6,"minecraft:music_disc_mellohi":2,"minecraft:magma_cream":9,"minecraft:nautilus_shell":1,"botania:cosmetic_tiny_potato_mask":4,"ftbquests:lootcrate":3,"minecraft:brick":61,"ars_nouveau:ritual_challenge":2},"minecraft:used":{"minecraft:moss_block":3,"farmersdelight:mixed_salad":1,"minecraft:soul_sand":2,"minecraft:snowball":1,"ars_nouveau:archwood_chest":6,"minecraft:lava_bucket":82,"simplylight:lamp_post":3,"farmersdelight:bacon_sandwich":1,"farmersdelight:glow_berry_custard":7,"minecraft:bow":90,"minecraft:guardian_spawn_egg":1,"minecraft:oak_sapling":13,"minecraft:furnace":8,"minecraft:cooked_cod":8,"minecraft:egg":1,"minecraft:potato":2,"minecraft:dragon_head":1,"farmersdelight:beef_stew":12,"minecraft:blackstone":12,"minecraft:fox_spawn_egg":1,"minecraft:golden_apple":25,"minecraft:glow_berries":55,"minecraft:sand":102,"minecraft:blast_furnace":2,"mekanismtools:iron_paxel":706,"justhammers:iron_reinforced_impact_hammer":141,"gag:time_sand_pouch":4,"create:basin":2,"ftbsbc:stone_hammer":1272,"minecraft:cooked_salmon":25,"minecraft:netherrack":81,"minecraft:bee_spawn_egg":1,"minecraft:torch":349,"minecraft:brewing_stand":1,"minecraft:crimson_hyphae":1,"cobblefordays:tier_4":1,"minecraft:chipped_anvil":4,"minecraft:chicken_spawn_egg":1,"minecraft:totem_of_undying":3,"minecraft:barrel":28,"minecraft:diamond_chestplate":1,"farmersdelight:cooking_pot":1,"stonechest:chest_cobblestone":28,"minecraft:water_bucket":5,"mekanismtools:stone_paxel":531,"minecraft:horse_spawn_egg":1,"minecraft:crafting_table":2,"supplementaries:bomb":3,"minecraft:cake":1,"justhammers:iron_hammer":135,"minecraft:oak_log":1,"minecraft:diamond_shovel":64,"minecraft:potion":4,"minecraft:cobblestone":903,"minecraft:cooked_porkchop":4,"minecraft:moss_carpet":14,"minecraft:shield":4,"minecraft:mooshroom_spawn_egg":1,"mekanismtools:diamond_paxel":95,"minecraft:honey_bottle":6,"chancecubes:chance_cube":5,"minecraft:lantern":1,"minecraft:magma_block":1,"minecraft:written_book":1,"minecraft:scaffolding":2,"minecraft:zombie_horse_spawn_egg":1,"minecraft:elder_guardian_spawn_egg":1,"minecraft:chainmail_helmet":1,"minecraft:diamond_axe":740,"minecraft:mule_spawn_egg":1,"minecraft:firework_rocket":109,"minecraft:bread":17,"experienceobelisk:experience_obelisk":2,"minecraft:gravel":131,"minecraft:chainmail_boots":1,"minecraft:andesite":35,"ftbdripper:dripper":2,"ftbstoneblock:dust":24,"minecraft:bone_meal":34,"create:large_cogwheel":4,"ironchest:crystal_chest":1,"minecraft:experience_bottle":9,"ftbsbc:stone_crook":275,"minecraft:flint_and_steel":50,"mcwfurnitures:acacia_drawer":1,"minecraft:dirt":136,"create:mechanical_mixer":1,"minecraft:cobblestone_wall":1,"minecraft:diamond_helmet":1,"ars_nouveau:source_berry_pie":7,"minecraft:golden_carrot":20,"minecraft:wolf_spawn_egg":1,"ftbstoneblock:1x_compressed_cobblestone":4,"minecraft:iron_leggings":1,"minecraft:polished_andesite":2,"minecraft:red_nether_bricks":62,"minecraft:llama_spawn_egg":1,"minecraft:cobblestone_slab":17,"minecraft:smoker":1,"minecraft:apple":41,"torchbowmod:torchbow":125,"minecraft:bucket":85,"create:hand_crank":1,"minecraft:chainmail_leggings":1}},"DataVersion":2975}