{"stats":{"minecraft:mined":{"minecraft:dragon_wall_head":1,"minecraft:cave_vines_plant":3,"minecraft:spruce_trapdoor":4,"ftbstoneblock:1x_compressed_gravel":7,"minecraft:light_gray_bed":4,"ftbstoneblock:1x_compressed_dirt":5,"minecraft:spawner":5,"minecraft:weeping_vines_plant":5,"minecraft:iron_ore":2,"minecraft:fire":4,"minecraft:moss_carpet":2,"minecraft:cave_vines":3,"minecraft:flowering_azalea_leaves":17,"minecraft:azalea_leaves":40,"ars_nouveau:enchanting_apparatus":1,"minecraft:spruce_slab":1,"create:cogwheel":1,"mekanism:osmium_ore":4,"minecraft:blackstone":2,"minecraft:twisting_vines_plant":6,"minecraft:soul_fire":3,"minecraft:medium_amethyst_bud":1,"chipped:blackstone_29":1,"thermal:lead_ore":13,"minecraft:clay":2,"minecraft:torch":1,"minecraft:chest":10,"create:brass_casing":33,"minecraft:cobblestone":17,"minecraft:wall_torch":5,"minecraft:nether_wart_block":1,"mekanism:fluorite_ore":2,"minecraft:tnt":1,"minecraft:grass":16,"minecraft:oak_log":7,"minecraft:sand":11,"minecraft:dirt":5,"minecraft:tripwire_hook":4,"minecraft:netherrack":18,"create:zinc_ore":24,"minecraft:tuff":10,"minecraft:nether_brick_wall":1,"minecraft:lever":1,"gravestone:gravestone":40,"minecraft:crimson_roots":8,"minecraft:weeping_vines":1,"minecraft:moss_block":15,"minecraft:nether_sprouts":2,"minecraft:andesite":2,"minecraft:potatoes":42,"minecraft:deepslate_iron_ore":1,"minecraft:cobblestone_slab":1,"minecraft:stone":226,"supplementaries:book_pile_horizontal":1,"minecraft:soul_sand":5,"minecraft:snow_block":1,"minecraft:spruce_door":1,"minecraft:crafting_table":1,"ftbstoneblock:1x_compressed_sand":105,"minecraft:warped_roots":1,"minecraft:tall_grass":3,"minecraft:lapis_ore":3,"minecraft:red_nether_brick_wall":1,"minecraft:spruce_stairs":1,"create:crushing_wheel":1,"create:mechanical_crafter":4,"minecraft:gravel":102,"minecraft:gold_ore":6,"minecraft:crimson_hyphae":2},"minecraft:broken":{"minecraft:chainmail_boots":1,"minecraft:golden_sword":2,"minecraft:stone_axe":1,"botania:manasteel_leggings":1,"justhammers:iron_impact_hammer":1,"minecraft:shield":1,"botania:manasteel_chestplate":1},"minecraft:killed_by":{"minecraft:wither_skeleton":3,"minecraft:piglin_brute":10,"minecraft:creeper":1,"minecraft:magma_cube":2,"minecraft:piglin":4,"minecraft:blaze":3,"minecraft:vex":3,"minecraft:endermite":1,"minecraft:player":22,"minecraft:hoglin":3,"minecraft:skeleton":1},"minecraft:killed":{"minecraft:cave_spider":2,"minecraft:mule":1,"minecraft:skeleton":9,"minecraft:guardian":1,"minecraft:chicken":1,"minecraft:silverfish":3,"minecraft:piglin_brute":12,"minecraft:wolf":1,"minecraft:magma_cube":42,"minecraft:piglin":17,"minecraft:creeper":1,"minecraft:zombie":3,"minecraft:blaze":2,"minecraft:vex":3,"minecraft:endermite":1,"minecraft:zoglin":1,"minecraft:phantom":1,"minecraft:llama":6,"minecraft:husk":1,"minecraft:hoglin":7,"minecraft:wither_skeleton":7},"minecraft:dropped":{"minecraft:clay":16,"minecraft:respawn_anchor":1,"minecraft:baked_potato":4,"minecraft:ender_pearl":5,"minecraft:diamond":3,"minecraft:weeping_vines":10,"minecraft:glow_berries":62,"minecraft:warped_roots":2,"chipped:blackstone_29":1,"minecraft:flint":26,"ftbstoneblock:mob_soul":9,"minecraft:dirt":2,"minecraft:netherite_scrap":3,"buildinggadgets:gadget_exchanging":1,"minecraft:crimson_roots":1,"minecraft:jungle_sapling":4,"gravestone:obituary":36,"minecraft:gold_nugget":7,"minecraft:sand":45,"minecraft:glistering_melon_slice":1,"minecraft:bone":1,"minecraft:gravel":64,"minecraft:crimson_fungus":6,"minecraft:stone_axe":1,"minecraft:iron_nugget":16,"minecraft:twisting_vines":2,"minecraft:wheat":1,"minecraft:birch_sapling":2,"minecraft:rotten_flesh":1,"botania:cosmetic_questgiver_mark":1,"minecraft:oak_planks":21,"minecraft:glowstone_dust":7,"immersiveengineering:raw_aluminum":15,"ftbstoneblock:2x_compressed_stone":2,"jags:jags":1,"minecraft:nether_brick_fence":17,"ae2:certus_crystal_seed":40,"ae2:charged_certus_quartz_crystal":14,"minecraft:leather_chestplate":1,"minecraft:tipped_arrow":34,"minecraft:gunpowder":71,"minecraft:chest":59,"minecraft:ladder":1,"create:mechanical_crafter":36,"minecraft:arrow":4,"minecraft:glass":12,"minecraft:crying_obsidian":16,"immersiveengineering:seed":2,"minecraft:written_book":1,"minecraft:netherrack":84,"minecraft:egg":1,"minecraft:firework_rocket":9,"minecraft:enchanted_book":1,"minecraft:bread":1,"minecraft:wheat_seeds":1,"minecraft:poisonous_potato":1,"minecraft:cobblestone":997,"minecraft:stick":8,"ftbsbc:stone_hammer":3,"minecraft:dried_kelp":180,"mekanism:raw_osmium":9,"ftbstoneblock:stonepebble":4,"minecraft:string":75,"minecraft:bucket":1,"minecraft:red_nether_brick_wall":1,"create:raw_zinc":23,"powah:uraninite_raw":8,"minecraft:redstone":147,"mekanismtools:diamond_paxel":2,"minecraft:moss_carpet":8,"create:shaft":16,"minecraft:nether_wart":5,"minecraft:raw_copper":12,"minecraft:jukebox":2,"minecraft:tuff":16,"minecraft:raw_iron":3,"minecraft:smoker":1,"ftbstoneblock:1x_compressed_dirt":2,"minecraft:oak_sign":1,"minecraft:big_dripleaf":1,"minecraft:potato":1,"minecraft:spruce_planks":10,"minecraft:andesite":6,"ftbstoneblock:dust":384,"minecraft:oak_sapling":35,"minecraft:barrel":32,"minecraft:magma_cream":6,"minecraft:crimson_hyphae":1,"ae2:certus_quartz_crystal":95},"minecraft:crafted":{"mekanismtools:diamond_paxel":3,"createaddition:capacitor":2,"minecraft:oak_planks":56,"mekanismtools:iron_paxel":2,"minecraft:stone":6,"minecraft:lever":1,"minecraft:diamond_shovel":3,"minecraft:bookshelf":5,"nethersdelight:hoglin_sirloin":18,"minecraft:glass":33,"minecraft:chest":3,"create:rose_quartz":7,"ftbsbc:diamond_hammer":1,"minecraft:diamond_axe":4,"minecraft:crafting_table":16,"minecraft:spruce_planks":144,"minecraft:baked_potato":133,"ftbsbc:stone_rod":10,"create:sand_paper":3,"createaddition:copper_wire":12,"ironchest:diamond_chest":5,"createaddition:spool":16,"minecraft:diamond_pickaxe":3,"minecraft:shield":2,"minecraft:stick":152,"minecraft:iron_ingot":35,"minecraft:iron_pickaxe":1,"minecraft:redstone_torch":2,"minecraft:iron_nugget":9,"createaddition:copper_spool":3,"minecraft:iron_axe":1,"immersiveengineering:wirecutter":12,"minecraft:iron_hoe":1,"minecraft:stone_pickaxe":1,"trashcans:item_trash_can":2,"create:electron_tube":13,"ftbsbc:iron_hammer":1,"minecraft:coal_block":7,"ironchest:gold_chest":5,"minecraft:enchanting_table":1,"ae2:smooth_sky_stone_block":11,"minecraft:bucket":4,"minecraft:stone_axe":1,"minecraft:air":0,"minecraft:bread":21,"justhammers:iron_hammer":1,"minecraft:cobblestone":4,"create:mechanical_crafter":36,"minecraft:iron_shovel":1,"create:shaft":16,"minecraft:torch":20,"create:zinc_ingot":1,"ironchest:iron_chest":5},"minecraft:used":{"minecraft:moss_block":12,"minecraft:moss_carpet":2,"create:brass_casing":5,"trashcans:item_trash_can":2,"ftbstoneblock:2x_compressed_stone":2,"minecraft:chest":1,"minecraft:shield":94,"minecraft:soul_sand":48,"create:cogwheel":1,"create:mechanical_crafter":7,"minecraft:carrot":4,"mekanismtools:diamond_paxel":160,"chancecubes:chance_cube":6,"minecraft:spruce_wood":1,"farmersdelight:glow_berry_custard":3,"minecraft:golden_sword":67,"minecraft:written_book":1,"minecraft:egg":5,"minecraft:potato":46,"minecraft:dragon_head":1,"create:crushing_wheel":2,"minecraft:oak_planks":7,"minecraft:stone_pickaxe":16,"minecraft:ender_pearl":3,"minecraft:blackstone":2,"minecraft:clay":19,"minecraft:cookie":34,"minecraft:golden_apple":9,"minecraft:glow_berries":61,"justhammers:iron_impact_hammer":1,"minecraft:sand":11,"ftbsbc:diamond_hammer":1,"ars_nouveau:enchanting_apparatus":1,"minecraft:lever":2,"minecraft:crying_obsidian":3,"minecraft:bread":20,"mekanismtools:iron_paxel":839,"minecraft:gravel":3,"nethersdelight:hoglin_sirloin":21,"minecraft:fire_charge":1,"minecraft:trident":6,"minecraft:enchanting_table":1,"ftbsbc:stone_hammer":9,"minecraft:spruce_planks":14,"minecraft:netherrack":63,"minecraft:torch":10,"minecraft:dirt":2,"ironchest:diamond_chest":5,"minecraft:crimson_hyphae":1,"minecraft:golden_chestplate":1,"minecraft:bookshelf":13,"ars_nouveau:source_berry_pie":1,"minecraft:light_gray_bed":3,"ftbsbc:iron_hammer":113,"minecraft:water_bucket":1,"nethersdelight:hoglin_loin":4,"minecraft:baked_potato":9,"chipped:blackstone_29":1,"minecraft:crafting_table":1,"minecraft:book":1,"minecraft:cake":1,"justhammers:iron_hammer":64,"minecraft:oak_log":27,"minecraft:stone_axe":70,"minecraft:cobblestone":55,"minecraft:porkchop":2,"minecraft:bucket":5,"minecraft:jukebox":1},"minecraft:picked_up":{"minecraft:nether_brick_fence":17,"create:mechanical_crafter":7,"minecraft:wither_rose":1,"minecraft:golden_sword":2,"minecraft:string":43,"minecraft:soul_soil":22,"minecraft:raw_copper":12,"minecraft:red_nether_bricks":15,"minecraft:oak_sign":1,"botania:manasteel_chestplate":1,"minecraft:gold_nugget":42,"minecraft:bucket":1,"minecraft:spruce_planks":10,"minecraft:redstone_torch":1,"minecraft:written_book":1,"minecraft:azalea":3,"minecraft:tipped_arrow":35,"minecraft:stick":6,"ftbstoneblock:mob_soul":109,"minecraft:jukebox":4,"ftbstoneblock:warm_silverfish_shard":1,"minecraft:big_dripleaf":1,"thermal:raw_lead":14,"minecraft:torch":13,"minecraft:golden_axe":3,"minecraft:dried_kelp":244,"createaddition:copper_spool":1,"minecraft:golden_chestplate":1,"minecraft:light_gray_bed":3,"minecraft:rotten_flesh":5,"minecraft:iron_block":7,"minecraft:cobblestone":1287,"minecraft:crimson_hyphae":2,"ftbstoneblock:dust":512,"minecraft:magma_block":23,"ftbstoneblock:2x_compressed_stone":4,"minecraft:leather_chestplate":1,"minecraft:feather":8,"minecraft:magma_cream":26,"jags:jags":2,"minecraft:andesite":15,"minecraft:golden_leggings":1,"minecraft:smoker":1,"minecraft:potato":124,"minecraft:flint":26,"minecraft:stripped_spruce_wood":1,"minecraft:tuff":30,"create:raw_zinc":111,"minecraft:wither_skeleton_skull":4,"ae2:charged_certus_quartz_crystal":14,"minecraft:lapis_lazuli":36,"minecraft:dirt":5,"minecraft:name_tag":1,"minecraft:twisting_vines":11,"minecraft:bone":2,"minecraft:glass":12,"ftbstoneblock:1x_compressed_dirt":2,"minecraft:bow":2,"minecraft:wheat_seeds":3,"ftbquests:book":1,"minecraft:glowstone_dust":13,"minecraft:moss_block":12,"minecraft:oak_planks":14,"minecraft:ghast_tear":12,"tconstruct:necrotic_bone":5,"create:cogwheel":1,"ae2:certus_quartz_crystal":95,"minecraft:poisonous_potato":2,"minecraft:sand":118,"immersiveengineering:raw_aluminum":19,"ars_nouveau:wilden_horn":1,"minecraft:barrel":33,"ftbsbc:stone_hammer":2,"farmersdelight:glow_berry_custard":3,"minecraft:clay":20,"minecraft:diamond":30,"minecraft:lever":1,"chancecubes:chance_cube":1,"ae2:certus_crystal_seed":80,"minecraft:golden_apple":14,"minecraft:golden_horse_armor":1,"minecraft:oak_sapling":35,"minecraft:netherrack":284,"minecraft:crimson_roots":20,"nethersdelight:hoglin_loin":7,"minecraft:crafting_table":3,"botania:lens_fire":1,"buildinggadgets:gadget_exchanging":1,"minecraft:ladder":1,"minecraft:nether_wart":5,"botania:manasteel_leggings":1,"minecraft:pink_wool":16,"minecraft:gold_block":5,"minecraft:dragon_head":1,"gravestone:obituary":43,"minecraft:shield":1,"botania:cosmetic_questgiver_mark":1,"ftbquests:lootcrate":17,"minecraft:moss_carpet":14,"minecraft:flint_and_steel":1,"minecraft:netherite_scrap":3,"minecraft:blackstone":2,"minecraft:jungle_sapling":4,"minecraft:iron_nugget":16,"minecraft:spruce_slab":2,"minecraft:chest":60,"minecraft:birch_sapling":2,"minecraft:spruce_trapdoor":4,"minecraft:egg":6,"botania:magnet_ring":1,"minecraft:raw_iron":38,"minecraft:bowl":1,"minecraft:fire_charge":1,"minecraft:stone_button":2,"minecraft:trident":1,"minecraft:redstone":120,"create:brass_casing":33,"minecraft:red_nether_brick_wall":1,"create:zinc_ingot":13,"chipped:blackstone_29":2,"minecraft:tnt":2,"minecraft:weeping_vines":10,"ars_nouveau:enchanting_apparatus":1,"minecraft:arrow":4,"minecraft:saddle":3,"minecraft:glistering_melon_slice":8,"minecraft:glow_berries":124,"minecraft:nether_brick_wall":1,"ftbstoneblock:stonepebble":20,"minecraft:tripwire_hook":4,"minecraft:leather":62,"minicoal:mini_charcoal":1,"minecraft:crimson_fungus":12,"minecraft:oak_log":71,"minecraft:gunpowder":76,"createaddition:capacitor":2,"minecraft:paper":3,"create:crushing_wheel":2,"minecraft:iron_ingot":13,"minecraft:glass_bottle":8,"minecraft:soul_sand":33,"minecraft:book":1,"botania:manasteel_helmet":1,"minecraft:quartz":13,"minecraft:cracked_nether_bricks":14,"minecraft:gravel":165,"powah:uraninite_raw":8,"minecraft:spruce_sapling":2,"minecraft:crying_obsidian":19,"mekanism:raw_osmium":13,"minecraft:spruce_door":1,"create:electron_tube":1,"minecraft:firework_rocket":20,"minecraft:pumpkin_seeds":5,"create:brass_ingot":48,"immersiveengineering:seed":3,"minecraft:stone_axe":1,"mekanism:fluorite_gem":13,"minecraft:warped_roots":2,"minecraft:crimson_nylium":2,"minecraft:coal":134,"minecraft:ender_pearl":5},"minecraft:custom":{"minecraft:interact_with_crafting_table":46,"minecraft:open_barrel":51,"minecraft:eat_cake_slice":19,"minecraft:leave_game":3,"minecraft:time_since_death":45207,"champions:champion_mobs_killed":113,"minecraft:sprint_one_cm":1007895,"minecraft:damage_blocked_by_shield":2955,"minecraft:drop":227,"minecraft:play_time":375588,"minecraft:deaths":55,"minecraft:jump":3758,"minecraft:walk_on_water_one_cm":3582,"minecraft:interact_with_furnace":58,"minecraft:sleep_in_bed":7,"minecraft:damage_dealt":28038,"minecraft:player_kills":5,"minecraft:crouch_one_cm":51966,"minecraft:inspect_dispenser":27,"minecraft:horse_one_cm":319817,"minecraft:interact_with_anvil":3,"minecraft:mob_kills":130,"minecraft:climb_one_cm":8799,"minecraft:opened_chance_cube":7,"minecraft:walk_one_cm":586636,"minecraft:sneak_time":24204,"minecraft:interact_with_blast_furnace":3,"minecraft:total_world_time":375588,"minecraft:time_since_rest":45231,"minecraft:damage_taken":17839,"minecraft:damage_absorbed":251,"minecraft:trigger_trapped_chest":7,"minecraft:fly_one_cm":574215,"minecraft:open_chest":428,"minecraft:fall_one_cm":48049}},"DataVersion":2975}