{"stats":{"minecraft:mined":{"minecraft:dead_horn_coral_fan":3,"minecraft:dragon_wall_head":1,"create:andesite_casing":1,"minecraft:red_nether_bricks":1,"minecraft:granite":1,"minecraft:deepslate_tile_wall":2,"ftbstoneblock:1x_compressed_gravel":134,"minecraft:coal_block":20,"minecraft:deepslate_tile_stairs":27,"minecraft:crimson_fungus":1,"minecraft:spawner":17,"minecraft:weeping_vines_plant":20,"minecraft:magma_block":17,"minecraft:barrel":83,"minecraft:fire":13,"minecraft:moss_carpet":14,"minecraft:fletching_table":1,"minecraft:nether_brick_stairs":6,"ftbdripper:dripper":1,"minecraft:cave_vines":14,"minecraft:spruce_wood":29,"stonechest:chest_cobblestone":6,"minecraft:brown_mushroom":2,"minecraft:smoker":1,"minecraft:soul_fire":8,"minecraft:deepslate_tile_slab":7,"minecraft:torch":9,"minecraft:blast_furnace":2,"minecraft:dead_bush":1,"experienceobelisk:experience_obelisk":1,"minecraft:glass":2,"create:basin":1,"minecraft:chain":1,"minecraft:wither_rose":3,"minecraft:grass":31,"minecraft:deepslate":63,"minecraft:crimson_roots":8,"minecraft:moss_block":22,"minecraft:red_mushroom":1,"minecraft:andesite":25,"minecraft:big_dripleaf_stem":3,"minecraft:potatoes":20,"minecraft:cobblestone_slab":8,"minecraft:vine":4,"minecraft:soul_sand":2,"minecraft:cobbled_deepslate_wall":1,"minecraft:warped_roots":1,"minecraft:campfire":70,"minecraft:copper_ore":2,"minecraft:tall_grass":25,"minecraft:big_dripleaf":2,"minecraft:trapped_chest":5,"create:crushing_wheel":2,"minecraft:gravel":194,"ftbstoneblock:1x_compressed_cobblestone":198,"minecraft:spruce_planks":10,"minecraft:cave_vines_plant":5,"ftbstoneblock:1x_compressed_dirt":100,"minecraft:composter":17,"supplementaries:ash":1,"minecraft:flowering_azalea_leaves":2,"minecraft:azalea_leaves":3,"simplylight:lamp_post":1,"minecraft:spruce_slab":3,"minecraft:blackstone":2,"minecraft:twisting_vines_plant":3,"minecraft:chest":50,"minecraft:nether_quartz_ore":1,"minecraft:cobblestone":885,"minecraft:wall_torch":13,"minecraft:light_gray_candle":3,"minecraft:nether_wart_block":3,"minecraft:tnt":3,"minecraft:oak_log":121,"minecraft:dirt":102,"minecraft:sand":102,"minecraft:ancient_debris":3,"minecraft:netherrack":45,"minecraft:oak_leaves":289,"minecraft:redstone_lamp":40,"minecraft:nether_gold_ore":1,"minecraft:tuff":2,"ars_nouveau:archwood_chest":2,"gravestone:gravestone":15,"minecraft:lever":2,"minecraft:ladder":1,"minecraft:stone_button":1,"create:large_cogwheel":1,"minecraft:weeping_vines":2,"create:depot":1,"minecraft:polished_andesite_slab":3,"minecraft:cracked_nether_bricks":14,"createaddition:rolling_mill":1,"minecraft:dead_brain_coral":4,"minecraft:furnace":1,"minecraft:bookshelf":5,"minecraft:nether_brick_fence":1,"minecraft:stone":471,"minecraft:scaffolding":9,"minecraft:crafting_table":1,"minecraft:stone_slab":1,"minecraft:red_nether_brick_wall":2,"minecraft:sea_pickle":1,"minecraft:beehive":29,"minecraft:polished_andesite":9,"minecraft:crimson_fence":3,"minecraft:crimson_hyphae":5},"minecraft:killed_by":{"minecraft:piglin_brute":1,"minecraft:zombie":1,"minecraft:creeper":1,"minecraft:player":11},"minecraft:broken":{"mekanismtools:stone_paxel":2,"minecraft:diamond_helmet":1,"minecraft:iron_leggings":1,"minecraft:chainmail_helmet":1,"ftbsbc:stone_hammer":10,"mekanismtools:iron_paxel":1,"minecraft:diamond_boots":1,"botania:manasteel_leggings":1,"minecraft:golden_chestplate":1,"minecraft:diamond_chestplate":1,"justhammers:iron_reinforced_impact_hammer":1,"justhammers:iron_hammer":1,"ftbsbc:stone_crook":2},"minecraft:killed":{"minecraft:cave_spider":1,"minecraft:skeleton":42,"minecraft:chicken":1,"minecraft:magma_cube":64,"minecraft:pillager":19,"minecraft:zombie":85,"minecraft:glow_squid":1,"instrumentalmobs:drum_zombie":1,"minecraft:evoker":2,"minecraft:vindicator":2,"minecraft:husk":4,"minecraft:witch":8,"minecraft:spider":8,"minecraft:bee":2,"minecraft:silverfish":23,"minecraft:piglin_brute":33,"minecraft:piglin":29,"minecraft:creeper":19,"minecraft:sheep":6,"minecraft:stray":4,"minecraft:blaze":8,"minecraft:vex":4,"minecraft:phantom":3,"minecraft:llama":2,"minecraft:drowned":1,"minecraft:hoglin":10,"ars_nouveau:wilden_stalker":8,"ars_nouveau:wilden_hunter":1,"minecraft:wither_skeleton":17},"minecraft:dropped":{"farmersdelight:hamburger":3,"minecraft:clay":20,"minecraft:piston":8,"minecraft:porkchop":15,"minecraft:respawn_anchor":2,"minecraft:lapis_lazuli":9,"minecraft:glow_ink_sac":93,"minecraft:diamond":23,"minecraft:glass_bottle":21,"mcwdoors:metal_warning_door":2,"minecraft:crossbow":1,"minecraft:weeping_vines":17,"minecraft:cookie":64,"minecraft:glow_berries":558,"minecraft:warped_roots":6,"minecraft:saddle":12,"minecraft:leather_helmet":2,"minecraft:red_mushroom":43,"botania:manasteel_leggings":3,"minecraft:gold_block":4,"minecraft:dirt":1023,"constructionwand:iron_wand":2,"ars_nouveau:ring_of_lesser_discount":1,"minecraft:stone_button":4,"minecraft:dark_oak_fence":3,"buddingcrystals:budding_emerald":1,"minecraft:chain":35,"minecraft:gold_nugget":17,"powah:dielectric_paste":41,"minecraft:phantom_membrane":13,"minecraft:gray_candle":23,"minecraft:sand":940,"tconstruct:sky_slime_ball":63,"minecraft:sugar":4,"mekanismtools:iron_paxel":3,"minecraft:music_disc_stal":1,"minecraft:bone":99,"minecraft:green_candle":27,"projecte:white_alchemical_bag":2,"minecraft:stone_axe":1,"minecraft:ancient_debris":4,"minecraft:music_disc_chirp":1,"minecraft:iron_nugget":100,"minecraft:polished_andesite_slab":3,"minecraft:golden_chestplate":2,"rftoolsutility:crafter1":1,"minecraft:nether_brick":6,"minecraft:wheat":188,"minecraft:obsidian":9,"minecraft:rotten_flesh":280,"functionalstorage:linking_tool":1,"botania:cosmetic_questgiver_mark":3,"minecraft:oak_planks":15,"powah:crystal_blazing":4,"minecraft:glowstone_dust":1,"create:potato_cannon":2,"minecraft:blaze_powder":13,"powah:energy_cable_starter":24,"jags:jags":6,"minecraft:nether_brick_fence":1,"botania:manasteel_ingot":5,"minecraft:rabbit_foot":4,"minecraft:tipped_arrow":27,"minecraft:red_candle":6,"minecraft:charcoal":120,"minecraft:hopper":1,"minecraft:music_disc_mall":1,"minecraft:leather_boots":1,"farmersdelight:mixed_salad":8,"farmersdelight:rope":16,"minecraft:leather_leggings":2,"minecraft:brown_candle":9,"minecraft:red_nether_bricks":36,"thermal:bronze_ingot":1,"minecraft:crying_obsidian":2,"minecraft:ghast_tear":9,"minecraft:egg":3,"farmersdelight:tomato_seeds":3,"minecraft:enchanted_book":7,"minecraft:golden_boots":1,"minecraft:iron_ingot":52,"minecraft:wheat_seeds":13,"minecraft:tnt":1,"ars_nouveau:apprentice_boots":1,"minecraft:cobbled_deepslate_wall":1,"minecraft:guardian_spawn_egg":2,"minecraft:oak_fence":10,"minecraft:book":21,"minecraft:feather":9,"minecraft:cobblestone":4454,"minecraft:prismarine_crystals":1,"minecraft:apple":4,"minecraft:granite":1,"minecraft:deepslate_tile_slab":2,"minecraft:polished_blackstone_button":20,"mekanismtools:stone_paxel":1,"minecraft:coal":20,"minecraft:golden_apple":1,"minecraft:coal_block":8,"minecraft:polished_andesite":62,"minecraft:lava_bucket":2,"minecraft:cobweb":28,"minecraft:diamond_horse_armor":1,"minecraft:dried_kelp_block":7,"tconstruct:necrotic_bone":6,"minecraft:lodestone":1,"minecraft:rabbit":6,"minecraft:cooked_salmon":30,"projecte:dark_matter":1,"minecraft:dead_bush":4,"minecraft:dried_kelp":422,"minecraft:golden_hoe":3,"ftbstoneblock:stonepebble":1,"thermal:rf_potato":1,"minecraft:chainmail_leggings":1,"minecraft:string":66,"powah:energy_cable_basic":12,"minecraft:blue_candle":11,"minecraft:trapped_chest":1,"create:raw_zinc":23,"powah:uraninite_raw":8,"farmersdelight:glow_berry_custard":12,"minecraft:moss_carpet":1,"minecraft:soul_soil":39,"minecraft:netherite_ingot":1,"ars_nouveau:source_berry":8,"minecraft:stone_sword":1,"minecraft:cobblestone_wall":1,"minecraft:bowl":27,"minecraft:stone_shovel":1,"farmersdelight:fruit_salad":1,"minecraft:chicken":11,"minecraft:clay_ball":164,"torchbowmod:torchbow":1,"ftbstoneblock:1x_compressed_dirt":1,"industrialforegoing:range_addon0":1,"minecraft:name_tag":1,"minecraft:budding_amethyst":1,"minecraft:diamond_sword":1,"mekanismtools:steel_sword":1,"minecraft:potato":32,"minecraft:cobblestone_slab":7,"minecraft:flower_pot":1,"minecraft:sea_pickle":24,"minecraft:powder_snow_bucket":2,"minecraft:spruce_planks":3,"create:zinc_ingot":10,"minecraft:diamond_pickaxe":1,"ftbstoneblock:dust":109,"thermal:phytogro":46,"powah:thermo_generator_hardened":1,"minecraft:wooden_shovel":1,"minecraft:bamboo":6,"minecraft:spider_eye":1,"minecraft:barrel":62,"minecraft:warped_button":5,"minecraft:bow":4,"farmersdelight:mushroom_rice":1,"create:brass_casing":3,"minecraft:purple_candle":18,"minecraft:horse_spawn_egg":1,"farmersdelight:apple_cider":2,"ars_nouveau:amplify_arrow":122,"minecraft:magma_block":1,"pipez:wrench":1,"functionalstorage:void_upgrade":2,"minecraft:crimson_nylium":6,"minecraft:brown_mushroom":38,"minecraft:candle":46,"minecraft:soul_sand":74,"minecraft:moss_block":13,"minecraft:diamond_axe":1,"minecraft:baked_potato":2,"functionalstorage:redstone_upgrade":2,"minecraft:ender_pearl":2,"minecraft:dark_oak_sapling":1,"ftbstoneblock:warm_silverfish_shard":19,"minecraft:deepslate_tile_wall":3,"minecraft:leather":22,"create:filter":1,"minecraft:iron_horse_armor":1,"chancecubes:chance_cube":1,"luggage:luggage":27,"minecraft:flint":136,"minecraft:cobblestone_stairs":7,"ftbstoneblock:mob_soul":80,"minecraft:deepslate_tile_stairs":5,"minecraft:redstone_lamp":10,"minecraft:netherite_scrap":3,"botania:manasteel_helmet":1,"minecraft:cornflower":44,"minecraft:mutton":11,"minecraft:crimson_roots":10,"minecraft:cooked_cod":26,"minecraft:snowball":26,"gravestone:obituary":37,"minecraft:gilded_blackstone":5,"minecraft:amethyst_shard":23,"botania:quartz_mana":25,"farmersdelight:cooked_salmon_slice":2,"minecraft:glistering_melon_slice":14,"industrialforegoing:straw":2,"shrink:shrinking_device":1,"minecraft:gold_ingot":52,"minecraft:gravel":1783,"minecraft:crimson_fungus":15,"ars_nouveau:wilden_spike":10,"minecraft:twisting_vines":15,"chiselsandbits:bit_bag":1,"minecraft:pointed_dripstone":8,"minecraft:white_candle":1,"minecraft:diamond_shovel":1,"minecraft:beehive":27,"bloodmagic:weakbloodorb":7,"minecraft:stone_stairs":16,"minecraft:honey_bottle":136,"ae2:certus_crystal_seed":1,"ars_nouveau:water_essence":9,"minecraft:carrot":4,"ae2:sky_dust":2,"minecraft:leather_chestplate":2,"thermal:tin_ingot":5,"minecraft:trident":2,"minecraft:gunpowder":306,"minecraft:skeleton_skull":8,"minecraft:beetroot_seeds":6,"minecraft:melon_seeds":12,"minecraft:lingering_potion":2,"minecraft:azalea":1,"minecraft:chest":70,"minecraft:chainmail_boots":1,"minecraft:spruce_wood":84,"create:brass_ingot":15,"minecraft:arrow":131,"minecraft:iron_bars":16,"entangled:item":1,"minecraft:quartz":2,"minecraft:scaffolding":23,"minecraft:written_book":1,"minecraft:splash_potion":1,"minecraft:netherrack":69,"create:andesite_alloy":11,"minecraft:firework_rocket":41,"minecraft:stone_hoe":1,"minecraft:golden_helmet":3,"buddingcrystals:crystal_catalyst":12,"minecraft:golden_axe":2,"minecraft:amethyst_block":4,"ftbstoneblock:1x_compressed_sand":2,"powah:steel_energized":6,"farmersdelight:smoked_ham":1,"minecraft:copper_ingot":90,"minecraft:stick":31,"minecraft:iron_block":5,"bloodmagic:furnacecell_primitive":1,"botania:manasteel_chestplate":2,"botania:livingwood_twig":1,"ftbsbc:stone_hammer":6,"chancecubes:silk_touch_pendant":1,"minecraft:milk_bucket":1,"minecraft:diorite":7,"minecraft:torch":475,"minecraft:nether_wart_block":10,"minecraft:repeater":3,"minecraft:zombie_head":3,"minecraft:fire_charge":22,"ftbstoneblock:1x_compressed_gravel":2,"immersiveengineering:shader_bag_epic":8,"minecraft:music_disc_strad":1,"mekanismtools:steel_helmet":1,"minecraft:crimson_fence":5,"minecraft:wither_rose":8,"minecraft:music_disc_ward":2,"minecraft:cyan_candle":2,"createaddition:rolling_mill":1,"minecraft:bucket":5,"ars_nouveau:wilden_wing":34,"minecraft:redstone":45,"buddingcrystals:budding_diamond":1,"mekanismtools:diamond_paxel":1,"tconstruct:ichor_slime_ball":13,"minecraft:nether_wart":5,"minecraft:blaze_rod":2,"minecraft:raw_copper":1,"thermal:raw_lead":5,"thermal:slag":16,"minecraft:raw_iron":1,"minecraft:composter":18,"botania:magnet_ring":3,"minecraft:wither_skeleton_skull":9,"minecraft:pink_candle":9,"minecraft:smoker":1,"thermal:device_water_gen":1,"ftbstoneblock:cold_silverfish_shard":147,"minecraft:light_gray_candle":7,"minecraft:flint_and_steel":8,"pipez:fluid_pipe":16,"minecraft:shield":1,"supplementaries:flint_block":2,"simplylight:lamp_post":8,"minecraft:iron_chestplate":1,"minecraft:andesite":350,"minecraft:magenta_candle":4,"supercircuitmaker:tiny_redstone":4,"minecraft:golden_leggings":3,"tconstruct:earth_slime_sapling":3,"minecraft:oak_sapling":7,"minecraft:golden_sword":2,"projecte:mobius_fuel":12,"mekanismtools:refined_glowstone_leggings":4,"minecraft:slime_ball":13,"itemcollectors:basic_collector":1,"minecraft:diamond_boots":1,"minecraft:raw_gold":6,"minecraft:music_disc_mellohi":2,"minecraft:magma_cream":9,"minecraft:nautilus_shell":1,"botania:cosmetic_tiny_potato_mask":4,"ftbquests:lootcrate":3,"minecraft:brick":61,"ars_nouveau:ritual_challenge":2},"minecraft:crafted":{"pipez:wrench":1,"minecraft:blaze_powder":32,"stonechest:chest_cobblestone":28,"thermal:device_water_gen":1,"minecraft:iron_bars":16,"minecraft:glass":37,"powah:energizing_rod_starter":1,"powah:thermoelectric_plate":7,"powah:capacitor_basic_large":2,"ftbsbc:stone_rod":136,"minecraft:copper_ingot":6,"create:mechanical_mixer":1,"thermal:redstone_servo":1,"minecraft:iron_pickaxe":5,"ftbsbc:stone_hammer":6,"minecraft:gold_ingot":37,"thermal:tin_ingot":9,"powah:capacitor_basic_tiny":12,"powah:dielectric_casing":5,"minecraft:stone_shovel":3,"minecraft:iron_nugget":9,"ftbsbc:stone_crook":8,"minecraft:bone_meal":9,"minecraft:stone_pickaxe":3,"minecraft:redstone_block":20,"powah:dielectric_paste":64,"minecraft:cobblestone":21,"minecraft:iron_shovel":5,"powah:capacitor_basic":16,"create:shaft":8,"minecraft:oak_planks":372,"mekanismtools:iron_paxel":5,"minecraft:cobblestone_slab":12,"createaddition:rolling_mill":1,"pipez:fluid_pipe":16,"powah:energy_cable_basic":12,"minecraft:chest":15,"minecraft:crafting_table":4,"create:zinc_nugget":54,"mekanismtools:stone_paxel":3,"minecraft:shield":1,"powah:capacitor_hardened":2,"minecraft:stick":224,"minecraft:iron_ingot":89,"minecraft:polished_andesite":4,"stonechest:part_cobblestone":112,"minecraft:redstone":27,"minecraft:furnace":8,"powah:thermo_generator_hardened":1,"minecraft:flint_and_steel":2,"projecte:white_alchemical_bag":2,"minecraft:iron_axe":5,"powah:thermo_generator_starter":1,"create:basin":1,"powah:dielectric_rod_horizontal":32,"powah:energy_cable_starter":12,"create:andesite_alloy":26,"create:hand_crank":1,"luggage:luggage":15,"powah:energizing_orb":1,"minecraft:bucket":4,"minecraft:stone_axe":3,"minecraft:air":0,"powah:dielectric_rod":11,"powah:thermo_generator_basic":1,"ftbstoneblock:1x_compressed_cobblestone":14,"create:whisk":1,"minecraft:white_dye":2,"minecraft:torch":480,"minecraft:diamond_chestplate":2},"minecraft:used":{"minecraft:moss_block":9,"farmersdelight:mixed_salad":1,"minecraft:soul_sand":2,"create:depot":1,"minecraft:snowball":1,"ars_nouveau:archwood_chest":6,"minecraft:lava_bucket":87,"simplylight:lamp_post":7,"farmersdelight:bacon_sandwich":1,"farmersdelight:glow_berry_custard":7,"supplementaries:bomb_blue":1,"minecraft:bow":118,"minecraft:guardian_spawn_egg":1,"minecraft:oak_sapling":13,"minecraft:furnace":8,"minecraft:cooked_cod":8,"minecraft:egg":11,"minecraft:potato":2,"minecraft:dragon_head":3,"farmersdelight:beef_stew":12,"minecraft:blackstone":12,"minecraft:fox_spawn_egg":1,"minecraft:golden_apple":32,"minecraft:glow_berries":55,"minecraft:sand":102,"minecraft:blast_furnace":2,"mekanismtools:iron_paxel":706,"gag:time_sand_pouch":4,"justhammers:iron_reinforced_impact_hammer":141,"create:basin":2,"powah:energizing_orb":1,"ftbsbc:stone_hammer":1653,"minecraft:cooked_salmon":25,"minecraft:netherrack":81,"minecraft:bee_spawn_egg":1,"minecraft:torch":396,"minecraft:brewing_stand":1,"minecraft:crimson_hyphae":1,"cobblefordays:tier_4":1,"minecraft:chipped_anvil":4,"minecraft:chicken_spawn_egg":1,"minecraft:totem_of_undying":4,"minecraft:barrel":28,"minecraft:diamond_chestplate":1,"farmersdelight:cooking_pot":1,"stonechest:chest_cobblestone":28,"minecraft:wheat_seeds":1,"minecraft:water_bucket":9,"mekanismtools:stone_paxel":531,"minecraft:horse_spawn_egg":1,"minecraft:crafting_table":5,"supplementaries:bomb":5,"tconstruct:rabbit_stew_bucket":1,"minecraft:cake":1,"justhammers:iron_hammer":135,"minecraft:oak_log":2,"minecraft:diamond_shovel":64,"rftoolsutility:crafter1":1,"minecraft:cobblestone":907,"minecraft:potion":4,"minecraft:cooked_porkchop":4,"minecraft:moss_carpet":15,"minecraft:shield":4,"minecraft:mooshroom_spawn_egg":1,"mekanismtools:diamond_paxel":497,"minecraft:honey_bottle":6,"minecraft:big_dripleaf":26,"minecraft:glass":1,"chancecubes:chance_cube":5,"minecraft:lantern":1,"minecraft:magma_block":1,"minecraft:scaffolding":2,"minecraft:written_book":1,"minecraft:golden_boots":1,"minecraft:zombie_horse_spawn_egg":2,"create:crushing_wheel":1,"minecraft:elder_guardian_spawn_egg":1,"minecraft:chainmail_helmet":1,"minecraft:diamond_axe":777,"createaddition:rolling_mill":1,"minecraft:crossbow":1,"minecraft:mule_spawn_egg":1,"minecraft:lingering_potion":1,"minecraft:lever":2,"minecraft:firework_rocket":151,"minecraft:bread":26,"experienceobelisk:experience_obelisk":2,"minecraft:gravel":131,"minecraft:chainmail_boots":1,"minecraft:andesite":59,"ftbdripper:dripper":2,"create:large_cogwheel":4,"ftbstoneblock:dust":24,"minecraft:bone_meal":36,"ironchest:crystal_chest":1,"minecraft:experience_bottle":9,"ftbsbc:stone_crook":275,"minecraft:trident":4,"minecraft:flint_and_steel":50,"minecraft:dirt":136,"mcwfurnitures:acacia_drawer":1,"create:mechanical_mixer":1,"minecraft:cobblestone_wall":1,"minecraft:diamond_helmet":1,"minecraft:golden_chestplate":1,"ars_nouveau:source_berry_pie":7,"minecraft:golden_carrot":37,"minecraft:wolf_spawn_egg":1,"ftbstoneblock:1x_compressed_cobblestone":4,"minecraft:light_gray_bed":1,"minecraft:iron_leggings":1,"minecraft:baked_potato":1,"minecraft:polished_andesite":2,"minecraft:red_nether_bricks":62,"botania:manasteel_leggings":1,"minecraft:llama_spawn_egg":104,"minecraft:cobblestone_slab":18,"botania:manasteel_boots":2,"minecraft:smoker":1,"minecraft:apple":41,"torchbowmod:torchbow":125,"minecraft:bucket":92,"create:hand_crank":1,"minecraft:chainmail_leggings":1},"minecraft:picked_up":{"minecraft:wooden_axe":2,"minecraft:blue_candle":18,"minecraft:iron_chestplate":1,"minecraft:chainmail_boots":1,"minecraft:flower_pot":4,"minecraft:prismarine_shard":1,"minecraft:stone_slab":3,"minecraft:diamond_sword":2,"minecraft:wither_rose":8,"minecraft:enchanted_book":14,"minecraft:golden_shovel":2,"projecte:magenta_alchemical_bag":1,"minecraft:golden_sword":5,"minecraft:amethyst_block":11,"minecraft:music_disc_cat":1,"minecraft:string":281,"minecraft:dark_oak_trapdoor":1,"minecraft:soul_soil":201,"minecraft:cooked_salmon":38,"minecraft:red_nether_bricks":135,"botania:manasteel_chestplate":2,"minecraft:diamond_leggings":1,"minecraft:gold_nugget":72,"minecraft:crimson_fence":5,"minecraft:spruce_planks":10,"minecraft:written_book":3,"thermal:rf_potato":4,"minecraft:enchanted_golden_apple":3,"minecraft:coal_block":28,"minecraft:golden_helmet":4,"minecraft:beehive":38,"immersiveengineering:shader_bag_epic":12,"ftbstoneblock:mob_soul":168,"minecraft:composter":22,"ftbstoneblock:warm_silverfish_shard":48,"minecraft:big_dripleaf":34,"create:andesite_casing":2,"projecte:dark_matter":5,"minecraft:golden_axe":4,"minecraft:warped_button":4,"minecraft:deepslate_tile_stairs":35,"minecraft:golden_chestplate":9,"minecraft:rabbit_foot":2,"botania:manasteel_ingot":4,"minecraft:stone_sword":3,"minecraft:lime_carpet":250,"minecraft:honey_bottle":158,"minecraft:light_gray_bed":1,"projecte:alchemical_coal":2,"minecraft:iron_block":12,"rftoolsutility:crafter1":2,"farmersdelight:rope":24,"minecraft:glowstone":26,"minecraft:bookshelf":8,"minecraft:wolf_spawn_egg":1,"thermal:slag":16,"minecraft:blaze_rod":41,"farmersdelight:melon_juice":3,"minecraft:iron_bars":26,"minecraft:snowball":26,"ars_nouveau:manipulation_essence":2,"ftbstoneblock:1x_compressed_cobblestone":2,"minecraft:magma_block":2,"mekanismtools:steel_helmet":2,"minecraft:feather":12,"minecraft:water_bucket":2,"botania:manasteel_boots":1,"ars_nouveau:source_berry":7,"minecraft:powder_snow_bucket":6,"minecraft:smoker":2,"minecraft:flint":183,"farmersdelight:cooked_bacon":8,"ae2:charged_certus_quartz_crystal":14,"luggage:luggage":42,"mcwfurnitures:acacia_drawer":1,"minecraft:lantern":1,"minecraft:brown_candle":18,"minecraft:twisting_vines":15,"minecraft:chipped_anvil":4,"pipez:fluid_pipe":16,"tconstruct:blood_slime_sapling":4,"minecraft:llama_spawn_egg":1,"minecraft:rabbit":10,"minecraft:gray_candle":27,"minecraft:diamond_helmet":1,"minecraft:glowstone_dust":12,"minecraft:moss_block":100,"minecraft:magenta_candle":4,"bloodmagic:furnacecell_primitive":1,"ae2:certus_quartz_crystal":135,"minecraft:fermented_spider_eye":1,"minecraft:trapped_chest":6,"minecraft:barrel":229,"ftbsbc:stone_hammer":12,"minecraft:iron_hoe":1,"createaddition:brass_rod":4,"minecraft:polished_andesite":213,"minecraft:white_candle":1,"minecraft:dispenser":20,"farmersdelight:glow_berry_custard":13,"botanypots:light_blue_concrete_botany_pot":1,"minecraft:lever":2,"minecraft:granite":1,"minecraft:bread":5,"minecraft:horse_spawn_egg":1,"tconstruct:blood_slime_grass_seeds":4,"minecraft:golden_horse_armor":1,"minecraft:chainmail_helmet":1,"minecraft:dark_oak_fence":3,"minecraft:crimson_roots":49,"minecraft:crafting_table":1,"minecraft:nether_wart":10,"minecraft:clay_ball":543,"minecraft:leather_leggings":2,"minecraft:golden_pickaxe":2,"minecraft:redstone_lamp":55,"minecraft:dragon_head":2,"gravestone:obituary":33,"minecraft:cornflower":52,"minecraft:pink_candle":13,"minecraft:flint_and_steel":12,"minecraft:netherite_scrap":4,"minecraft:iron_shovel":2,"supplementaries:bomb":4,"minecraft:respawn_anchor":3,"minecraft:music_disc_otherside":1,"minecraft:jungle_sapling":4,"minecraft:iron_nugget":289,"minecraft:birch_sapling":4,"minecraft:chest":169,"minecraft:piston":8,"minecraft:diamond_hoe":1,"minecraft:egg":10,"ars_nouveau:fire_essence":1,"ars_nouveau:ritual_challenge":3,"minecraft:music_disc_mellohi":3,"minecraft:fire_charge":40,"farmersdelight:tomato_seeds":6,"minecraft:cake":4,"minecraft:carrot":4,"minecraft:redstone":270,"create:brass_casing":3,"minecraft:red_nether_brick_wall":1,"minecraft:prismarine_crystals":1,"minecraft:tnt":2,"tconstruct:sky_slime_ball":63,"minecraft:stone_shovel":1,"minecraft:diamond_chestplate":1,"minecraft:cooked_cod":28,"minecraft:beetroot_seeds":6,"minecraft:diamond_boots":1,"farmersdelight:hamburger":3,"create:depot":1,"farmersdelight:beef_stew":7,"minecraft:gold_ingot":104,"minecraft:totem_of_undying":2,"minecraft:glow_berries":687,"tconstruct:earth_slime_sapling":7,"minecraft:mutton":17,"minecraft:clock":1,"minecraft:fox_spawn_egg":1,"minecraft:red_mushroom":50,"ae2:fluix_crystal":28,"ars_nouveau:wilden_wing":44,"minecraft:oak_log":84,"farmersdelight:shepherds_pie":4,"chiselsandbits:magnifying_glass":1,"minecraft:ancient_debris":5,"minecraft:golden_boots":5,"minecraft:paper":4,"minecraft:white_banner":2,"bloodmagic:weakbloodorb":7,"create:crushing_wheel":1,"minecraft:apple":53,"ars_nouveau:water_essence":11,"minecraft:music_disc_far":1,"minecraft:cobweb":46,"minecraft:glass_bottle":20,"minecraft:iron_sword":2,"stonechest:chest_cobblestone":6,"minecraft:polished_andesite_stairs":1,"minecraft:milk_bucket":4,"botania:manasteel_helmet":2,"projecte:mobius_fuel":15,"minecraft:gravel":1850,"powah:uraninite_raw":16,"projecte:white_alchemical_bag":2,"minecraft:spruce_sapling":4,"minecraft:orange_candle":3,"minecraft:crying_obsidian":66,"minecraft:leather_helmet":2,"minecraft:firework_rocket":136,"minecraft:diamond_shovel":3,"experienceobelisk:experience_obelisk":1,"minecraft:slime_ball":38,"ftbsbc:stone_crook":5,"immersiveengineering:seed":7,"minecraft:stone_axe":1,"minecraft:scute":2,"minecraft:diamond_axe":2,"minecraft:warped_roots":6,"minecraft:lodestone":8,"minecraft:baked_potato":5,"minecraft:brown_banner":1,"farmersdelight:cooked_salmon_slice":10,"minecraft:melon_seeds":12,"minecraft:crimson_nylium":11,"minecraft:hopper":9,"minecraft:ender_pearl":9,"minecraft:shulker_shell":1,"minecraft:music_disc_strad":2,"minecraft:wheat":124,"minecraft:nether_brick_fence":18,"minecraft:potion":2,"minecraft:nether_brick":6,"minecraft:gilded_blackstone":44,"minecraft:raw_copper":8,"minecraft:iron_leggings":3,"minecraft:red_candle":18,"minecraft:sticky_piston":1,"minecraft:netherite_ingot":1,"minecraft:zombie_head":3,"minecraft:sea_pickle":31,"buddingcrystals:crystal_catalyst":20,"minecraft:bucket":4,"create:potato_cannon":3,"minecraft:cobblestone_slab":16,"minecraft:azalea":4,"minecraft:wooden_shovel":1,"nethersdelight:hoglin_sirloin":1,"minecraft:iron_pickaxe":1,"minecraft:deepslate_tile_wall":6,"soulshards:soul_shard":1,"minecraft:furnace":1,"minecraft:tipped_arrow":221,"powah:magmator_starter":1,"minecraft:stick":168,"buddingcrystals:budding_emerald":1,"ironchest:crystal_chest":1,"minecraft:oak_fence":10,"minecraft:torch":401,"thermal:raw_lead":57,"minecraft:porkchop":24,"minecraft:snow_block":4,"ars_nouveau:archwood_chest":2,"minecraft:dried_kelp":458,"minecraft:music_disc_pigstep":1,"minecraft:pointed_dripstone":10,"minecraft:diorite":5,"minecraft:vine":8,"supplementaries:flax":5,"create:large_cogwheel":2,"minecraft:quartz_block":14,"minecraft:rotten_flesh":485,"minecraft:music_disc_ward":2,"minecraft:guardian_spawn_egg":2,"ars_nouveau:whirlisprig_shards":2,"minecraft:music_disc_wait":1,"minecraft:obsidian":99,"minecraft:cod":5,"minecraft:blaze_powder":24,"minecraft:cobblestone":6888,"minecraft:nautilus_shell":1,"minecraft:crimson_hyphae":7,"mekanismtools:refined_glowstone_leggings":4,"farmersdelight:mixed_salad":11,"ftbstoneblock:2x_compressed_stone":2,"ftbstoneblock:dust":116,"minecraft:leather_chestplate":2,"minecraft:magma_cream":9,"minecraft:repeater":20,"farmersdelight:smoked_ham":1,"jags:jags":17,"minecraft:andesite":512,"thermal:phytogro":89,"minecraft:golden_leggings":4,"industrialforegoing:mob_imprisonment_tool":1,"minecraft:potato":77,"minecraft:tuff":22,"create:raw_zinc":93,"ars_nouveau:earth_essence":2,"minecraft:wither_skeleton_skull":12,"minecraft:lapis_lazuli":48,"powah:energy_cable_basic":2,"minecraft:dirt":1198,"constructionwand:iron_wand":3,"powah:dielectric_paste":102,"minecraft:name_tag":1,"minecraft:leather_boots":1,"minecraft:bone":226,"ftbdripper:dripper":2,"botania:cyan_mystical_flower":2,"powah:steel_energized":11,"minecraft:bow":13,"minecraft:cobbled_deepslate_wall":1,"minecraft:wheat_seeds":28,"minecraft:green_candle":27,"minecraft:raw_gold":6,"minecraft:bamboo":21,"minecraft:cyan_candle":22,"simplylight:lamp_post":5,"minecraft:prismarine":8,"minecraft:stone_hoe":2,"minecraft:oak_planks":22,"minecraft:ghast_tear":10,"thermal:raw_tin":42,"tconstruct:necrotic_bone":9,"minecraft:cooked_porkchop":12,"thermal:bronze_ingot":1,"create:cogwheel":1,"justhammers:iron_hammer":1,"minecraft:sand":1055,"immersiveengineering:raw_aluminum":57,"minecraft:dead_bush":6,"minecraft:sugar":4,"minecraft:clay":8,"minecraft:diamond":46,"create:filter":1,"mekanismtools:steel_sword":1,"minecraft:polished_blackstone_pressure_plate":6,"darkutils:vector_plate":4,"minecraft:polished_blackstone_button":11,"chancecubes:chance_cube":7,"minecraft:crossbow":5,"supercircuitmaker:tiny_redstone":12,"ae2:certus_crystal_seed":80,"minecraft:bone_meal":4,"minecraft:golden_apple":11,"minecraft:emerald":17,"minecraft:oak_sapling":114,"minecraft:netherrack":483,"minecraft:nether_star":2,"minecraft:lingering_potion":2,"minecraft:charcoal":166,"minecraft:splash_potion":3,"minecraft:chicken":19,"minecraft:brown_mushroom":49,"botania:manasteel_leggings":5,"torchbowmod:torchbow":3,"minecraft:gold_block":22,"minecraft:diamond_horse_armor":2,"createaddition:rolling_mill":1,"minecraft:chain":48,"minecraft:brick":108,"botania:cosmetic_questgiver_mark":4,"ars_nouveau:amplify_arrow":122,"ftbquests:lootcrate":42,"projecte:light_gray_alchemical_bag":2,"minecraft:moss_carpet":28,"minecraft:stone_stairs":16,"ars_nouveau:source_berry_pie":8,"minecraft:blackstone":382,"minecraft:candle":133,"ars_nouveau:starbuncle_shards":1,"tconstruct:earth_slime_sling":1,"create:basin":1,"minecraft:phantom_membrane":27,"botania:magnet_ring":4,"minecraft:dark_oak_sapling":5,"minecraft:raw_iron":42,"minecraft:mooshroom_spawn_egg":1,"minecraft:copper_ingot":125,"minecraft:bowl":19,"create:hand_crank":1,"minecraft:stone_button":4,"minecraft:cookie":88,"minecraft:music_disc_11":1,"minecraft:trident":6,"tconstruct:ichor_slime_ball":18,"minecraft:iron_horse_armor":2,"create:zinc_ingot":13,"powah:crystal_blazing":4,"minecraft:lime_candle":19,"minecraft:purple_candle":20,"minecraft:arrow":186,"minecraft:weeping_vines":29,"botania:lava_pendant":1,"minecraft:golden_hoe":4,"minecraft:pumpkin_pie":4,"minecraft:nether_bricks":5,"ars_nouveau:ring_of_lesser_discount":3,"industrialforegoing:straw":2,"immersiveengineering:shader":3,"farmersdelight:mushroom_rice":1,"farmersdelight:bacon_sandwich":1,"ftbstoneblock:cold_silverfish_shard":140,"minecraft:saddle":19,"minecraft:glistering_melon_slice":30,"minecraft:skeleton_skull":9,"minecraft:elder_guardian_spawn_egg":1,"ftbstoneblock:stonepebble":95,"supplementaries:flint_block":2,"minecraft:golden_carrot":34,"minecraft:glow_ink_sac":112,"minecraft:leather":114,"buddingcrystals:budding_diamond":1,"minecraft:music_disc_stal":4,"botania:cosmetic_tiny_potato_mask":5,"minecraft:crimson_fungus":50,"create:andesite_alloy":41,"minecraft:nether_wart_block":10,"powah:energy_cable_starter":24,"minecraft:cobblestone_wall":3,"minecraft:gunpowder":285,"minecraft:cobblestone_stairs":9,"minecraft:wooden_hoe":2,"minecraft:deepslate_tile_slab":18,"minecraft:zombie_horse_spawn_egg":2,"ae2:sky_dust":5,"farmersdelight:apple_cider":3,"minecraft:spruce_wood":84,"farmersdelight:fruit_salad":1,"minecraft:iron_ingot":105,"minecraft:polished_andesite_slab":44,"minecraft:soul_sand":262,"tconstruct:bacon":4,"minecraft:acacia_sapling":4,"minecraft:music_disc_chirp":2,"minecraft:book":48,"minecraft:scaffolding":37,"minecraft:warped_fungus":1,"minecraft:black_candle":10,"minecraft:budding_amethyst":5,"minecraft:quartz":60,"botania:quartz_mana":48,"minecraft:lava_bucket":1,"minecraft:amethyst_shard":23,"mekanismtools:diamond_paxel":1,"minecraft:blast_furnace":1,"mekanism:raw_osmium":68,"minecraft:spider_eye":11,"ars_nouveau:wilden_spike":22,"minecraft:music_disc_mall":3,"minecraft:pumpkin_seeds":5,"minecraft:dried_kelp_block":13,"minecraft:light_gray_candle":15,"create:brass_ingot":13,"minecraft:chainmail_leggings":2,"minecraft:coal":101},"minecraft:custom":{"minecraft:interact_with_crafting_table":86,"minecraft:open_barrel":178,"minecraft:eat_cake_slice":1,"minecraft:leave_game":8,"minecraft:time_since_death":46230,"champions:champion_mobs_killed":396,"minecraft:damage_blocked_by_shield":140,"minecraft:play_time":670245,"minecraft:deaths":18,"minecraft:jump":6233,"minecraft:interact_with_furnace":49,"minecraft:sleep_in_bed":3,"minecraft:damage_dealt":77862,"minecraft:horse_one_cm":43519,"minecraft:opened_chance_cube":5,"minecraft:sneak_time":44743,"minecraft:interact_with_blast_furnace":5,"minecraft:total_world_time":670245,"minecraft:time_since_rest":46254,"minecraft:swim_one_cm":2596,"minecraft:fly_one_cm":929466,"minecraft:open_chest":979,"minecraft:fall_one_cm":55613,"minecraft:sprint_one_cm":808227,"minecraft:drop":1220,"minecraft:walk_on_water_one_cm":11295,"minecraft:player_kills":20,"minecraft:crouch_one_cm":89575,"minecraft:mob_kills":453,"minecraft:damage_dealt_resisted":90,"minecraft:climb_one_cm":26900,"minecraft:walk_one_cm":1360899,"minecraft:walk_under_water_one_cm":3394,"minecraft:damage_taken":18280,"minecraft:damage_absorbed":3345,"minecraft:trigger_trapped_chest":3}},"DataVersion":2975}