{"stats":{"minecraft:used":{"minecraft:moss_block":1,"farmersdelight:mixed_salad":9,"minecraft:stone":2,"woodenshears:wooden_shears":116,"minecraft:soul_sand":2,"create:depot":1,"minecraft:lava_bucket":10,"simplylight:lamp_post":2,"farmersdelight:glow_berry_custard":2,"minecraft:bow":43,"minecraft:furnace":1,"minecraft:oak_sapling":20,"minecraft:cooked_cod":9,"minecraft:potato":23,"mcwdoors:metal_warning_door":2,"farmersdelight:beef_stew":2,"farmersdelight:hamburger":9,"minecraft:composter":1,"minecraft:oak_leaves":6,"minecraft:golden_apple":1,"minecraft:glow_berries":216,"minecraft:sand":19,"mob_grinding_utils:tank":4,"mekanismtools:iron_paxel":947,"gag:time_sand_pouch":18,"minecraft:diamond_sword":27,"minecraft:dark_oak_fence":1,"ftbsbc:fire_plow":32,"minecraft:stone_sword":80,"ftbsbc:stone_hammer":799,"minecraft:torch":1,"minecraft:totem_of_undying":4,"minecraft:diamond_chestplate":1,"cobblefordays:tier_1":1,"stonechest:chest_cobblestone":15,"minecraft:water_bucket":3,"mekanismtools:stone_paxel":290,"minecraft:cauldron":1,"create:encased_fan":1,"minecraft:crafting_table":2,"minecraft:dark_oak_fence_gate":1,"minecraft:oak_log":3,"minecraft:spruce_trapdoor":1,"minecraft:cobblestone":470,"minecraft:candle":1,"minecraft:oak_sign":2,"minecraft:iron_sword":525,"farmersdelight:melon_juice":5,"create:cogwheel":7,"minecraft:big_dripleaf":7,"ftbstoneblock:1x_compressed_dirt":28,"create:millstone":1,"minecraft:magma_block":1,"ftbstoneblock:1x_compressed_sand":28,"minecraft:diamond_boots":1,"justhammers:iron_impact_hammer":129,"minecraft:crossbow":1,"minecraft:bread":15,"minecraft:gravel":324,"minecraft:andesite":14,"minecraft:coarse_dirt":4,"ironchest:crystal_chest":1,"minecraft:bone_meal":15,"minecraft:experience_bottle":10,"create:large_cogwheel":6,"ftbsbc:stone_crook":259,"minecraft:flint_and_steel":2,"minecraft:stone_hoe":129,"minecraft:dirt":100,"minecraft:granite":1,"minecraft:stone_brick_slab":2,"minecraft:golden_carrot":12,"ftbstoneblock:1x_compressed_cobblestone":28,"ftbstoneblock:1x_compressed_gravel":28,"minecraft:iron_leggings":1,"botania:manasteel_boots":1,"minecraft:apple":36,"create:mechanical_press":1,"torchbowmod:torchbow":12,"minecraft:stone_slab":2,"minecraft:stone_axe":78,"minecraft:bucket":47,"minecraft:pumpkin_pie":3,"create:hand_crank":6,"minecraft:splash_potion":1,"minecraft:chainmail_leggings":1},"minecraft:killed_by":{"minecraft:zombie":1,"minecraft:creeper":1,"minecraft:player":2,"minecraft:skeleton":1},"minecraft:custom":{"minecraft:interact_with_crafting_table":95,"minecraft:open_barrel":5,"minecraft:bell_ring":4,"minecraft:leave_game":1,"minecraft:time_since_death":18366,"champions:champion_mobs_killed":247,"minecraft:play_time":335739,"minecraft:deaths":5,"minecraft:jump":3251,"minecraft:interact_with_furnace":41,"minecraft:damage_dealt":43164,"minecraft:use_cauldron":8,"minecraft:damage_dealt_absorbed":40,"minecraft:sneak_time":17248,"minecraft:total_world_time":335739,"minecraft:time_since_rest":18389,"minecraft:swim_one_cm":4675,"minecraft:fly_one_cm":523833,"minecraft:open_chest":343,"minecraft:fall_one_cm":53218,"minecraft:sprint_one_cm":364668,"minecraft:drop":645,"minecraft:walk_on_water_one_cm":74390,"minecraft:player_kills":1,"minecraft:crouch_one_cm":30488,"minecraft:mob_kills":271,"minecraft:climb_one_cm":13764,"minecraft:walk_one_cm":497836,"minecraft:walk_under_water_one_cm":2557,"minecraft:damage_taken":8136,"minecraft:damage_absorbed":485,"minecraft:trigger_trapped_chest":1},"minecraft:dropped":{"farmersdelight:hamburger":3,"minecraft:clay":4,"minecraft:lapis_lazuli":34,"minecraft:respawn_anchor":3,"minecraft:glow_ink_sac":42,"minecraft:glass_bottle":9,"minecraft:diamond":23,"minecraft:crossbow":1,"minecraft:cookie":13,"minecraft:glow_berries":107,"minecraft:warped_roots":2,"create:cogwheel":2,"ars_nouveau:earth_essence":2,"minecraft:fletching_table":1,"minecraft:saddle":8,"minecraft:red_mushroom":7,"botania:manasteel_leggings":5,"minecraft:emerald":12,"minecraft:dirt":9,"constructionwand:iron_wand":2,"minecraft:stone_button":3,"minecraft:dark_oak_fence":1,"minecraft:dark_oak_trapdoor":1,"minecraft:chain":24,"supplementaries:flax":7,"powah:dielectric_paste":48,"minecraft:phantom_membrane":6,"minecraft:sand":296,"minecraft:gray_candle":23,"minecraft:lime_candle":7,"tconstruct:sky_slime_ball":45,"minecraft:sugar":3,"minecraft:music_disc_stal":2,"ars_nouveau:source_gem":2,"minecraft:bone":15,"minecraft:stone_axe":4,"minecraft:golden_chestplate":1,"ars_nouveau:whirlisprig_shards":3,"minecraft:wheat":60,"minecraft:rotten_flesh":82,"ftbsbc:stone_crook":5,"minecraft:oak_planks":1,"botania:cosmetic_questgiver_mark":6,"minecraft:glowstone_dust":2,"create:potato_cannon":2,"minecraft:blaze_powder":10,"justhammers:iron_hammer":1,"jags:jags":1,"botania:manasteel_ingot":1,"minecraft:rabbit_foot":2,"minecraft:tipped_arrow":19,"minecraft:red_candle":9,"minecraft:charcoal":2,"minecraft:hopper":7,"minecraft:music_disc_mall":6,"farmersdelight:mixed_salad":6,"farmersdelight:rope":16,"minecraft:leather_leggings":5,"minecraft:stone_brick_stairs":1,"minecraft:egg":2,"minecraft:enchanted_book":4,"minecraft:wheat_seeds":7,"minecraft:tnt":12,"minecraft:guardian_spawn_egg":6,"minecraft:cobblestone":451,"minecraft:book":24,"minecraft:apple":29,"minecraft:granite":1,"ftbdripper:dripper":1,"minecraft:chicken_spawn_egg":1,"minecraft:chainmail_helmet":1,"minecraft:coal_block":8,"minecraft:golden_apple":8,"minecraft:lava_bucket":1,"minecraft:dried_kelp_block":3,"minecraft:golden_carrot":4,"minecraft:wooden_axe":1,"minecraft:cooked_salmon":1,"minecraft:diamond_helmet":1,"minecraft:potion":1,"minecraft:dead_bush":1,"minecraft:dried_kelp":27,"thermal:rf_potato":3,"minecraft:chainmail_leggings":2,"minecraft:iron_shovel":1,"minecraft:string":35,"minecraft:stone_brick_slab":1,"farmersdelight:glow_berry_custard":1,"farmersdelight:melon_juice":1,"ars_nouveau:source_berry":1,"minecraft:bowl":6,"minecraft:experience_bottle":6,"farmersdelight:beef_stew":4,"minecraft:clay_ball":135,"torchbowmod:torchbow":5,"minecraft:stone_slab":3,"minecraft:budding_amethyst":4,"minecraft:blast_furnace":1,"minecraft:big_dripleaf":10,"mekanismtools:steel_sword":1,"minecraft:cobblestone_slab":1,"minecraft:flower_pot":2,"minecraft:sea_pickle":16,"minecraft:powder_snow_bucket":1,"ftbstoneblock:dust":640,"thermal:phytogro":44,"minecraft:wooden_shovel":2,"minecraft:spider_eye":8,"minecraft:barrel":26,"minecraft:warped_button":3,"minecraft:bow":1,"minecraft:purple_candle":2,"minecraft:horse_spawn_egg":1,"ars_nouveau:source_berry_pie":16,"ars_nouveau:amplify_arrow":24,"minecraft:brown_mushroom":11,"minecraft:soul_sand":125,"minecraft:candle":11,"minecraft:moss_block":7,"minecraft:llama_spawn_egg":1,"minecraft:diamond_axe":1,"minecraft:nether_star":2,"minecraft:ender_pearl":9,"minecraft:lantern":1,"luggage:luggage":10,"minecraft:cod":9,"minecraft:flint":4,"ftbstoneblock:mob_soul":36,"minecraft:warped_pressure_plate":6,"minecraft:redstone_lamp":40,"botania:manasteel_helmet":2,"minecraft:cornflower":8,"minecraft:cooked_cod":5,"gravestone:obituary":9,"minecraft:pumpkin_pie":7,"botania:quartz_mana":16,"farmersdelight:cooked_salmon_slice":4,"create:large_cogwheel":1,"minecraft:gold_ingot":31,"stonechest:part_cobblestone":3,"minecraft:gravel":671,"ars_nouveau:wilden_spike":5,"minecraft:twisting_vines":18,"minecraft:pointed_dripstone":2,"minecraft:white_candle":1,"minecraft:diamond_shovel":3,"minecraft:beehive":4,"bloodmagic:weakbloodorb":13,"minecraft:honey_bottle":5,"ars_nouveau:water_essence":7,"minecraft:carrot":1,"minecraft:leather_chestplate":2,"minecraft:trident":5,"minecraft:gunpowder":11,"minecraft:beetroot_seeds":3,"minecraft:lingering_potion":11,"minecraft:chainmail_boots":1,"minecraft:azalea":2,"minecraft:chest":26,"minecraft:iron_bars":5,"minecraft:arrow":17,"minecraft:scaffolding":5,"minecraft:splash_potion":8,"minecraft:bread":5,"minecraft:light_blue_candle":9,"powah:steel_energized":8,"minecraft:copper_ingot":75,"minecraft:stick":182,"botania:manasteel_chestplate":6,"ftbsbc:stone_hammer":8,"minecraft:milk_bucket":1,"minecraft:brewing_stand":1,"minecraft:torch":177,"minecraft:repeater":2,"minecraft:zombie_head":5,"minecraft:fire_charge":15,"minecraft:iron_leggings":2,"minecraft:music_disc_ward":8,"minecraft:wither_rose":12,"minecraft:cyan_candle":2,"ars_nouveau:wilden_wing":3,"minecraft:redstone":72,"minecraft:dragon_head":1,"minecraft:raw_copper":2,"thermal:slag":11,"minecraft:composter":2,"botania:magnet_ring":1,"ftbstoneblock:cold_silverfish_shard":37,"minecraft:flint_and_steel":1,"minecraft:diamond_chestplate":2,"supplementaries:flint_block":1,"minecraft:andesite":69,"minecraft:cake":1,"minecraft:magenta_candle":16,"supercircuitmaker:tiny_redstone":4,"projecte:mobius_fuel":1,"mekanismtools:refined_glowstone_leggings":5,"minecraft:slime_ball":72,"minecraft:music_disc_mellohi":1,"botania:cosmetic_tiny_potato_mask":4,"ftbquests:lootcrate":12,"minecraft:brick":24},"minecraft:broken":{"mekanismtools:stone_paxel":1,"minecraft:iron_sword":2,"minecraft:leather_helmet":1,"ftbsbc:fire_plow":8,"botania:manasteel_boots":1,"ftbsbc:stone_hammer":5,"mekanismtools:iron_paxel":1,"woodenshears:wooden_shears":2,"ftbsbc:stone_crook":1},"minecraft:mined":{"create:andesite_casing":4,"minecraft:coal_block":8,"minecraft:oak_wall_sign":1,"minecraft:spawner":12,"ironchest:crystal_chest":1,"minecraft:magma_block":1,"minecraft:dark_oak_trapdoor":1,"minecraft:barrel":92,"minecraft:moss_carpet":1,"minecraft:granite_slab":1,"minecraft:fletching_table":1,"minecraft:cave_vines":8,"mcwdoors:metal_warning_door":2,"minecraft:spruce_wood":55,"stonechest:chest_cobblestone":1,"create:cogwheel":2,"minecraft:brown_mushroom":10,"minecraft:amethyst_cluster":1,"minecraft:torch":5,"minecraft:blast_furnace":1,"minecraft:amethyst_block":7,"minecraft:stone_brick_stairs":1,"minecraft:grass":6,"create:hand_crank":2,"minecraft:dark_oak_fence":4,"minecraft:moss_block":74,"minecraft:red_mushroom":5,"minecraft:andesite":600,"minecraft:big_dripleaf_stem":6,"minecraft:potatoes":2,"minecraft:green_candle":2,"minecraft:soul_sand":2,"minecraft:stone_brick_slab":1,"minecraft:tall_grass":9,"minecraft:big_dripleaf":2,"minecraft:trapped_chest":1,"minecraft:gravel":314,"minecraft:cobweb":1,"minecraft:fern":1,"ftbstoneblock:1x_compressed_cobblestone":1,"minecraft:spruce_planks":3,"minecraft:oak_sapling":1,"minecraft:spruce_trapdoor":1,"minecraft:cave_vines_plant":7,"ftbsbc:bits_spawner":2,"ftbstoneblock:1x_compressed_dirt":28,"minecraft:composter":7,"minecraft:pointed_dripstone":3,"minecraft:iron_bars":1,"minecraft:azalea":2,"minecraft:twisting_vines_plant":2,"minecraft:chest":58,"mob_grinding_utils:tank":3,"minecraft:cobblestone":352,"minecraft:wall_torch":3,"minecraft:tnt":14,"minecraft:oak_log":90,"minecraft:sand":19,"minecraft:dirt":59,"minecraft:oak_leaves":362,"minecraft:gray_candle":1,"minecraft:tuff":4,"gravestone:gravestone":5,"create:large_cogwheel":2,"minecraft:polished_andesite_slab":6,"ftbstoneblock:dust":24,"minecraft:dark_oak_fence_gate":1,"minecraft:bookshelf":12,"minecraft:stone":178,"minecraft:scaffolding":3,"ftbstoneblock:1x_compressed_sand":28,"minecraft:stone_slab":3,"minecraft:sea_pickle":1,"minecraft:polished_andesite":6,"minecraft:small_dripleaf":1},"minecraft:picked_up":{"minecraft:wooden_axe":1,"minecraft:flower_pot":2,"minecraft:stone_slab":7,"minecraft:diamond_sword":1,"minecraft:wither_rose":12,"minecraft:enchanted_book":5,"minecraft:golden_shovel":1,"minecraft:brewing_stand":1,"minecraft:amethyst_block":7,"minecraft:string":40,"minecraft:dark_oak_trapdoor":1,"minecraft:cooked_salmon":1,"botania:manasteel_chestplate":6,"minecraft:gold_nugget":11,"minecraft:spruce_planks":3,"thermal:rf_potato":5,"minecraft:coal_block":8,"minecraft:beehive":4,"ftbstoneblock:mob_soul":49,"minecraft:composter":2,"minecraft:big_dripleaf":39,"create:andesite_casing":3,"entangled:item":1,"projecte:dark_matter":2,"minecraft:warped_button":3,"minecraft:warped_pressure_plate":8,"mcwdoors:metal_warning_door":4,"minecraft:golden_chestplate":2,"minecraft:rabbit_foot":2,"thermal:apatite":27,"botania:manasteel_ingot":1,"tconstruct:sky_slime_crystal":3,"minecraft:honey_bottle":45,"projecte:alchemical_coal":1,"rftoolsutility:crafter1":1,"farmersdelight:rope":24,"thermal:slag":11,"farmersdelight:melon_juice":6,"minecraft:iron_bars":7,"minecraft:snowball":6,"ars_nouveau:manipulation_essence":2,"minecraft:magma_block":2,"botania:manasteel_boots":1,"ars_nouveau:source_berry":3,"minecraft:powder_snow_bucket":2,"minecraft:flint":92,"farmersdelight:cooked_bacon":5,"minecraft:lantern":1,"minecraft:twisting_vines":18,"ftbstoneblock:1x_compressed_dirt":3,"ftbstoneblock:1x_compressed_sand":2,"industrialforegoing:range_addon0":1,"minecraft:moss_block":24,"minecraft:diamond_helmet":1,"minecraft:glowstone_dust":10,"minecraft:llama_spawn_egg":1,"minecraft:gray_candle":23,"minecraft:magenta_candle":16,"functionalstorage:void_upgrade":2,"mekanismtools:stone_paxel":1,"minecraft:barrel":35,"ftbsbc:stone_hammer":2,"minecraft:polished_andesite":151,"minecraft:white_candle":1,"farmersdelight:glow_berry_custard":3,"minecraft:granite":2,"chiselsandbits:bit_bag":1,"minecraft:horse_spawn_egg":1,"minecraft:bread":5,"minecraft:dark_oak_fence":2,"minecraft:light_blue_candle":9,"minecraft:crafting_table":1,"minecraft:clay_ball":151,"minecraft:leather_leggings":6,"minecraft:redstone_lamp":40,"minecraft:dragon_head":2,"gravestone:obituary":5,"minecraft:cornflower":8,"minecraft:pink_candle":3,"minecraft:flint_and_steel":1,"thermal:raw_nickel":7,"minecraft:iron_shovel":1,"minecraft:respawn_anchor":5,"thermal:niter":4,"minecraft:jungle_sapling":6,"minecraft:iron_nugget":258,"minecraft:chest":38,"minecraft:birch_sapling":4,"minecraft:piston":4,"minecraft:egg":2,"ars_nouveau:ritual_challenge":2,"minecraft:music_disc_mellohi":1,"minecraft:fire_charge":10,"minecraft:cake":1,"minecraft:carrot":1,"minecraft:redstone":176,"minecraft:chicken_spawn_egg":1,"minecraft:tnt":13,"tconstruct:sky_slime_ball":45,"minecraft:diamond_chestplate":1,"minecraft:cooked_cod":14,"minecraft:beetroot_seeds":3,"minecraft:diamond_boots":1,"farmersdelight:hamburger":11,"farmersdelight:beef_stew":4,"minecraft:gold_ingot":45,"minecraft:totem_of_undying":4,"minecraft:glow_berries":477,"shrink:shrinking_device":1,"minecraft:red_mushroom":11,"functionalstorage:redstone_upgrade":2,"ars_nouveau:wilden_wing":6,"mob_grinding_utils:tank":3,"minecraft:oak_log":153,"minecraft:paper":4,"minecraft:white_banner":1,"bloodmagic:weakbloodorb":12,"minecraft:apple":70,"ars_nouveau:water_essence":7,"minecraft:cobweb":18,"minecraft:glass_bottle":7,"minecraft:iron_sword":2,"stonechest:chest_cobblestone":2,"minecraft:polished_andesite_stairs":1,"ftbstoneblock:1x_compressed_gravel":2,"minecraft:milk_bucket":2,"botania:manasteel_helmet":2,"projecte:mobius_fuel":2,"minecraft:gravel":1268,"projecte:white_alchemical_bag":1,"minecraft:spruce_sapling":2,"minecraft:leather_helmet":1,"minecraft:diamond_shovel":3,"minecraft:slime_ball":80,"immersiveengineering:seed":6,"minecraft:stone_axe":5,"minecraft:diamond_axe":2,"minecraft:warped_roots":2,"farmersdelight:cooked_salmon_slice":6,"minecraft:melon_seeds":6,"minecraft:hopper":8,"minecraft:ender_pearl":10,"minecraft:shulker_shell":1,"minecraft:wheat":60,"minecraft:potion":1,"minecraft:stone_brick_stairs":1,"chancecubes:silk_touch_pendant":1,"botania:livingwood_twig":1,"minecraft:raw_copper":26,"minecraft:iron_leggings":2,"minecraft:red_candle":9,"minecraft:zombie_head":5,"minecraft:experience_bottle":16,"minecraft:oak_sign":1,"thermal:sulfur":1,"minecraft:sea_pickle":18,"minecraft:bucket":1,"minecraft:cobblestone_slab":1,"create:potato_cannon":2,"minecraft:azalea":2,"minecraft:wooden_shovel":2,"minecraft:iron_pickaxe":1,"functionalstorage:linking_tool":1,"minecraft:tipped_arrow":27,"minecraft:stick":78,"ironchest:crystal_chest":2,"minecraft:torch":134,"minecraft:dried_kelp":27,"minecraft:pointed_dripstone":2,"minecraft:diorite":2,"minecraft:vine":9,"supplementaries:flax":7,"create:large_cogwheel":2,"minecraft:rotten_flesh":145,"minecraft:music_disc_ward":8,"minecraft:guardian_spawn_egg":5,"ars_nouveau:whirlisprig_shards":3,"minecraft:blaze_powder":5,"minecraft:cobblestone":4322,"mekanismtools:refined_glowstone_leggings":5,"farmersdelight:mixed_salad":14,"ftbstoneblock:dust":628,"minecraft:leather_chestplate":2,"minecraft:repeater":4,"jags:jags":3,"minecraft:andesite":640,"thermal:phytogro":65,"minecraft:potato":32,"minecraft:tuff":5,"ars_nouveau:earth_essence":4,"minecraft:lapis_lazuli":324,"minecraft:dirt":550,"constructionwand:iron_wand":2,"powah:dielectric_paste":64,"minecraft:bone":33,"ftbdripper:dripper":1,"powah:steel_energized":11,"itemcollectors:basic_collector":1,"minecraft:bow":2,"ars_nouveau:source_gem":2,"minecraft:wheat_seeds":8,"minecraft:raw_gold":18,"minecraft:cyan_candle":2,"minecraft:fletching_table":1,"minecraft:bamboo":6,"projecte:purple_alchemical_bag":2,"simplylight:lamp_post":4,"minecraft:oak_planks":4,"minecraft:stone_hoe":1,"create:cogwheel":3,"minecraft:sand":475,"stonechest:part_cobblestone":6,"minecraft:dead_bush":1,"minecraft:sugar":3,"minecraft:clay":4,"minecraft:diamond":51,"mekanismtools:steel_sword":1,"minecraft:polished_blackstone_button":2,"minecraft:crossbow":1,"supercircuitmaker:tiny_redstone":4,"minecraft:bone_meal":41,"minecraft:golden_apple":15,"minecraft:emerald":53,"minecraft:oak_sapling":165,"minecraft:nether_star":2,"minecraft:oak_leaves":116,"minecraft:lingering_potion":10,"minecraft:charcoal":4,"minecraft:splash_potion":8,"thermal:raw_silver":6,"thermal:cinnabar":34,"minecraft:turtle_helmet":1,"botania:manasteel_leggings":6,"minecraft:brown_mushroom":12,"torchbowmod:torchbow":7,"ars_nouveau:blue_archwood_sapling":4,"minecraft:chain":24,"minecraft:brick":43,"tconstruct:earth_slime_crystal":3,"botania:cosmetic_questgiver_mark":8,"ars_nouveau:amplify_arrow":24,"ftbquests:lootcrate":26,"projecte:light_gray_alchemical_bag":1,"minecraft:stone_stairs":2,"minecraft:moss_carpet":3,"ars_nouveau:source_berry_pie":17,"minecraft:candle":23,"ars_nouveau:starbuncle_shards":1,"minecraft:spruce_trapdoor":1,"minecraft:phantom_membrane":12,"botania:magnet_ring":3,"minecraft:dark_oak_sapling":2,"minecraft:copper_ingot":110,"minecraft:mooshroom_spawn_egg":1,"ars_nouveau:purple_archwood_sapling":4,"create:hand_crank":3,"minecraft:stone_button":3,"minecraft:cookie":20,"minecraft:music_disc_11":1,"minecraft:trident":5,"minecraft:purple_candle":8,"minecraft:lime_candle":13,"minecraft:arrow":121,"ae2:certus_quartz_dust":20,"minecraft:pumpkin_pie":7,"ftbstoneblock:cold_silverfish_shard":39,"minecraft:saddle":8,"minecraft:elder_guardian_spawn_egg":1,"ftbstoneblock:stonepebble":11,"minecraft:golden_carrot":17,"minecraft:glow_ink_sac":44,"minecraft:leather":5,"minecraft:music_disc_stal":2,"botania:cosmetic_tiny_potato_mask":5,"create:andesite_alloy":9,"minecraft:gunpowder":23,"minecraft:cobblestone_stairs":1,"minecraft:wooden_hoe":1,"minecraft:zombie_horse_spawn_egg":1,"ae2:sky_dust":8,"ars_nouveau:green_archwood_sapling":2,"minecraft:iron_ingot":14,"minecraft:polished_andesite_slab":41,"minecraft:acacia_sapling":5,"minecraft:soul_sand":127,"minecraft:book":42,"minecraft:scaffolding":6,"minecraft:warped_fungus":1,"minecraft:black_candle":2,"minecraft:budding_amethyst":4,"minecraft:stone_brick_slab":3,"minecraft:quartz":4,"botania:quartz_mana":25,"minecraft:amethyst_shard":12,"minecraft:blast_furnace":1,"minecraft:dark_oak_fence_gate":1,"minecraft:spider_eye":9,"ars_nouveau:wilden_spike":5,"minecraft:music_disc_mall":6,"minecraft:pumpkin_seeds":3,"minecraft:dried_kelp_block":3,"minecraft:chainmail_leggings":1,"mekanism:fluorite_gem":2},"minecraft:killed":{"minecraft:cave_spider":1,"minecraft:skeleton":27,"minecraft:pillager":17,"minecraft:zombie":108,"minecraft:glow_squid":1,"minecraft:evoker":2,"minecraft:endermite":3,"minecraft:vindicator":1,"minecraft:enderman":1,"minecraft:witch":8,"minecraft:spider":11,"minecraft:bee":1,"minecraft:silverfish":39,"minecraft:zombie_villager":2,"minecraft:creeper":11,"minecraft:stray":1,"minecraft:vex":6,"minecraft:phantom":1,"minecraft:drowned":1,"ars_nouveau:wilden_stalker":7},"minecraft:crafted":{"minecraft:oak_sign":3,"stonechest:chest_cobblestone":19,"minecraft:glass":4,"create:mechanical_press":1,"ftbstoneblock:1x_compressed_stone":6,"create:cogwheel":5,"minecraft:gravel":45,"ftbsbc:stone_rod":56,"create:encased_fan":1,"minecraft:iron_pickaxe":1,"ftbsbc:stone_hammer":19,"minecraft:iron_block":1,"create:large_cogwheel":2,"create:propeller":1,"minecraft:composter":1,"minecraft:stone_shovel":1,"ftbsbc:stone_crook":6,"minecraft:stone_pickaxe":1,"minecraft:cobblestone":2,"minecraft:iron_shovel":1,"create:shaft":8,"minecraft:oak_planks":84,"mekanismtools:iron_paxel":1,"minecraft:sand":45,"minecraft:stone":54,"ftbstoneblock:1x_compressed_dirt":28,"minecraft:oak_button":41,"minecraft:stone_hoe":1,"minecraft:oak_slab":12,"create:depot":1,"minecraft:cauldron":1,"woodenshears:wooden_shears":6,"minecraft:crafting_table":1,"create:zinc_nugget":18,"ftbsbc:fire_plow":9,"ftbstoneblock:1x_compressed_sand":28,"mekanismtools:stone_paxel":1,"cobblefordays:tier_1":1,"minecraft:stick":164,"minecraft:iron_ingot":64,"minecraft:stone_sword":1,"minecraft:polished_andesite":12,"minecraft:coarse_dirt":4,"stonechest:part_cobblestone":76,"minecraft:furnace":1,"ftbstoneblock:1x_compressed_gravel":28,"minecraft:flint_and_steel":1,"minecraft:iron_axe":1,"create:millstone":1,"create:andesite_alloy":9,"create:hand_crank":3,"minecraft:iron_sword":1,"minecraft:dirt":9,"minecraft:bucket":2,"minecraft:stone_axe":2,"minecraft:air":0,"justhammers:iron_hammer":1,"ftbstoneblock:1x_compressed_cobblestone":28,"create:zinc_ingot":18,"minecraft:diamond_chestplate":1}},"DataVersion":2975}