{"stats":{"minecraft:used":{"minecraft:moss_block":1,"farmersdelight:mixed_salad":1,"minecraft:moss_carpet":13,"minecraft:shield":4,"minecraft:soul_sand":2,"minecraft:snowball":1,"minecraft:honey_bottle":6,"minecraft:lava_bucket":52,"minecraft:lantern":1,"simplylight:lamp_post":3,"farmersdelight:glow_berry_custard":7,"minecraft:magma_block":1,"minecraft:scaffolding":2,"minecraft:oak_sapling":13,"minecraft:furnace":8,"minecraft:cooked_cod":8,"minecraft:potato":1,"farmersdelight:beef_stew":12,"minecraft:chainmail_helmet":1,"minecraft:golden_apple":1,"minecraft:sand":102,"minecraft:glow_berries":55,"minecraft:bread":17,"mekanismtools:iron_paxel":639,"justhammers:iron_reinforced_impact_hammer":141,"experienceobelisk:experience_obelisk":2,"minecraft:gravel":131,"gag:time_sand_pouch":4,"create:basin":2,"minecraft:chainmail_boots":1,"minecraft:andesite":35,"ftbdripper:dripper":2,"ftbstoneblock:dust":24,"minecraft:bone_meal":34,"create:large_cogwheel":4,"ftbsbc:stone_crook":275,"minecraft:flint_and_steel":50,"ftbsbc:stone_hammer":1272,"minecraft:cooked_salmon":7,"minecraft:bee_spawn_egg":1,"minecraft:torch":186,"minecraft:dirt":136,"create:mechanical_mixer":1,"minecraft:cobblestone_wall":1,"cobblefordays:tier_4":1,"minecraft:totem_of_undying":1,"ars_nouveau:source_berry_pie":4,"minecraft:diamond_chestplate":1,"minecraft:barrel":1,"minecraft:golden_carrot":12,"ftbstoneblock:1x_compressed_cobblestone":4,"farmersdelight:cooking_pot":1,"stonechest:chest_cobblestone":22,"minecraft:water_bucket":5,"minecraft:polished_andesite":2,"mekanismtools:stone_paxel":531,"minecraft:cobblestone_slab":17,"minecraft:crafting_table":1,"justhammers:iron_hammer":74,"minecraft:cake":1,"minecraft:oak_log":1,"minecraft:apple":41,"torchbowmod:torchbow":124,"minecraft:potion":3,"minecraft:cobblestone":897,"minecraft:bucket":57,"create:hand_crank":1,"minecraft:chainmail_leggings":1},"minecraft:killed_by":{"minecraft:creeper":1,"minecraft:zombie":1,"minecraft:player":1},"minecraft:custom":{"minecraft:interact_with_crafting_table":40,"minecraft:open_barrel":4,"minecraft:leave_game":4,"minecraft:time_since_death":83755,"champions:champion_mobs_killed":218,"minecraft:sprint_one_cm":424113,"minecraft:damage_blocked_by_shield":140,"minecraft:drop":682,"minecraft:play_time":299708,"minecraft:deaths":3,"minecraft:jump":2727,"minecraft:walk_on_water_one_cm":5751,"minecraft:interact_with_furnace":14,"minecraft:sleep_in_bed":1,"minecraft:damage_dealt":39661,"minecraft:player_kills":1,"minecraft:crouch_one_cm":31166,"minecraft:mob_kills":251,"minecraft:climb_one_cm":16723,"minecraft:walk_one_cm":627000,"minecraft:sneak_time":12249,"minecraft:walk_under_water_one_cm":3340,"minecraft:total_world_time":299708,"minecraft:time_since_rest":83784,"minecraft:damage_absorbed":2316,"minecraft:damage_taken":7788,"minecraft:trigger_trapped_chest":1,"minecraft:swim_one_cm":2596,"minecraft:fly_one_cm":424945,"minecraft:open_chest":281,"minecraft:fall_one_cm":31477},"minecraft:dropped":{"functionalstorage:void_upgrade":2,"farmersdelight:hamburger":3,"minecraft:clay":4,"minecraft:brown_mushroom":38,"minecraft:candle":46,"minecraft:piston":8,"minecraft:moss_block":12,"minecraft:porkchop":12,"minecraft:diamond_axe":1,"minecraft:glow_ink_sac":52,"functionalstorage:redstone_upgrade":2,"minecraft:diamond":11,"minecraft:ender_pearl":1,"minecraft:glass_bottle":20,"mcwdoors:metal_warning_door":2,"minecraft:dark_oak_sapling":1,"minecraft:cookie":58,"minecraft:glow_berries":493,"minecraft:warped_roots":6,"minecraft:deepslate_tile_wall":3,"minecraft:leather":1,"minecraft:saddle":6,"minecraft:leather_helmet":2,"luggage:luggage":3,"minecraft:red_mushroom":20,"botania:manasteel_leggings":2,"minecraft:flint":3,"minecraft:cobblestone_stairs":7,"minecraft:deepslate_tile_stairs":4,"ftbstoneblock:mob_soul":66,"minecraft:dirt":128,"constructionwand:iron_wand":1,"minecraft:stone_button":4,"minecraft:dark_oak_fence":3,"minecraft:cornflower":24,"minecraft:mutton":11,"minecraft:cooked_cod":26,"minecraft:snowball":26,"minecraft:chain":34,"gravestone:obituary":3,"botania:quartz_mana":25,"minecraft:gold_nugget":13,"powah:dielectric_paste":41,"minecraft:amethyst_shard":23,"minecraft:phantom_membrane":13,"farmersdelight:cooked_salmon_slice":2,"minecraft:gray_candle":23,"minecraft:sand":48,"tconstruct:sky_slime_ball":48,"mekanismtools:iron_paxel":2,"industrialforegoing:straw":1,"minecraft:music_disc_stal":1,"shrink:shrinking_device":1,"minecraft:green_candle":19,"minecraft:gold_ingot":29,"minecraft:bone":79,"minecraft:gravel":837,"projecte:white_alchemical_bag":2,"minecraft:polished_andesite_slab":3,"ars_nouveau:wilden_spike":8,"minecraft:golden_chestplate":1,"rftoolsutility:crafter1":1,"minecraft:twisting_vines":14,"chiselsandbits:bit_bag":1,"minecraft:wheat":124,"minecraft:pointed_dripstone":8,"minecraft:rotten_flesh":264,"functionalstorage:linking_tool":1,"minecraft:oak_planks":1,"powah:crystal_blazing":2,"minecraft:white_candle":1,"minecraft:glowstone_dust":1,"minecraft:blaze_powder":13,"minecraft:beehive":25,"create:potato_cannon":2,"bloodmagic:weakbloodorb":5,"minecraft:stone_stairs":14,"jags:jags":5,"minecraft:honey_bottle":77,"botania:manasteel_ingot":5,"ars_nouveau:water_essence":7,"minecraft:carrot":3,"ae2:sky_dust":2,"minecraft:leather_chestplate":1,"minecraft:tipped_arrow":26,"minecraft:red_candle":6,"minecraft:gunpowder":171,"minecraft:charcoal":108,"minecraft:beetroot_seeds":6,"minecraft:melon_seeds":7,"minecraft:hopper":1,"minecraft:chest":37,"minecraft:leather_boots":1,"farmersdelight:mixed_salad":8,"minecraft:azalea":1,"minecraft:chainmail_boots":1,"minecraft:spruce_wood":84,"minecraft:leather_leggings":1,"farmersdelight:rope":8,"minecraft:iron_bars":7,"minecraft:arrow":129,"entangled:item":1,"minecraft:scaffolding":23,"minecraft:egg":3,"farmersdelight:tomato_seeds":3,"minecraft:stone_hoe":1,"minecraft:enchanted_book":4,"minecraft:iron_ingot":39,"minecraft:wheat_seeds":8,"minecraft:oak_fence":10,"minecraft:cobblestone":2521,"minecraft:book":21,"minecraft:amethyst_block":4,"ftbstoneblock:1x_compressed_sand":2,"powah:steel_energized":6,"minecraft:granite":1,"minecraft:copper_ingot":14,"minecraft:deepslate_tile_slab":2,"mekanismtools:stone_paxel":1,"minecraft:polished_blackstone_button":4,"minecraft:coal":12,"minecraft:golden_apple":1,"minecraft:coal_block":8,"minecraft:stick":22,"minecraft:polished_andesite":62,"minecraft:cobweb":28,"minecraft:diamond_horse_armor":1,"minecraft:dried_kelp_block":7,"botania:livingwood_twig":1,"ftbsbc:stone_hammer":2,"botania:manasteel_chestplate":1,"chancecubes:silk_touch_pendant":1,"minecraft:milk_bucket":1,"minecraft:diorite":2,"minecraft:torch":388,"minecraft:rabbit":6,"minecraft:cooked_salmon":30,"minecraft:zombie_head":2,"minecraft:fire_charge":6,"projecte:dark_matter":1,"minecraft:dried_kelp":178,"minecraft:dead_bush":2,"ftbstoneblock:1x_compressed_gravel":2,"minecraft:music_disc_strad":1,"mekanismtools:steel_helmet":1,"minecraft:crimson_fence":3,"minecraft:wither_rose":3,"minecraft:music_disc_ward":1,"minecraft:cyan_candle":2,"ftbstoneblock:stonepebble":1,"minecraft:chainmail_leggings":1,"minecraft:string":48,"minecraft:blue_candle":10,"minecraft:bucket":3,"ars_nouveau:wilden_wing":11,"farmersdelight:glow_berry_custard":9,"minecraft:redstone":2,"ars_nouveau:source_berry":4,"minecraft:cobblestone_wall":1,"minecraft:raw_copper":1,"minecraft:bowl":22,"thermal:slag":16,"minecraft:stone_shovel":1,"minecraft:raw_iron":1,"minecraft:composter":13,"botania:magnet_ring":3,"minecraft:chicken":11,"minecraft:clay_ball":147,"torchbowmod:torchbow":1,"minecraft:pink_candle":9,"ftbstoneblock:1x_compressed_dirt":1,"industrialforegoing:range_addon0":1,"minecraft:budding_amethyst":1,"ftbstoneblock:cold_silverfish_shard":46,"minecraft:light_gray_candle":7,"minecraft:flint_and_steel":1,"mekanismtools:steel_sword":1,"minecraft:cobblestone_slab":7,"minecraft:potato":26,"minecraft:sea_pickle":20,"minecraft:flower_pot":1,"minecraft:powder_snow_bucket":2,"supplementaries:flint_block":1,"simplylight:lamp_post":4,"create:zinc_ingot":3,"minecraft:andesite":142,"ftbstoneblock:dust":109,"thermal:phytogro":14,"tconstruct:earth_slime_sapling":3,"minecraft:oak_sapling":7,"supercircuitmaker:tiny_redstone":4,"minecraft:wooden_shovel":1,"minecraft:slime_ball":13,"minecraft:warped_button":3,"mekanismtools:refined_glowstone_leggings":3,"minecraft:barrel":62,"projecte:mobius_fuel":10,"minecraft:spider_eye":1,"minecraft:bamboo":6,"itemcollectors:basic_collector":1,"minecraft:diamond_boots":1,"minecraft:bow":3,"minecraft:purple_candle":6,"minecraft:music_disc_mellohi":1,"minecraft:nautilus_shell":1,"ars_nouveau:amplify_arrow":122,"minecraft:magma_block":1,"botania:cosmetic_tiny_potato_mask":4,"ftbquests:lootcrate":3,"minecraft:brick":61},"minecraft:broken":{"mekanismtools:stone_paxel":2,"botania:manasteel_leggings":1,"justhammers:iron_reinforced_impact_hammer":1,"minecraft:chainmail_helmet":1,"ftbsbc:stone_crook":2,"ftbsbc:stone_hammer":9,"mekanismtools:iron_paxel":1},"minecraft:mined":{"minecraft:dead_horn_coral_fan":3,"minecraft:cave_vines_plant":1,"minecraft:granite":1,"minecraft:deepslate_tile_wall":2,"ftbstoneblock:1x_compressed_gravel":28,"minecraft:coal_block":20,"minecraft:deepslate_tile_stairs":27,"minecraft:composter":17,"minecraft:spawner":10,"minecraft:magma_block":2,"supplementaries:ash":1,"minecraft:barrel":71,"minecraft:fire":11,"minecraft:moss_carpet":11,"minecraft:fletching_table":1,"minecraft:cave_vines":13,"minecraft:flowering_azalea_leaves":2,"ftbdripper:dripper":1,"minecraft:spruce_wood":29,"minecraft:azalea_leaves":3,"simplylight:lamp_post":1,"stonechest:chest_cobblestone":2,"minecraft:brown_mushroom":2,"minecraft:twisting_vines_plant":1,"minecraft:smoker":1,"minecraft:soul_fire":2,"minecraft:deepslate_tile_slab":7,"minecraft:torch":7,"minecraft:blast_furnace":2,"minecraft:chest":15,"minecraft:dead_bush":1,"experienceobelisk:experience_obelisk":1,"minecraft:cobblestone":865,"minecraft:wall_torch":1,"create:basin":1,"minecraft:light_gray_candle":3,"minecraft:grass":25,"minecraft:oak_log":121,"minecraft:dirt":102,"minecraft:sand":102,"minecraft:oak_leaves":289,"minecraft:redstone_lamp":40,"minecraft:tuff":2,"gravestone:gravestone":3,"create:large_cogwheel":1,"minecraft:polished_andesite_slab":3,"minecraft:moss_block":15,"minecraft:red_mushroom":1,"minecraft:dead_brain_coral":4,"minecraft:furnace":1,"minecraft:andesite":18,"minecraft:potatoes":4,"minecraft:vine":4,"minecraft:cobblestone_slab":6,"minecraft:bookshelf":5,"minecraft:stone":146,"minecraft:scaffolding":9,"minecraft:soul_sand":1,"minecraft:crafting_table":1,"minecraft:campfire":70,"minecraft:stone_slab":1,"minecraft:tall_grass":23,"minecraft:big_dripleaf":1,"minecraft:sea_pickle":1,"minecraft:beehive":29,"minecraft:gravel":130,"minecraft:polished_andesite":9,"ftbstoneblock:1x_compressed_cobblestone":28},"minecraft:picked_up":{"minecraft:blue_candle":10,"minecraft:music_disc_strad":1,"minecraft:wheat":124,"minecraft:chainmail_boots":1,"minecraft:flower_pot":1,"minecraft:wither_rose":6,"minecraft:enchanted_book":6,"projecte:magenta_alchemical_bag":1,"minecraft:amethyst_block":4,"minecraft:string":50,"minecraft:dark_oak_trapdoor":1,"minecraft:raw_copper":2,"minecraft:cooked_salmon":32,"minecraft:iron_leggings":1,"minecraft:red_candle":6,"minecraft:zombie_head":3,"minecraft:sea_pickle":20,"botania:manasteel_chestplate":2,"minecraft:gold_nugget":13,"minecraft:crimson_fence":3,"minecraft:bucket":2,"create:potato_cannon":1,"minecraft:cobblestone_slab":12,"thermal:rf_potato":1,"minecraft:azalea":1,"minecraft:wooden_shovel":1,"minecraft:deepslate_tile_wall":3,"minecraft:coal_block":8,"minecraft:tipped_arrow":16,"minecraft:beehive":29,"minecraft:stick":147,"ftbstoneblock:mob_soul":70,"minecraft:composter":13,"minecraft:big_dripleaf":8,"minecraft:oak_fence":10,"minecraft:torch":248,"create:andesite_casing":1,"projecte:dark_matter":1,"minecraft:porkchop":12,"minecraft:dried_kelp":202,"minecraft:pointed_dripstone":8,"minecraft:diorite":2,"minecraft:warped_button":3,"minecraft:vine":8,"minecraft:deepslate_tile_stairs":4,"minecraft:golden_chestplate":1,"create:large_cogwheel":2,"botania:manasteel_ingot":4,"minecraft:honey_bottle":50,"minecraft:rotten_flesh":255,"minecraft:music_disc_ward":2,"minecraft:guardian_spawn_egg":1,"farmersdelight:rope":8,"ars_nouveau:whirlisprig_shards":1,"thermal:slag":16,"minecraft:iron_bars":7,"minecraft:snowball":20,"minecraft:blaze_powder":13,"minecraft:cobblestone":3338,"minecraft:nautilus_shell":1,"ftbstoneblock:1x_compressed_cobblestone":2,"farmersdelight:mixed_salad":9,"mekanismtools:refined_glowstone_leggings":4,"ftbstoneblock:dust":116,"minecraft:magma_block":2,"minecraft:leather_chestplate":1,"mekanismtools:steel_helmet":2,"jags:jags":9,"minecraft:andesite":196,"thermal:phytogro":14,"ars_nouveau:source_berry":4,"minecraft:powder_snow_bucket":2,"minecraft:potato":27,"minecraft:flint":6,"luggage:luggage":13,"minecraft:dirt":303,"minecraft:lantern":1,"constructionwand:iron_wand":2,"powah:dielectric_paste":41,"minecraft:name_tag":1,"minecraft:twisting_vines":14,"minecraft:bone":88,"ftbdripper:dripper":2,"powah:steel_energized":6,"minecraft:bow":4,"minecraft:wheat_seeds":19,"minecraft:green_candle":27,"minecraft:bamboo":6,"minecraft:rabbit":6,"minecraft:glowstone_dust":1,"minecraft:cyan_candle":4,"minecraft:gray_candle":23,"minecraft:moss_block":80,"simplylight:lamp_post":1,"minecraft:stone_hoe":1,"minecraft:magenta_candle":4,"minecraft:oak_planks":1,"create:cogwheel":1,"justhammers:iron_hammer":1,"minecraft:sand":151,"minecraft:dead_bush":2,"minecraft:barrel":69,"ftbsbc:stone_hammer":8,"minecraft:polished_andesite":62,"minecraft:white_candle":1,"farmersdelight:glow_berry_custard":11,"create:filter":1,"minecraft:diamond":26,"mekanismtools:steel_sword":1,"minecraft:polished_blackstone_button":4,"minecraft:granite":1,"supercircuitmaker:tiny_redstone":4,"minecraft:bone_meal":2,"minecraft:golden_apple":2,"minecraft:chainmail_helmet":1,"minecraft:oak_sapling":110,"minecraft:dark_oak_fence":3,"minecraft:lingering_potion":2,"minecraft:charcoal":108,"minecraft:crafting_table":1,"minecraft:splash_potion":2,"minecraft:chicken":11,"minecraft:clay_ball":147,"minecraft:brown_mushroom":38,"minecraft:redstone_lamp":20,"minecraft:leather_leggings":2,"botania:manasteel_leggings":3,"torchbowmod:torchbow":1,"minecraft:diamond_horse_armor":1,"minecraft:chain":34,"gravestone:obituary":3,"minecraft:brick":61,"botania:cosmetic_questgiver_mark":1,"ars_nouveau:amplify_arrow":122,"minecraft:cornflower":28,"minecraft:pink_candle":9,"ftbquests:lootcrate":15,"minecraft:moss_carpet":25,"minecraft:stone_stairs":14,"minecraft:flint_and_steel":1,"ars_nouveau:source_berry_pie":4,"minecraft:candle":46,"create:basin":1,"minecraft:chest":37,"minecraft:egg":3,"minecraft:phantom_membrane":13,"minecraft:piston":4,"botania:magnet_ring":2,"minecraft:dark_oak_sapling":1,"minecraft:raw_iron":1,"minecraft:music_disc_mellohi":1,"minecraft:copper_ingot":12,"minecraft:bowl":11,"minecraft:fire_charge":6,"farmersdelight:tomato_seeds":3,"minecraft:cake":1,"minecraft:stone_button":4,"minecraft:cookie":51,"minecraft:trident":1,"minecraft:carrot":3,"minecraft:redstone":53,"create:zinc_ingot":1,"powah:crystal_blazing":2,"minecraft:purple_candle":6,"tconstruct:sky_slime_ball":63,"minecraft:arrow":65,"minecraft:stone_shovel":1,"minecraft:cooked_cod":21,"minecraft:beetroot_seeds":6,"minecraft:diamond_boots":1,"farmersdelight:hamburger":2,"minecraft:gold_ingot":21,"ftbstoneblock:cold_silverfish_shard":46,"minecraft:saddle":8,"farmersdelight:beef_stew":2,"minecraft:totem_of_undying":2,"minecraft:glow_berries":621,"tconstruct:earth_slime_sapling":3,"minecraft:mutton":11,"ftbstoneblock:stonepebble":94,"supplementaries:flint_block":1,"minecraft:glow_ink_sac":52,"minecraft:leather":1,"minecraft:music_disc_stal":1,"minecraft:red_mushroom":23,"ars_nouveau:wilden_wing":14,"botania:cosmetic_tiny_potato_mask":4,"minecraft:oak_log":57,"minecraft:cobblestone_wall":2,"minecraft:gunpowder":111,"minecraft:cobblestone_stairs":7,"minecraft:deepslate_tile_slab":2,"bloodmagic:weakbloodorb":6,"ae2:sky_dust":2,"minecraft:apple":45,"ars_nouveau:water_essence":9,"minecraft:spruce_wood":84,"minecraft:iron_ingot":39,"minecraft:cobweb":28,"minecraft:glass_bottle":7,"minecraft:polished_andesite_slab":3,"stonechest:chest_cobblestone":2,"minecraft:soul_sand":1,"minecraft:book":21,"minecraft:scaffolding":26,"minecraft:milk_bucket":1,"minecraft:budding_amethyst":1,"projecte:mobius_fuel":10,"botania:quartz_mana":25,"minecraft:gravel":904,"minecraft:amethyst_shard":23,"minecraft:spider_eye":1,"minecraft:leather_helmet":1,"ars_nouveau:wilden_spike":8,"minecraft:music_disc_mall":1,"minecraft:diamond_shovel":1,"experienceobelisk:experience_obelisk":1,"minecraft:dried_kelp_block":7,"minecraft:slime_ball":13,"ftbsbc:stone_crook":5,"minecraft:light_gray_candle":7,"immersiveengineering:seed":5,"minecraft:stone_axe":1,"minecraft:chainmail_leggings":1,"minecraft:diamond_axe":1,"minecraft:warped_roots":5,"minecraft:melon_seeds":7,"minecraft:coal":12,"minecraft:hopper":1,"minecraft:ender_pearl":1},"minecraft:killed":{"minecraft:witch":8,"minecraft:spider":8,"minecraft:skeleton":38,"minecraft:bee":1,"minecraft:chicken":1,"minecraft:silverfish":20,"minecraft:creeper":19,"minecraft:pillager":14,"minecraft:zombie":85,"minecraft:stray":3,"minecraft:glow_squid":1,"instrumentalmobs:drum_zombie":1,"minecraft:evoker":2,"minecraft:vex":4,"minecraft:vindicator":2,"minecraft:phantom":3,"minecraft:drowned":1,"minecraft:husk":2,"ars_nouveau:wilden_stalker":8},"minecraft:crafted":{"minecraft:oak_planks":372,"mekanismtools:iron_paxel":5,"minecraft:cobblestone_slab":12,"stonechest:chest_cobblestone":28,"minecraft:chest":15,"ftbsbc:stone_rod":136,"create:zinc_nugget":18,"minecraft:copper_ingot":6,"mekanismtools:stone_paxel":3,"create:mechanical_mixer":1,"minecraft:shield":1,"minecraft:stick":224,"minecraft:iron_pickaxe":5,"minecraft:iron_ingot":56,"ftbsbc:stone_hammer":6,"minecraft:polished_andesite":4,"stonechest:part_cobblestone":112,"minecraft:stone_shovel":3,"minecraft:furnace":8,"ftbsbc:stone_crook":8,"minecraft:bone_meal":9,"minecraft:flint_and_steel":2,"projecte:white_alchemical_bag":2,"minecraft:iron_axe":5,"minecraft:stone_pickaxe":3,"create:basin":1,"create:andesite_alloy":8,"create:hand_crank":1,"luggage:luggage":15,"minecraft:bucket":1,"minecraft:stone_axe":3,"minecraft:air":0,"ftbstoneblock:1x_compressed_cobblestone":14,"create:whisk":1,"minecraft:cobblestone":21,"minecraft:white_dye":2,"minecraft:iron_shovel":5,"minecraft:torch":480,"minecraft:diamond_chestplate":1}},"DataVersion":2975}