{
  "botania:main/terrasteel_pickup_lexicon": {
    "criteria": {
      "elven_lexicon": "2025-04-06 19:25:29 +0000"
    },
    "done": true
  },
  "mininggadgets:recipes/mininggadgets/upgrade_empty": {
    "criteria": {
      "has_diamonds": "2025-04-06 19:27:19 +0000"
    },
    "done": true
  },
  "bambooeverything:recipes/dry_bamboo_fence": {
    "criteria": {
      "has_dry_bundle": "2025-04-06 19:24:59 +0000",
      "has_dry_bamboo": "2025-04-06 19:25:00 +0000"
    },
    "done": true
  },
  "tconstruct:recipes/tconstruct/smeltery/smeltery/seared/seared_bricks_wall_stonecutter": {
    "criteria": {
      "has_item": "2025-04-06 19:25:16 +0000"
    },
    "done": true
  },
  "mcwfences:recipes/deepslate": {
    "criteria": {
      "has_deepslate": "2025-04-06 19:25:00 +0000"
    },
    "done": true
  },
  "ftbsbc:recipes/ftbsbc/diamond_hammer": {
    "criteria": {
      "has_item": "2025-04-06 19:27:19 +0000"
    },
    "done": true
  },
  "tconstruct:recipes/tconstruct/general/tables/modifier_worktable": {
    "criteria": {
      "has_item": "2025-04-06 19:25:16 +0000"
    },
    "done": true
  },
  "ae2wtlib:recipes/infinity_booster_card": {
    "criteria": {
      "has_wit": "2025-04-06 19:25:00 +0000",
      "has_wpt": "2025-04-06 19:25:00 +0000",
      "has_wct": "2025-04-06 19:24:59 +0000"
    },
    "done": true
  },
  "compactcrafting:recipes/compactcrafting/rescan_proxy": {
    "criteria": {
      "got_crafting_table": "2025-04-06 19:25:00 +0000"
    },
    "done": true
  },
  "compactcrafting:recipes/compactcrafting/match_proxy": {
    "criteria": {
      "got_redstone": "2025-04-06 19:24:59 +0000"
    },
    "done": true
  },
  "tconstruct:recipes/tconstruct/smeltery/smeltery/seared/seared_fancy_bricks_stonecutting": {
    "criteria": {
      "has_bricks": "2025-04-06 19:25:16 +0000"
    },
    "done": true
  },
  "mcwbridges:recipes/end_stone_bricks_bridge": {
    "criteria": {
      "has_planks": "2025-04-06 19:29:34 +0000"
    },
    "done": true
  },
  "minecraft:recipes/tools/diamond_axe": {
    "criteria": {
      "has_diamond": "2025-04-06 19:27:19 +0000"
    },
    "done": true
  },
  "tconstruct:recipes/tconstruct/smeltery/smeltery/seared/seared_bricks_slab": {
    "criteria": {
      "has_item": "2025-04-06 19:25:16 +0000"
    },
    "done": true
  },
  "ae2wtlib:recipes/magnet_card": {
    "criteria": {
      "has_wct": "2025-04-06 19:25:00 +0000"
    },
    "done": true
  },
  "mcwfences:recipes/sandstone": {
    "criteria": {
      "has_sand": "2025-04-06 19:25:00 +0000"
    },
    "done": true
  },
  "buddingcrystals:recipes/buddingcrystals/budding_diamond": {
    "criteria": {
      "has_diamond": "2025-04-06 19:27:19 +0000"
    },
    "done": true
  },
  "bambooeverything:recipes/dry_bamboo_ladder": {
    "criteria": {
      "has_dry_bamboo": "2025-04-06 19:25:00 +0000"
    },
    "done": true
  },
  "bambooeverything:recipes/bamboo_door": {
    "criteria": {
      "has_bundle": "2025-04-06 19:24:59 +0000"
    },
    "done": true
  },
  "botania:main/elf_lexicon_pickup": {
    "criteria": {
      "lexicon": "2025-04-06 19:25:29 +0000"
    },
    "done": true
  },
  "botania:recipes/botania/red_string": {
    "criteria": {
      "has_item": "2025-04-06 19:25:16 +0000"
    },
    "done": true
  },
  "bambooeverything:recipes/dry_bamboo_stairs": {
    "criteria": {
      "has_dry_bundle": "2025-04-06 19:24:59 +0000"
    },
    "done": true
  },
  "minecraft:recipes/decorations/chest": {
    "criteria": {
      "has_lots_of_items": "2025-04-06 19:25:16 +0000"
    },
    "done": true
  },
  "bambooeverything:recipes/dry_bamboo_slab": {
    "criteria": {
      "has_dry_bundle": "2025-04-06 19:25:00 +0000"
    },
    "done": true
  },
  "minecraft:end/elytra": {
    "criteria": {
      "elytra": "2025-04-06 19:27:23 +0000"
    },
    "done": true
  },
  "bambooeverything:recipes/bamboo_bundle_uncrafting": {
    "criteria": {
      "has_bundle": "2025-04-06 19:25:00 +0000"
    },
    "done": true
  },
  "minecraft:recipes/combat/diamond_sword": {
    "criteria": {
      "has_diamond": "2025-04-06 19:27:19 +0000"
    },
    "done": true
  },
  "mcwfences:recipes/stone": {
    "criteria": {
      "has_stone": "2025-04-06 19:24:59 +0000"
    },
    "done": true
  },
  "botanypots:husbandry/get_hopper_pot": {
    "criteria": {
      "get_hopper_pot": "2025-04-06 19:25:29 +0000"
    },
    "done": true
  },
  "mcwfences:recipes/warped": {
    "criteria": {
      "has_warped": "2025-04-06 19:25:00 +0000"
    },
    "done": true
  },
  "minecraft:recipes/decorations/jukebox": {
    "criteria": {
      "has_diamond": "2025-04-06 19:27:19 +0000"
    },
    "done": true
  },
  "botanypots:husbandry/get_basic_pot": {
    "criteria": {
      "get_botany_pot": "2025-04-06 19:25:16 +0000"
    },
    "done": true
  },
  "chiselsandbits:recipes/chiselsandbits/chisel_diamond": {
    "criteria": {
      "has_ingredient": "2025-04-06 19:27:19 +0000"
    },
    "done": true
  },
  "minecraft:recipes/decorations/end_stone_brick_wall": {
    "criteria": {
      "has_end_stone_bricks": "2025-04-06 19:29:34 +0000"
    },
    "done": true
  },
  "mcwfences:recipes/jungle": {
    "criteria": {
      "has_jungle": "2025-04-06 19:25:00 +0000"
    },
    "done": true
  },
  "charginggadgets:recipes/charginggadgets/charging_station": {
    "criteria": {
      "has_diamonds": "2025-04-06 19:27:19 +0000"
    },
    "done": true
  },
  "minecraft:recipes/decorations/end_stone_brick_wall_from_end_stone_brick_stonecutting": {
    "criteria": {
      "has_end_stone_brick": "2025-04-06 19:29:34 +0000"
    },
    "done": true
  },
  "bambooeverything:recipes/dry_bamboo_bundle": {
    "criteria": {
      "has_dry_bamboo": "2025-04-06 19:24:59 +0000"
    },
    "done": true
  },
  "minecraft:recipes/misc/iron_ingot_from_blasting_iron_ore": {
    "criteria": {
      "has_iron_ore": "2025-04-06 19:25:16 +0000"
    },
    "done": true
  },
  "mcwfences:recipes/oak": {
    "criteria": {
      "has_oak": "2025-04-06 19:24:59 +0000"
    },
    "done": true
  },
  "farmersdelight:recipes/farmersdelight/steak_and_potatoes": {
    "criteria": {
      "has_baked_potato": "2025-04-06 19:28:21 +0000"
    },
    "done": true
  },
  "mcwfences:recipes/spruce": {
    "criteria": {
      "has_spruce": "2025-04-06 19:24:59 +0000"
    },
    "done": true
  },
  "botania:main/mana_pool_pickup_lexicon": {
    "criteria": {
      "elven_lexicon": "2025-04-06 19:25:29 +0000"
    },
    "done": true
  },
  "mcwfences:recipes/hedge": {
    "criteria": {
      "has_birch": "2025-04-06 19:24:59 +0000"
    },
    "done": true
  },
  "mcwfences:recipes/end": {
    "criteria": {
      "has_end_brick": "2025-04-06 19:24:59 +0000"
    },
    "done": true
  },
  "minecraft:husbandry/balanced_diet": {
    "criteria": {
      "baked_potato": "2025-04-06 19:29:19 +0000"
    },
    "done": false
  },
  "ae2wtlib:recipes/wireless_pattern_access_terminal": {
    "criteria": {
      "has_wt": "2025-04-06 19:25:00 +0000"
    },
    "done": true
  },
  "mcwfences:recipes/birch": {
    "criteria": {
      "has_birch": "2025-04-06 19:25:00 +0000"
    },
    "done": true
  },
  "compactcrafting:recipes/compactcrafting/field_projector": {
    "criteria": {
      "got_ender_eye": "2025-04-06 19:25:00 +0000"
    },
    "done": true
  },
  "ae2wtlib:recipes/wireless_universal_terminal/upgrade_pattern_access": {
    "criteria": {
      "has_wit": "2025-04-06 19:25:00 +0000"
    },
    "done": true
  },
  "projecte:recipes/projecte/high_covalence_dust": {
    "criteria": {
      "has_diamond": "2025-04-06 19:27:19 +0000"
    },
    "done": true
  },
  "mcwbridges:recipes/end_stone_bricks_bridge_stair": {
    "criteria": {
      "has_planks": "2025-04-06 19:29:34 +0000"
    },
    "done": true
  },
  "tconstruct:recipes/tconstruct/smeltery/smeltery/seared/seared_bricks_stairs": {
    "criteria": {
      "has_item": "2025-04-06 19:25:16 +0000"
    },
    "done": true
  },
  "rftoolsbase:recipes/rftoolsbase/filter_module": {
    "criteria": {
      "hopper": "2025-04-06 19:25:16 +0000"
    },
    "done": true
  },
  "industrialforegoing:recipes/industrialforegoing_core/plastic": {
    "criteria": {
      "has_plastic": "2025-04-06 19:25:00 +0000"
    },
    "done": true
  },
  "ae2wtlib:recipes/wireless_universal_terminal/upgrade_crafting": {
    "criteria": {
      "has_wct": "2025-04-06 19:25:00 +0000"
    },
    "done": true
  },
  "farmersdelight:recipes/food/cooking/rabbit_stew": {
    "criteria": {
      "has_any_ingredient": "2025-04-06 19:28:21 +0000"
    },
    "done": true
  },
  "ae2wtlib:recipes/wireless_universal_terminal/ae": {
    "criteria": {
      "has_wit": "2025-04-06 19:25:00 +0000",
      "has_wpt": "2025-04-06 19:24:59 +0000"
    },
    "done": true
  },
  "ironchest:recipes/ironchest/chests/gold_diamond_chest": {
    "criteria": {
      "has_diamonds": "2025-04-06 19:27:19 +0000"
    },
    "done": true
  },
  "immersiveengineering:recipes/immersiveengineering/crafting/toolupgrade_railgun_scope": {
    "criteria": {
      "has_railgun": "2025-04-06 19:25:16 +0000"
    },
    "done": true
  },
  "tconstruct:recipes/tconstruct/smeltery/smeltery/seared/seared_bricks_stonecutting": {
    "criteria": {
      "has_bricks": "2025-04-06 19:25:16 +0000"
    },
    "done": true
  },
  "darkerdepths:recipes/misc/silver_ingot_from_copper_block": {
    "criteria": {
      "has_silver_block": "2025-04-06 19:25:00 +0000"
    },
    "done": true
  },
  "botania:main/runic_altar_pickup": {
    "criteria": {
      "elven_lexicon": "2025-04-06 19:25:29 +0000"
    },
    "done": true
  },
  "darkerdepths:recipes/misc/resin": {
    "criteria": {
      "has_amber": "2025-04-06 19:24:59 +0000"
    },
    "done": true
  },
  "bambooeverything:recipes/bamboo_fence_gate": {
    "criteria": {
      "has_bamboo": "2025-04-06 19:24:59 +0000",
      "has_bundle": "2025-04-06 19:24:59 +0000"
    },
    "done": true
  },
  "minecraft:recipes/building_blocks/end_stone_brick_stairs_from_end_stone_brick_stonecutting": {
    "criteria": {
      "has_end_stone_brick": "2025-04-06 19:29:34 +0000"
    },
    "done": true
  },
  "darkerdepths:recipes/misc/rope": {
    "criteria": {
      "has_resin": "2025-04-06 19:24:59 +0000"
    },
    "done": true
  },
  "tconstruct:recipes/tconstruct/smeltery/smeltery/seared/seared_bricks_slab_stonecutter": {
    "criteria": {
      "has_item": "2025-04-06 19:25:16 +0000"
    },
    "done": true
  },
  "bambooeverything:recipes/dry_bamboo_bundle_uncrafting": {
    "criteria": {
      "has_dry_bundle": "2025-04-06 19:25:00 +0000"
    },
    "done": true
  },
  "minecraft:recipes/misc/iron_nugget_from_blasting": {
    "criteria": {
      "has_chainmail_chestplate": "2025-04-06 19:25:16 +0000"
    },
    "done": true
  },
  "botania:recipes/botania/corporea_spark": {
    "criteria": {
      "has_item": "2025-04-06 19:25:16 +0000"
    },
    "done": true
  },
  "botania:main/lexicon_use": {
    "criteria": {
      "use_lexicon": "2025-04-06 19:26:53 +0000"
    },
    "done": true
  },
  "darkerdepths:recipes/misc/silver_ingot": {
    "criteria": {
      "has_silver_ore": "2025-04-06 19:25:00 +0000"
    },
    "done": true
  },
  "ae2wtlib:recipes/wireless_universal_terminal/upgrade_pattern_encoding": {
    "criteria": {
      "has_wpt": "2025-04-06 19:25:00 +0000"
    },
    "done": true
  },
  "botania:main/ender_air_make": {
    "criteria": {
      "air": "2025-04-06 19:25:16 +0000"
    },
    "done": true
  },
  "minecraft:recipes/combat/diamond_chestplate": {
    "criteria": {
      "has_diamond": "2025-04-06 19:27:19 +0000"
    },
    "done": true
  },
  "mcwfences:recipes/blackstone": {
    "criteria": {
      "has_blackstone": "2025-04-06 19:25:00 +0000"
    },
    "done": true
  },
  "bambooeverything:recipes/bamboo_bundle": {
    "criteria": {
      "has_bamboo": "2025-04-06 19:25:00 +0000"
    },
    "done": true
  },
  "bambooeverything:recipes/dry_bamboo_door": {
    "criteria": {
      "has_dry_bundle": "2025-04-06 19:25:00 +0000"
    },
    "done": true
  },
  "tconstruct:recipes/tconstruct/smeltery/smeltery/seared/chute_retextured": {
    "criteria": {
      "has_item": "2025-04-06 19:25:16 +0000"
    },
    "done": true
  },
  "botania:main/flower_pickup_lexicon": {
    "criteria": {
      "elven_lexicon": "2025-04-06 19:25:29 +0000"
    },
    "done": true
  },
  "farmersdelight:recipes/farmersdelight/stuffed_potato": {
    "criteria": {
      "has_baked_potato": "2025-04-06 19:28:21 +0000"
    },
    "done": true
  },
  "bambooeverything:recipes/bamboo_stairs": {
    "criteria": {
      "has_bundle": "2025-04-06 19:25:00 +0000"
    },
    "done": true
  },
  "minecraft:adventure/adventuring_time": {
    "criteria": {
      "minecraft:plains": "2025-04-06 19:23:52 +0000"
    },
    "done": false
  },
  "minecraft:recipes/combat/diamond_leggings": {
    "criteria": {
      "has_diamond": "2025-04-06 19:27:19 +0000"
    },
    "done": true
  },
  "bambooeverything:recipes/bamboo_trapdoor": {
    "criteria": {
      "has_bundle": "2025-04-06 19:25:00 +0000"
    },
    "done": true
  },
  "bambooeverything:recipes/dry_bamboo_trapdoor": {
    "criteria": {
      "has_dry_bundle": "2025-04-06 19:25:00 +0000"
    },
    "done": true
  },
  "ae2wtlib:recipes/wireless_universal_terminal/ce": {
    "criteria": {
      "has_wpt": "2025-04-06 19:24:59 +0000",
      "has_wct": "2025-04-06 19:25:00 +0000"
    },
    "done": true
  },
  "minecraft:husbandry/root": {
    "criteria": {
      "consumed_item": "2025-04-06 19:29:19 +0000"
    },
    "done": true
  },
  "constructionwand:recipes/tools/diamond_wand": {
    "criteria": {
      "has_item": "2025-04-06 19:27:19 +0000"
    },
    "done": true
  },
  "mcwfences:recipes/nether": {
    "criteria": {
      "has_nether_brick": "2025-04-06 19:24:59 +0000"
    },
    "done": true
  },
  "tconstruct:recipes/tconstruct/smeltery/smeltery/seared/seared_triangle_bricks_stonecutting": {
    "criteria": {
      "has_bricks": "2025-04-06 19:25:16 +0000"
    },
    "done": true
  },
  "immersiveengineering:recipes/immersiveengineering/crafting/toolupgrade_railgun_capacitors": {
    "criteria": {
      "has_railgun": "2025-04-06 19:25:16 +0000"
    },
    "done": true
  },
  "botania:recipes/botania/keep_ivy": {
    "criteria": {
      "has_item": "2025-04-06 19:25:16 +0000"
    },
    "done": true
  },
  "mcwfences:recipes/crimson": {
    "criteria": {
      "has_crimson": "2025-04-06 19:25:00 +0000"
    },
    "done": true
  },
  "farmersdelight:recipes/farmersdelight/diamond_knife": {
    "criteria": {
      "has_diamond": "2025-04-06 19:27:19 +0000"
    },
    "done": true
  },
  "ae2wtlib:recipes/wireless_universal_terminal/ca": {
    "criteria": {
      "has_wit": "2025-04-06 19:25:00 +0000",
      "has_wct": "2025-04-06 19:25:00 +0000"
    },
    "done": true
  },
  "minecraft:recipes/building_blocks/end_stone_brick_stairs": {
    "criteria": {
      "has_end_stone_bricks": "2025-04-06 19:29:34 +0000"
    },
    "done": true
  },
  "ironfurnaces:coal": {
    "criteria": {
      "rainbowcoal": "2025-04-06 19:25:00 +0000"
    },
    "done": true
  },
  "mcwfences:recipes/prismarine": {
    "criteria": {
      "has_qq": "2025-04-06 19:25:00 +0000"
    },
    "done": true
  },
  "mcwfences:recipes/bamboo": {
    "criteria": {
      "has_bamboo": "2025-04-06 19:25:00 +0000"
    },
    "done": true
  },
  "minecraft:recipes/building_blocks/end_stone_brick_slab": {
    "criteria": {
      "has_end_stone_bricks": "2025-04-06 19:29:34 +0000"
    },
    "done": true
  },
  "bambooeverything:recipes/bamboo_slab": {
    "criteria": {
      "has_bundle": "2025-04-06 19:25:00 +0000"
    },
    "done": true
  },
  "tconstruct:recipes/tconstruct/gadgets/gadgets/frame/diamond": {
    "criteria": {
      "has_item": "2025-04-06 19:27:19 +0000"
    },
    "done": true
  },
  "mcwfences:recipes/acacia": {
    "criteria": {
      "has_acacia": "2025-04-06 19:25:00 +0000"
    },
    "done": true
  },
  "tconstruct:recipes/tconstruct/smeltery/smeltery/seared/seared_bricks_stairs_stonecutter": {
    "criteria": {
      "has_item": "2025-04-06 19:25:16 +0000"
    },
    "done": true
  },
  "bambooeverything:recipes/dry_bamboo_fence_gate": {
    "criteria": {
      "has_dry_bundle": "2025-04-06 19:24:59 +0000",
      "has_dry_bamboo": "2025-04-06 19:25:00 +0000"
    },
    "done": true
  },
  "farmersdelight:main/root": {
    "criteria": {
      "seeds": "2025-04-06 19:25:00 +0000"
    },
    "done": true
  },
  "minecraft:recipes/building_blocks/diamond_block": {
    "criteria": {
      "has_diamond": "2025-04-06 19:27:19 +0000"
    },
    "done": true
  },
  "darkerdepths:recipes/darkerdepths/silver_ingot": {
    "criteria": {
      "has_the_recipe": "2025-04-06 19:25:00 +0000"
    },
    "done": true
  },
  "bambooeverything:recipes/bamboo_ladder": {
    "criteria": {
      "has_bamboo": "2025-04-06 19:24:59 +0000"
    },
    "done": true
  },
  "minecraft:recipes/tools/diamond_pickaxe": {
    "criteria": {
      "has_diamond": "2025-04-06 19:27:19 +0000"
    },
    "done": true
  },
  "minecraft:recipes/tools/diamond_hoe": {
    "criteria": {
      "has_diamond": "2025-04-06 19:27:19 +0000"
    },
    "done": true
  },
  "tconstruct:recipes/tconstruct/smeltery/smeltery/seared/drain_retextured": {
    "criteria": {
      "has_item": "2025-04-06 19:25:16 +0000"
    },
    "done": true
  },
  "minecraft:recipes/building_blocks/end_stone_brick_slab_from_end_stone_brick_stonecutting": {
    "criteria": {
      "has_end_stone_brick": "2025-04-06 19:29:34 +0000"
    },
    "done": true
  },
  "minecraft:recipes/tools/diamond_shovel": {
    "criteria": {
      "has_diamond": "2025-04-06 19:27:19 +0000"
    },
    "done": true
  },
  "mcwbridges:recipes/balustrade_end_stone_bricks_bridge": {
    "criteria": {
      "has_planks": "2025-04-06 19:29:34 +0000"
    },
    "done": true
  },
  "mcwfences:recipes/quartz": {
    "criteria": {
      "has_qq": "2025-04-06 19:25:00 +0000"
    },
    "done": true
  },
  "justhammers:recipes/justhammers.justhammers_tab/diamond_hammer": {
    "criteria": {
      "has_material": "2025-04-06 19:27:19 +0000"
    },
    "done": true
  },
  "immersiveengineering:tools/craft_railgun": {
    "criteria": {
      "has_item": "2025-04-06 19:25:16 +0000"
    },
    "done": true
  },
  "mcwbridges:recipes/end_stone_bricks_bridge_pier": {
    "criteria": {
      "has_planks": "2025-04-06 19:29:34 +0000"
    },
    "done": true
  },
  "botania:recipes/botania/red_string_alt": {
    "criteria": {
      "has_item": "2025-04-06 19:25:16 +0000"
    },
    "done": true
  },
  "compactcrafting:recipes/compactcrafting/projector_dish": {
    "criteria": {
      "got_ender_eye": "2025-04-06 19:25:00 +0000"
    },
    "done": true
  },
  "minecraft:recipes/misc/iron_ingot_from_smelting_iron_ore": {
    "criteria": {
      "has_iron_ore": "2025-04-06 19:25:16 +0000"
    },
    "done": true
  },
  "botania:main/pure_daisy_pickup": {
    "criteria": {
      "elven_lexicon": "2025-04-06 19:25:29 +0000"
    },
    "done": true
  },
  "botania:main/apothecary_pickup": {
    "criteria": {
      "elven_lexicon": "2025-04-06 19:25:29 +0000"
    },
    "done": true
  },
  "mcwfences:recipes/dark_oak": {
    "criteria": {
      "has_dark_oak": "2025-04-06 19:24:59 +0000"
    },
    "done": true
  },
  "minecraft:recipes/misc/iron_nugget_from_smelting": {
    "criteria": {
      "has_chainmail_chestplate": "2025-04-06 19:25:16 +0000"
    },
    "done": true
  },
  "industrialforegoing:recipes/industrialforegoing_core/dryrubber": {
    "criteria": {
      "has_item": "2025-04-06 19:24:59 +0000"
    },
    "done": true
  },
  "create:root": {
    "criteria": {
      "0": "2025-04-06 19:25:00 +0000"
    },
    "done": true
  },
  "tconstruct:recipes/tconstruct/smeltery/smeltery/seared/seared_bricks_wall": {
    "criteria": {
      "has_item": "2025-04-06 19:25:16 +0000"
    },
    "done": true
  },
  "minecraft:recipes/combat/diamond_boots": {
    "criteria": {
      "has_diamond": "2025-04-06 19:27:19 +0000"
    },
    "done": true
  },
  "minecraft:story/mine_diamond": {
    "criteria": {
      "diamond": "2025-04-06 19:27:19 +0000"
    },
    "done": true
  },
  "compactcrafting:recipes/compactcrafting/base": {
    "criteria": {
      "got_ender_eye": "2025-04-06 19:25:00 +0000"
    },
    "done": true
  },
  "minecraft:recipes/combat/diamond_helmet": {
    "criteria": {
      "has_diamond": "2025-04-06 19:27:19 +0000"
    },
    "done": true
  },
  "darkerdepths:recipes/darkerdepths/rope": {
    "criteria": {
      "has_the_recipe": "2025-04-06 19:24:59 +0000"
    },
    "done": true
  },
  "darkerdepths:recipes/misc/silver_ingot_from_blasting": {
    "criteria": {
      "has_silver_ore": "2025-04-06 19:25:00 +0000"
    },
    "done": true
  },
  "ae2wtlib:recipes/wireless_pattern_encoding_terminal": {
    "criteria": {
      "has_wt": "2025-04-06 19:24:59 +0000"
    },
    "done": true
  },
  "tconstruct:recipes/tconstruct/smeltery/smeltery/seared/seared_cracked_bricks_smelting": {
    "criteria": {
      "has_item": "2025-04-06 19:25:16 +0000"
    },
    "done": true
  },
  "botania:recipes/botania/spawner_claw": {
    "criteria": {
      "has_item": "2025-04-06 19:25:16 +0000"
    },
    "done": true
  },
  "bambooeverything:recipes/bamboo_fence": {
    "criteria": {
      "has_bamboo": "2025-04-06 19:24:59 +0000",
      "has_bundle": "2025-04-06 19:24:59 +0000"
    },
    "done": true
  },
  "immersiveengineering:recipes/immersiveengineering/crafting/firework": {
    "criteria": {
      "has_firework": "2025-04-06 19:29:07 +0000"
    },
    "done": true
  },
  "tconstruct:recipes/tconstruct/smeltery/smeltery/seared/duct_retextured": {
    "criteria": {
      "has_item": "2025-04-06 19:25:16 +0000"
    },
    "done": true
  },
  "DataVersion": 2975
}