{"stats":{"minecraft:mined":{"minecraft:end_stone_bricks":8},"minecraft:dropped":{"functionalstorage:void_upgrade":2,"minecraft:bread":16,"torchmaster:feral_flare_lantern":4,"mob_grinding_utils:fan_upgrade_height":3,"botanypots:terracotta_botany_pot":1,"tconstruct:seared_bricks":4,"gag:time_sand_pouch":1,"buildinggadgets:gadget_building":1,"prettypipes:medium_speed_module":2,"minecraft:sculk_sensor":2,"functionalstorage:gold_upgrade":2,"functionalstorage:linking_tool":1,"createaddition:chocolate_cake":8,"mob_grinding_utils:jumbo_tank":1,"chancecubes:chance_cube":4,"cobblefordays:tier_1":1,"mekanismtools:stone_paxel":1,"simplybackpacks:commonbackpack":1,"powah:dielectric_casing":8,"fluxnetworks:basic_flux_storage":1,"pipez:fluid_pipe":4,"pipez:item_pipe":8,"minecraft:black_candle":8,"chancecubes:silk_touch_pendant":1,"botania:lexicon":1,"mob_grinding_utils:absorption_hopper":1,"darkutils:vector_plate":4,"mob_grinding_utils:fan_upgrade_width":3,"supplementaries:bomb_spiky":6,"gravestone:obituary":1,"createaddition:honey_cake":8,"mob_grinding_utils:fan":2,"industrialforegoing:laser_lens14":1,"minecraft:iron_ore":31,"entangled:item":1,"pipez:improved_upgrade":4,"compactcrafting:field_projector":2,"chiselsandbits:chiseledrock":1,"botania:ender_air_bottle":6,"cobblefordays:tier_4":1,"shrink:shrinking_device":1},"minecraft:used":{"minecraft:end_stone_bricks":8,"minecraft:iron_ore":1,"minecraft:baked_potato":1,"minecraft:elytra":2,"minecraft:leather_chestplate":1,"minecraft:leather_boots":1,"mekanismtools:diamond_paxel":8,"mekanismtools:refined_glowstone_leggings":1,"minecraft:firework_rocket":1,"chancecubes:chance_cube":1,"minecraft:leather_helmet":1},"minecraft:picked_up":{"minecraft:end_stone_bricks":8,"industrialforegoing:item_transporter_type":2,"shrink:shrinking_device":1,"mob_grinding_utils:fan_upgrade_width":3,"powah:dielectric_casing":8,"mob_grinding_utils:absorption_hopper":1,"createaddition:honey_cake":8,"cobblefordays:tier_4":1,"compactcrafting:field_projector":2,"immersiveengineering:railgun":1,"minecraft:elytra":1,"justhammers:diamond_reinforced_hammer":1,"botanypots:terracotta_hopper_botany_pot":1,"chiselsandbits:chiseledrock":1,"botania:lexicon":1,"minecraft:black_candle":8,"pipez:item_pipe":8,"functionalstorage:void_upgrade":2,"mekanismtools:diamond_paxel":1,"justhammers:diamond_hammer":1,"fluxnetworks:basic_flux_storage":1,"mob_grinding_utils:fan":2,"mob_grinding_utils:jumbo_tank":1,"functionalstorage:gold_upgrade":2,"chancecubes:chance_cube":1,"industrialforegoing:straw":1,"industrialforegoing:laser_lens14":1,"mob_grinding_utils:fan_upgrade_height":3},"minecraft:custom":{"minecraft:open_barrel":1,"minecraft:time_since_death":5979,"minecraft:climb_one_cm":8,"minecraft:time_since_rest":6003,"minecraft:sprint_one_cm":13919,"minecraft:damage_taken":380,"minecraft:walk_one_cm":15298,"minecraft:drop":48,"minecraft:fly_one_cm":12896,"minecraft:open_chest":29,"minecraft:crouch_one_cm":667,"minecraft:play_time":7534,"minecraft:deaths":1,"minecraft:sneak_time":298,"minecraft:aviate_one_cm":19115,"minecraft:jump":74,"minecraft:total_world_time":7534,"minecraft:fall_one_cm":958}},"DataVersion":2975}