{"stats":{"minecraft:dropped":{"minecraft:soul_sand":125,"minecraft:wheat_seeds":3,"minecraft:diamond":15,"minecraft:cobblestone":192,"minecraft:lantern":1,"create:cogwheel":2,"minecraft:apple":1,"ftbdripper:dripper":1,"minecraft:chainmail_helmet":1,"minecraft:stick":169,"ftbstoneblock:mob_soul":1,"minecraft:dirt":9,"ftbsbc:stone_hammer":7,"gravestone:obituary":3,"minecraft:sand":137,"create:large_cogwheel":1,"minecraft:chainmail_leggings":1,"stonechest:part_cobblestone":3,"minecraft:gravel":671,"ftbsbc:stone_crook":5,"justhammers:iron_hammer":1,"minecraft:big_dripleaf":10,"ftbstoneblock:dust":640,"minecraft:chainmail_boots":1},"minecraft:used":{"ftbsbc:stone_crook":259,"minecraft:moss_block":1,"minecraft:stone_sword":46,"ftbsbc:fire_plow":32,"minecraft:flint_and_steel":2,"ftbsbc:stone_hammer":799,"minecraft:oak_sign":2,"minecraft:stone":2,"minecraft:stone_hoe":129,"woodenshears:wooden_shears":116,"minecraft:soul_sand":2,"minecraft:dirt":100,"create:cogwheel":7,"create:depot":1,"minecraft:big_dripleaf":7,"ftbstoneblock:1x_compressed_dirt":28,"minecraft:lava_bucket":7,"simplylight:lamp_post":2,"create:millstone":1,"minecraft:diamond_chestplate":1,"cobblefordays:tier_1":1,"minecraft:magma_block":1,"minecraft:oak_sapling":20,"minecraft:furnace":1,"ftbstoneblock:1x_compressed_cobblestone":28,"ftbstoneblock:1x_compressed_sand":28,"ftbstoneblock:1x_compressed_gravel":28,"minecraft:potato":23,"mcwdoors:metal_warning_door":2,"minecraft:iron_leggings":1,"stonechest:chest_cobblestone":15,"minecraft:water_bucket":3,"mekanismtools:stone_paxel":290,"minecraft:composter":1,"minecraft:cauldron":1,"minecraft:oak_leaves":6,"minecraft:glow_berries":216,"justhammers:iron_impact_hammer":129,"minecraft:sand":15,"create:encased_fan":1,"minecraft:crafting_table":2,"mob_grinding_utils:tank":4,"minecraft:oak_log":3,"minecraft:apple":36,"create:mechanical_press":1,"minecraft:bread":5,"minecraft:spruce_trapdoor":1,"gag:time_sand_pouch":18,"minecraft:gravel":324,"minecraft:stone_axe":78,"minecraft:cobblestone":415,"minecraft:bucket":44,"create:hand_crank":6,"minecraft:bone_meal":15,"minecraft:coarse_dirt":4,"create:large_cogwheel":6,"minecraft:chainmail_leggings":1},"minecraft:killed":{"minecraft:spider":2,"minecraft:skeleton":2,"minecraft:zombie_villager":1,"minecraft:creeper":2,"minecraft:zombie":6,"ars_nouveau:wilden_stalker":4},"minecraft:killed_by":{"minecraft:player":1},"minecraft:crafted":{"minecraft:coarse_dirt":4,"stonechest:part_cobblestone":76,"minecraft:oak_planks":84,"mekanismtools:iron_paxel":1,"minecraft:stone_shovel":1,"minecraft:oak_sign":3,"minecraft:sand":45,"minecraft:furnace":1,"ftbsbc:stone_crook":6,"stonechest:chest_cobblestone":19,"minecraft:stone":54,"ftbstoneblock:1x_compressed_gravel":28,"ftbstoneblock:1x_compressed_dirt":28,"minecraft:flint_and_steel":1,"minecraft:glass":4,"minecraft:iron_axe":1,"create:mechanical_press":1,"create:millstone":1,"minecraft:stone_pickaxe":1,"minecraft:oak_button":41,"ftbstoneblock:1x_compressed_stone":6,"minecraft:stone_hoe":1,"create:cogwheel":5,"minecraft:oak_slab":12,"create:depot":1,"create:andesite_alloy":9,"create:hand_crank":3,"minecraft:cauldron":1,"woodenshears:wooden_shears":6,"minecraft:crafting_table":1,"minecraft:gravel":45,"minecraft:iron_sword":1,"create:zinc_nugget":18,"ftbsbc:stone_rod":56,"ftbsbc:fire_plow":9,"minecraft:dirt":9,"minecraft:bucket":2,"ftbstoneblock:1x_compressed_sand":28,"minecraft:stone_axe":2,"mekanismtools:stone_paxel":1,"cobblefordays:tier_1":1,"minecraft:air":0,"create:encased_fan":1,"justhammers:iron_hammer":1,"ftbstoneblock:1x_compressed_cobblestone":28,"minecraft:cobblestone":2,"minecraft:stick":164,"minecraft:iron_pickaxe":1,"ftbsbc:stone_hammer":19,"minecraft:iron_ingot":64,"minecraft:stone_sword":1,"minecraft:iron_block":1,"minecraft:iron_shovel":1,"create:large_cogwheel":2,"create:propeller":1,"create:shaft":8,"minecraft:composter":1,"create:zinc_ingot":18,"minecraft:diamond_chestplate":1,"minecraft:polished_andesite":12},"minecraft:broken":{"mekanismtools:stone_paxel":1,"ftbsbc:fire_plow":8,"ftbsbc:stone_crook":1,"woodenshears:wooden_shears":2,"ftbsbc:stone_hammer":5},"minecraft:picked_up":{"minecraft:crafting_table":1,"minecraft:clay_ball":16,"thermal:raw_silver":6,"thermal:cinnabar":34,"ars_nouveau:blue_archwood_sapling":4,"chancecubes:silk_touch_pendant":1,"botania:livingwood_twig":1,"gravestone:obituary":2,"tconstruct:earth_slime_crystal":3,"minecraft:string":2,"ftbquests:lootcrate":3,"minecraft:moss_carpet":3,"minecraft:raw_copper":24,"thermal:raw_nickel":7,"minecraft:iron_leggings":1,"minecraft:oak_sign":1,"thermal:sulfur":1,"minecraft:bucket":1,"thermal:niter":4,"minecraft:jungle_sapling":6,"minecraft:iron_nugget":258,"functionalstorage:linking_tool":1,"minecraft:birch_sapling":4,"minecraft:spruce_trapdoor":1,"minecraft:piston":4,"minecraft:dark_oak_sapling":2,"minecraft:stick":63,"ftbstoneblock:mob_soul":2,"minecraft:big_dripleaf":39,"create:andesite_casing":3,"entangled:item":1,"ars_nouveau:purple_archwood_sapling":4,"create:hand_crank":3,"mcwdoors:metal_warning_door":4,"minecraft:vine":9,"minecraft:redstone":44,"thermal:apatite":27,"create:large_cogwheel":2,"minecraft:arrow":4,"tconstruct:sky_slime_crystal":3,"minecraft:rotten_flesh":5,"ae2:certus_quartz_dust":20,"rftoolsutility:crafter1":1,"minecraft:glow_berries":306,"minecraft:cobblestone":2531,"minecraft:magma_block":2,"ftbstoneblock:dust":628,"shrink:shrinking_device":1,"ftbstoneblock:stonepebble":10,"jags:jags":1,"minecraft:andesite":138,"ars_nouveau:source_berry":2,"minecraft:potato":32,"functionalstorage:redstone_upgrade":2,"ars_nouveau:wilden_wing":1,"minecraft:flint":79,"mob_grinding_utils:tank":3,"minecraft:oak_log":153,"minecraft:gunpowder":4,"minecraft:lapis_lazuli":290,"minecraft:dirt":550,"minecraft:lantern":1,"minecraft:bone":2,"ars_nouveau:green_archwood_sapling":2,"ae2:sky_dust":7,"ftbstoneblock:1x_compressed_dirt":3,"ftbdripper:dripper":1,"minecraft:apple":38,"ftbstoneblock:1x_compressed_sand":2,"itemcollectors:basic_collector":1,"minecraft:wheat_seeds":6,"minecraft:raw_gold":18,"minecraft:iron_ingot":2,"industrialforegoing:range_addon0":1,"minecraft:glowstone_dust":8,"minecraft:moss_block":17,"minecraft:soul_sand":127,"simplylight:lamp_post":4,"minecraft:oak_planks":4,"minecraft:acacia_sapling":5,"stonechest:chest_cobblestone":2,"ftbstoneblock:1x_compressed_gravel":2,"create:cogwheel":3,"minecraft:quartz":4,"functionalstorage:void_upgrade":2,"mekanismtools:stone_paxel":1,"minecraft:gravel":1268,"minecraft:sand":286,"minecraft:amethyst_shard":12,"stonechest:part_cobblestone":6,"minecraft:spruce_sapling":2,"minecraft:spider_eye":1,"ftbsbc:stone_hammer":1,"minecraft:pumpkin_seeds":3,"minecraft:clay":4,"immersiveengineering:seed":6,"minecraft:diamond":31,"minecraft:stone_axe":1,"mekanism:fluorite_gem":2,"chiselsandbits:bit_bag":1,"minecraft:bone_meal":41,"minecraft:golden_apple":1,"minecraft:emerald":27,"minecraft:oak_sapling":165,"minecraft:melon_seeds":1,"minecraft:oak_leaves":116},"minecraft:mined":{"minecraft:oak_sapling":1,"create:andesite_casing":4,"minecraft:spruce_trapdoor":1,"gravestone:gravestone":1,"minecraft:cave_vines_plant":7,"create:large_cogwheel":2,"ftbstoneblock:1x_compressed_dirt":28,"minecraft:moss_block":72,"minecraft:oak_wall_sign":1,"ftbstoneblock:dust":24,"minecraft:magma_block":1,"minecraft:andesite":149,"minecraft:moss_carpet":1,"minecraft:big_dripleaf_stem":6,"minecraft:potatoes":2,"minecraft:cave_vines":8,"mcwdoors:metal_warning_door":2,"minecraft:green_candle":2,"minecraft:stone":112,"stonechest:chest_cobblestone":1,"create:cogwheel":2,"minecraft:soul_sand":2,"ftbstoneblock:1x_compressed_sand":28,"mob_grinding_utils:tank":3,"minecraft:tall_grass":9,"minecraft:cobblestone":345,"minecraft:big_dripleaf":2,"minecraft:grass":2,"minecraft:oak_log":90,"create:hand_crank":2,"minecraft:gravel":314,"minecraft:sand":15,"minecraft:dirt":59,"minecraft:small_dripleaf":1,"minecraft:oak_leaves":361,"ftbstoneblock:1x_compressed_cobblestone":1},"minecraft:custom":{"minecraft:mob_kills":18,"minecraft:interact_with_crafting_table":95,"minecraft:open_barrel":3,"minecraft:bell_ring":4,"minecraft:time_since_death":194126,"minecraft:climb_one_cm":12515,"champions:champion_mobs_killed":17,"minecraft:sprint_one_cm":160197,"minecraft:walk_one_cm":257241,"minecraft:drop":74,"minecraft:play_time":234353,"minecraft:deaths":1,"minecraft:sneak_time":10398,"minecraft:jump":1316,"minecraft:walk_on_water_one_cm":70735,"minecraft:total_world_time":234353,"minecraft:interact_with_furnace":41,"minecraft:time_since_rest":194150,"minecraft:damage_taken":1411,"minecraft:damage_absorbed":230,"minecraft:damage_dealt":4225,"minecraft:fly_one_cm":145442,"minecraft:player_kills":1,"minecraft:open_chest":316,"minecraft:crouch_one_cm":18185,"minecraft:use_cauldron":8,"minecraft:fall_one_cm":31018}},"DataVersion":2975}