{"stats":{"minecraft:dropped":{"functionalstorage:void_upgrade":2,"minecraft:iron_ingot":25,"minecraft:clay":4,"minecraft:piston":4,"functionalstorage:redstone_upgrade":2,"minecraft:glass_bottle":1,"mcwdoors:metal_warning_door":2,"minecraft:cobblestone":1426,"ftbstoneblock:1x_compressed_sand":2,"minecraft:copper_ingot":2,"mekanismtools:stone_paxel":1,"luggage:luggage":3,"minecraft:golden_apple":1,"minecraft:stick":3,"ftbstoneblock:mob_soul":1,"minecraft:dirt":128,"botania:livingwood_twig":1,"chancecubes:silk_touch_pendant":1,"minecraft:cooked_cod":1,"minecraft:cooked_salmon":1,"ftbstoneblock:1x_compressed_gravel":2,"gravestone:obituary":1,"minecraft:string":3,"minecraft:bucket":1,"shrink:shrinking_device":1,"ars_nouveau:wilden_wing":6,"minecraft:bone":12,"minecraft:gravel":837,"minecraft:raw_copper":1,"rftoolsutility:crafter1":1,"chiselsandbits:bit_bag":1,"minecraft:rotten_flesh":20,"functionalstorage:linking_tool":1,"ftbstoneblock:1x_compressed_dirt":1,"minecraft:beehive":4,"industrialforegoing:range_addon0":1,"minecraft:potato":26,"simplylight:lamp_post":4,"create:zinc_ingot":3,"minecraft:leather_boots":1,"ftbstoneblock:dust":109,"minecraft:barrel":7,"minecraft:spider_eye":1,"itemcollectors:basic_collector":1,"minecraft:arrow":6,"entangled:item":1,"minecraft:scaffolding":2,"minecraft:magma_block":1},"minecraft:used":{"ftbsbc:stone_crook":275,"minecraft:moss_block":1,"minecraft:moss_carpet":13,"minecraft:flint_and_steel":50,"ftbsbc:stone_hammer":1262,"minecraft:shield":3,"minecraft:cooked_salmon":1,"minecraft:dirt":136,"minecraft:soul_sand":2,"create:mechanical_mixer":1,"cobblefordays:tier_4":1,"minecraft:lava_bucket":20,"minecraft:lantern":1,"simplylight:lamp_post":3,"minecraft:barrel":1,"minecraft:diamond_chestplate":1,"minecraft:magma_block":1,"minecraft:furnace":8,"minecraft:oak_sapling":13,"minecraft:cooked_cod":1,"ftbstoneblock:1x_compressed_cobblestone":4,"farmersdelight:cooking_pot":1,"minecraft:potato":1,"stonechest:chest_cobblestone":22,"minecraft:water_bucket":5,"minecraft:polished_andesite":2,"mekanismtools:stone_paxel":332,"minecraft:chainmail_helmet":1,"minecraft:cobblestone_slab":17,"minecraft:glow_berries":55,"minecraft:sand":102,"minecraft:crafting_table":1,"minecraft:oak_log":1,"minecraft:apple":30,"minecraft:bread":12,"torchbowmod:torchbow":15,"experienceobelisk:experience_obelisk":2,"gag:time_sand_pouch":4,"justhammers:iron_reinforced_impact_hammer":76,"minecraft:gravel":131,"minecraft:potion":1,"create:basin":2,"minecraft:cobblestone":892,"minecraft:chainmail_boots":1,"ftbdripper:dripper":2,"minecraft:bucket":25,"minecraft:andesite":32,"create:hand_crank":1,"ftbstoneblock:dust":24,"minecraft:bone_meal":34,"create:large_cogwheel":4,"minecraft:chainmail_leggings":1},"minecraft:killed":{"minecraft:spider":2,"minecraft:skeleton":12,"minecraft:bee":1,"minecraft:creeper":4,"minecraft:zombie":3,"ars_nouveau:wilden_stalker":6},"minecraft:killed_by":{"minecraft:player":1,"minecraft:creeper":1},"minecraft:crafted":{"stonechest:part_cobblestone":112,"minecraft:oak_planks":308,"mekanismtools:iron_paxel":1,"minecraft:stone_shovel":3,"minecraft:cobblestone_slab":12,"minecraft:furnace":8,"ftbsbc:stone_crook":8,"stonechest:chest_cobblestone":28,"minecraft:bone_meal":6,"minecraft:flint_and_steel":2,"minecraft:iron_axe":1,"minecraft:stone_pickaxe":3,"minecraft:chest":15,"create:basin":1,"create:andesite_alloy":8,"create:hand_crank":1,"luggage:luggage":15,"ftbsbc:stone_rod":136,"create:zinc_nugget":18,"minecraft:copper_ingot":6,"minecraft:bucket":1,"minecraft:stone_axe":3,"mekanismtools:stone_paxel":3,"create:mechanical_mixer":1,"minecraft:air":0,"ftbstoneblock:1x_compressed_cobblestone":14,"create:whisk":1,"minecraft:shield":1,"minecraft:cobblestone":21,"minecraft:stick":96,"minecraft:iron_pickaxe":1,"minecraft:iron_ingot":56,"ftbsbc:stone_hammer":6,"minecraft:iron_shovel":1,"minecraft:torch":224,"minecraft:diamond_chestplate":1,"minecraft:polished_andesite":4},"minecraft:broken":{"ftbsbc:stone_crook":2,"ftbsbc:stone_hammer":9},"minecraft:picked_up":{"minecraft:crafting_table":1,"minecraft:chainmail_boots":1,"gravestone:obituary":1,"ftbquests:lootcrate":5,"minecraft:string":5,"minecraft:moss_carpet":25,"minecraft:raw_copper":2,"minecraft:cooked_salmon":3,"minecraft:cobblestone_slab":6,"create:basin":1,"minecraft:beehive":8,"minecraft:stick":128,"ftbstoneblock:mob_soul":5,"minecraft:big_dripleaf":8,"minecraft:torch":3,"create:andesite_casing":1,"minecraft:dried_kelp":24,"minecraft:vine":8,"create:zinc_ingot":1,"create:large_cogwheel":2,"minecraft:honey_bottle":6,"minecraft:arrow":12,"minecraft:rotten_flesh":44,"minecraft:cooked_cod":2,"minecraft:glow_berries":253,"minecraft:cobblestone":2176,"ftbstoneblock:1x_compressed_cobblestone":2,"ftbstoneblock:dust":116,"minecraft:magma_block":2,"ftbstoneblock:stonepebble":93,"jags:jags":4,"minecraft:andesite":31,"minecraft:red_mushroom":3,"minecraft:potato":27,"ars_nouveau:wilden_wing":9,"minecraft:flint":3,"minecraft:oak_log":57,"luggage:luggage":3,"minecraft:dirt":303,"minecraft:lantern":1,"minecraft:name_tag":1,"minecraft:bone":21,"ftbdripper:dripper":2,"minecraft:apple":41,"minecraft:green_candle":8,"minecraft:wheat_seeds":11,"minecraft:iron_ingot":25,"minecraft:moss_block":68,"simplylight:lamp_post":1,"stonechest:chest_cobblestone":2,"minecraft:soul_sand":1,"minecraft:scaffolding":4,"create:cogwheel":1,"justhammers:iron_hammer":1,"minecraft:gravel":904,"minecraft:sand":103,"minecraft:barrel":14,"minecraft:spider_eye":1,"ftbsbc:stone_hammer":6,"experienceobelisk:experience_obelisk":1,"minecraft:diamond":15,"create:filter":1,"ftbsbc:stone_crook":5,"immersiveengineering:seed":5,"minecraft:chainmail_leggings":1,"minecraft:bone_meal":2,"minecraft:chainmail_helmet":1,"minecraft:oak_sapling":103},"minecraft:mined":{"gravestone:gravestone":2,"create:large_cogwheel":1,"ftbstoneblock:1x_compressed_gravel":28,"minecraft:moss_block":15,"minecraft:spawner":1,"minecraft:magma_block":2,"minecraft:barrel":7,"minecraft:fire":11,"minecraft:andesite":13,"minecraft:moss_carpet":11,"minecraft:potatoes":4,"minecraft:flowering_azalea_leaves":1,"minecraft:cobblestone_slab":6,"minecraft:cave_vines":9,"ftbdripper:dripper":1,"minecraft:azalea_leaves":3,"minecraft:stone":124,"simplylight:lamp_post":1,"stonechest:chest_cobblestone":2,"minecraft:soul_sand":1,"minecraft:soul_fire":2,"minecraft:crafting_table":1,"minecraft:torch":2,"experienceobelisk:experience_obelisk":1,"minecraft:tall_grass":23,"minecraft:cobblestone":860,"minecraft:wall_torch":1,"minecraft:big_dripleaf":1,"create:basin":1,"minecraft:beehive":5,"minecraft:grass":23,"minecraft:oak_log":121,"minecraft:dirt":102,"minecraft:gravel":130,"minecraft:sand":102,"minecraft:polished_andesite":1,"minecraft:oak_leaves":279,"ftbstoneblock:1x_compressed_cobblestone":28},"minecraft:custom":{"minecraft:mob_kills":31,"minecraft:interact_with_crafting_table":38,"minecraft:open_barrel":4,"minecraft:leave_game":2,"minecraft:time_since_death":159310,"minecraft:climb_one_cm":15434,"champions:champion_mobs_killed":27,"minecraft:sprint_one_cm":184939,"minecraft:walk_one_cm":319860,"minecraft:damage_blocked_by_shield":130,"minecraft:drop":125,"minecraft:play_time":199076,"minecraft:deaths":2,"minecraft:sneak_time":7722,"minecraft:walk_under_water_one_cm":407,"minecraft:jump":1063,"minecraft:walk_on_water_one_cm":2695,"minecraft:total_world_time":199076,"minecraft:interact_with_furnace":14,"minecraft:sleep_in_bed":1,"minecraft:time_since_rest":79380,"minecraft:damage_taken":1274,"minecraft:damage_absorbed":2276,"minecraft:trigger_trapped_chest":1,"minecraft:damage_dealt":5397,"minecraft:swim_one_cm":56,"minecraft:fly_one_cm":129603,"minecraft:open_chest":128,"minecraft:crouch_one_cm":23040,"minecraft:fall_one_cm":16496}},"DataVersion":2975}