{"stats":{"minecraft:dropped":{"minecraft:cobblestone":192,"minecraft:apple":1,"minecraft:chainmail_helmet":1,"minecraft:dirt":9,"ftbsbc:stone_hammer":7,"gravestone:obituary":3,"minecraft:sand":72,"minecraft:chainmail_leggings":1,"stonechest:part_cobblestone":3,"minecraft:gravel":671,"ftbsbc:stone_crook":5,"ftbstoneblock:dust":136,"minecraft:chainmail_boots":1},"minecraft:used":{"ftbsbc:stone_crook":259,"ftbsbc:fire_plow":32,"ftbsbc:stone_hammer":239,"minecraft:stone":2,"minecraft:stone_hoe":5,"woodenshears:wooden_shears":116,"minecraft:dirt":19,"create:cogwheel":6,"create:depot":1,"minecraft:big_dripleaf":6,"minecraft:lava_bucket":7,"simplylight:lamp_post":2,"create:millstone":1,"cobblefordays:tier_1":1,"minecraft:oak_sapling":20,"minecraft:furnace":1,"mcwdoors:metal_warning_door":2,"minecraft:iron_leggings":1,"stonechest:chest_cobblestone":15,"minecraft:water_bucket":3,"mekanismtools:stone_paxel":210,"minecraft:cauldron":1,"minecraft:oak_leaves":6,"minecraft:glow_berries":20,"justhammers:iron_impact_hammer":129,"minecraft:sand":15,"create:encased_fan":1,"minecraft:crafting_table":2,"mob_grinding_utils:tank":4,"minecraft:oak_log":3,"minecraft:apple":36,"create:mechanical_press":1,"gag:time_sand_pouch":11,"minecraft:gravel":61,"minecraft:stone_axe":78,"minecraft:cobblestone":140,"minecraft:bucket":43,"create:hand_crank":4,"minecraft:coarse_dirt":4,"create:large_cogwheel":4,"minecraft:chainmail_leggings":1},"minecraft:killed":{"minecraft:zombie":2},"minecraft:killed_by":{"minecraft:player":1},"minecraft:crafted":{"minecraft:coarse_dirt":4,"stonechest:part_cobblestone":76,"minecraft:oak_planks":64,"minecraft:stone_shovel":1,"minecraft:sand":45,"minecraft:furnace":1,"ftbsbc:stone_crook":6,"stonechest:chest_cobblestone":19,"minecraft:stone":54,"minecraft:glass":4,"create:mechanical_press":1,"create:millstone":1,"minecraft:stone_pickaxe":1,"minecraft:oak_button":33,"ftbstoneblock:1x_compressed_stone":6,"minecraft:stone_hoe":1,"create:cogwheel":4,"create:depot":1,"create:andesite_alloy":9,"create:hand_crank":3,"minecraft:cauldron":1,"woodenshears:wooden_shears":6,"minecraft:crafting_table":1,"minecraft:gravel":45,"create:zinc_nugget":18,"ftbsbc:stone_rod":56,"ftbsbc:fire_plow":9,"minecraft:dirt":9,"minecraft:bucket":2,"minecraft:stone_axe":2,"mekanismtools:stone_paxel":1,"cobblefordays:tier_1":1,"minecraft:air":0,"create:encased_fan":1,"minecraft:cobblestone":2,"minecraft:stick":32,"ftbsbc:stone_hammer":8,"minecraft:iron_ingot":54,"minecraft:iron_block":1,"create:large_cogwheel":1,"create:propeller":1,"create:shaft":8,"create:zinc_ingot":18,"minecraft:polished_andesite":12},"minecraft:broken":{"mekanismtools:stone_paxel":1,"ftbsbc:fire_plow":8,"ftbsbc:stone_crook":1,"woodenshears:wooden_shears":2,"ftbsbc:stone_hammer":1},"minecraft:picked_up":{"minecraft:crafting_table":1,"minecraft:clay_ball":16,"thermal:raw_silver":6,"thermal:cinnabar":34,"ars_nouveau:blue_archwood_sapling":4,"chancecubes:silk_touch_pendant":1,"botania:livingwood_twig":1,"gravestone:obituary":2,"ftbquests:lootcrate":1,"minecraft:moss_carpet":1,"minecraft:raw_copper":24,"thermal:raw_nickel":7,"minecraft:iron_leggings":1,"thermal:sulfur":1,"thermal:niter":4,"minecraft:jungle_sapling":6,"minecraft:iron_nugget":258,"functionalstorage:linking_tool":1,"minecraft:birch_sapling":4,"minecraft:dark_oak_sapling":2,"minecraft:stick":9,"ftbstoneblock:mob_soul":1,"minecraft:big_dripleaf":26,"create:andesite_casing":3,"entangled:item":1,"ars_nouveau:purple_archwood_sapling":4,"create:hand_crank":1,"mcwdoors:metal_warning_door":4,"minecraft:vine":9,"minecraft:redstone":13,"thermal:apatite":27,"create:large_cogwheel":1,"minecraft:arrow":2,"tconstruct:sky_slime_crystal":1,"ae2:certus_quartz_dust":9,"rftoolsutility:crafter1":1,"minecraft:glow_berries":222,"minecraft:cobblestone":2488,"ftbstoneblock:dust":124,"shrink:shrinking_device":1,"ftbstoneblock:stonepebble":10,"jags:jags":1,"minecraft:andesite":138,"ars_nouveau:source_berry":2,"minecraft:potato":1,"functionalstorage:redstone_upgrade":2,"minecraft:flint":79,"mob_grinding_utils:tank":3,"minecraft:oak_log":153,"minecraft:lapis_lazuli":290,"minecraft:dirt":45,"ars_nouveau:green_archwood_sapling":2,"ae2:sky_dust":4,"ftbstoneblock:1x_compressed_dirt":3,"minecraft:apple":38,"ftbstoneblock:1x_compressed_sand":2,"itemcollectors:basic_collector":1,"minecraft:wheat_seeds":2,"minecraft:raw_gold":18,"industrialforegoing:range_addon0":1,"simplylight:lamp_post":4,"minecraft:oak_planks":4,"minecraft:acacia_sapling":5,"stonechest:chest_cobblestone":2,"ftbstoneblock:1x_compressed_gravel":2,"create:cogwheel":1,"mekanismtools:stone_paxel":1,"minecraft:gravel":753,"minecraft:sand":33,"minecraft:amethyst_shard":12,"stonechest:part_cobblestone":6,"minecraft:spruce_sapling":2,"ftbsbc:stone_hammer":1,"minecraft:pumpkin_seeds":3,"minecraft:clay":4,"immersiveengineering:seed":4,"minecraft:diamond":31,"minecraft:stone_axe":1,"mekanism:fluorite_gem":2,"chiselsandbits:bit_bag":1,"minecraft:bone_meal":14,"minecraft:emerald":27,"minecraft:oak_sapling":165,"minecraft:melon_seeds":1,"minecraft:oak_leaves":116},"minecraft:mined":{"minecraft:oak_sapling":1,"create:andesite_casing":3,"gravestone:gravestone":1,"minecraft:cave_vines_plant":5,"create:large_cogwheel":1,"ftbstoneblock:dust":24,"minecraft:andesite":139,"minecraft:moss_carpet":1,"minecraft:big_dripleaf_stem":4,"minecraft:cave_vines":6,"mcwdoors:metal_warning_door":2,"minecraft:stone":90,"stonechest:chest_cobblestone":1,"create:cogwheel":1,"mob_grinding_utils:tank":3,"minecraft:tall_grass":9,"minecraft:cobblestone":71,"minecraft:big_dripleaf":2,"minecraft:oak_log":90,"minecraft:gravel":62,"minecraft:sand":15,"minecraft:dirt":58,"minecraft:small_dripleaf":1,"minecraft:oak_leaves":361},"minecraft:custom":{"minecraft:mob_kills":2,"minecraft:interact_with_crafting_table":73,"minecraft:open_barrel":3,"minecraft:bell_ring":4,"minecraft:time_since_death":86126,"minecraft:climb_one_cm":10900,"champions:champion_mobs_killed":2,"minecraft:sprint_one_cm":100241,"minecraft:walk_one_cm":143816,"minecraft:drop":42,"minecraft:play_time":126353,"minecraft:deaths":1,"minecraft:sneak_time":5282,"minecraft:jump":842,"minecraft:walk_on_water_one_cm":2927,"minecraft:total_world_time":126353,"minecraft:interact_with_furnace":30,"minecraft:time_since_rest":86150,"minecraft:damage_taken":967,"minecraft:damage_absorbed":230,"minecraft:damage_dealt":847,"minecraft:fly_one_cm":118209,"minecraft:player_kills":1,"minecraft:open_chest":192,"minecraft:crouch_one_cm":6297,"minecraft:use_cauldron":8,"minecraft:fall_one_cm":21552}},"DataVersion":2975}