{"stats":{"minecraft:dropped":{"minecraft:gravel":837,"minecraft:clay":4,"rftoolsutility:crafter1":1,"functionalstorage:redstone_upgrade":2,"mcwdoors:metal_warning_door":2,"chiselsandbits:bit_bag":1,"minecraft:cobblestone":17,"functionalstorage:linking_tool":1,"ftbstoneblock:1x_compressed_dirt":1,"ftbstoneblock:1x_compressed_sand":2,"industrialforegoing:range_addon0":1,"mekanismtools:stone_paxel":1,"botania:livingwood_twig":1,"chancecubes:silk_touch_pendant":1,"simplylight:lamp_post":4,"ftbstoneblock:dust":109,"ftbstoneblock:1x_compressed_gravel":2,"gravestone:obituary":1,"itemcollectors:basic_collector":1,"entangled:item":1,"shrink:shrinking_device":1},"minecraft:used":{"ftbsbc:stone_crook":275,"minecraft:moss_block":1,"minecraft:moss_carpet":1,"ftbsbc:stone_hammer":1201,"mekanismtools:stone_paxel":126,"minecraft:chainmail_helmet":1,"minecraft:glow_berries":50,"minecraft:dirt":136,"minecraft:sand":102,"cobblefordays:tier_4":1,"minecraft:apple":23,"minecraft:bread":2,"minecraft:gravel":131,"minecraft:cobblestone":851,"minecraft:chainmail_boots":1,"minecraft:oak_sapling":13,"farmersdelight:cooking_pot":1,"ftbstoneblock:dust":24,"minecraft:chainmail_leggings":1},"minecraft:killed":{"minecraft:skeleton":2,"minecraft:bee":1},"minecraft:killed_by":{"minecraft:player":1,"minecraft:creeper":1},"minecraft:crafted":{"minecraft:oak_planks":16,"minecraft:stone_shovel":2,"ftbsbc:stone_rod":134,"ftbsbc:stone_crook":8,"minecraft:stone_axe":2,"mekanismtools:stone_paxel":2,"minecraft:cobblestone":21,"minecraft:stick":8,"ftbsbc:stone_hammer":6,"minecraft:stone_pickaxe":2},"minecraft:broken":{"ftbsbc:stone_crook":2,"ftbsbc:stone_hammer":9},"minecraft:picked_up":{"ftbstoneblock:dust":116,"ftbstoneblock:stonepebble":93,"minecraft:chainmail_boots":1,"jags:jags":4,"ars_nouveau:wilden_wing":2,"minecraft:oak_log":57,"gravestone:obituary":1,"minecraft:string":2,"ftbquests:lootcrate":1,"minecraft:dirt":175,"minecraft:moss_carpet":8,"minecraft:apple":41,"minecraft:wheat_seeds":7,"minecraft:moss_block":1,"minecraft:stick":10,"minecraft:big_dripleaf":4,"minecraft:gravel":904,"minecraft:sand":102,"minecraft:vine":8,"ftbsbc:stone_hammer":6,"minecraft:rotten_flesh":2,"immersiveengineering:seed":4,"ftbsbc:stone_crook":5,"minecraft:chainmail_leggings":1,"minecraft:chainmail_helmet":1,"minecraft:oak_sapling":103,"minecraft:glow_berries":68,"minecraft:cobblestone":477},"minecraft:mined":{"gravestone:gravestone":2,"minecraft:tall_grass":23,"minecraft:cobblestone":842,"minecraft:moss_block":1,"minecraft:big_dripleaf":1,"minecraft:moss_carpet":10,"minecraft:grass":17,"minecraft:oak_log":121,"minecraft:cave_vines":2,"minecraft:gravel":130,"minecraft:sand":102,"minecraft:dirt":102,"minecraft:stone":48,"minecraft:oak_leaves":279},"minecraft:custom":{"minecraft:interact_with_furnace":1,"minecraft:mob_kills":3,"minecraft:interact_with_crafting_table":12,"minecraft:leave_game":2,"minecraft:time_since_death":51310,"minecraft:climb_one_cm":15409,"minecraft:time_since_rest":51347,"champions:champion_mobs_killed":2,"minecraft:sprint_one_cm":96727,"minecraft:walk_one_cm":142783,"minecraft:damage_taken":971,"minecraft:damage_absorbed":2276,"minecraft:drop":43,"minecraft:damage_dealt":551,"minecraft:fly_one_cm":57244,"minecraft:open_chest":22,"minecraft:crouch_one_cm":17666,"minecraft:play_time":91076,"minecraft:deaths":2,"minecraft:sneak_time":4224,"minecraft:jump":568,"minecraft:total_world_time":91076,"minecraft:fall_one_cm":13169}},"DataVersion":2975}