{"stats":{"minecraft:killed_by":{"minecraft:player":1},"minecraft:picked_up":{"minecraft:crafting_table":1,"minecraft:clay_ball":12,"thermal:raw_silver":4,"thermal:cinnabar":7,"ars_nouveau:blue_archwood_sapling":4,"gravestone:obituary":1,"ftbquests:lootcrate":1,"minecraft:moss_carpet":1,"minecraft:raw_copper":18,"thermal:raw_nickel":5,"minecraft:iron_leggings":1,"thermal:niter":3,"minecraft:jungle_sapling":6,"minecraft:iron_nugget":44,"minecraft:birch_sapling":4,"functionalstorage:linking_tool":1,"minecraft:dark_oak_sapling":2,"minecraft:stick":9,"ftbstoneblock:mob_soul":1,"minecraft:big_dripleaf":9,"create:andesite_casing":3,"ars_nouveau:purple_archwood_sapling":4,"create:hand_crank":1,"minecraft:redstone":10,"minecraft:vine":9,"mcwdoors:metal_warning_door":2,"thermal:apatite":20,"create:large_cogwheel":1,"tconstruct:sky_slime_crystal":1,"minecraft:arrow":2,"ae2:certus_quartz_dust":8,"minecraft:glow_berries":222,"minecraft:cobblestone":2488,"ftbstoneblock:dust":107,"ftbstoneblock:stonepebble":10,"jags:jags":1,"minecraft:andesite":138,"ars_nouveau:source_berry":2,"minecraft:potato":1,"minecraft:flint":13,"mob_grinding_utils:tank":3,"minecraft:oak_log":153,"minecraft:lapis_lazuli":55,"minecraft:dirt":36,"ae2:sky_dust":3,"ars_nouveau:green_archwood_sapling":2,"ftbstoneblock:1x_compressed_dirt":2,"minecraft:apple":38,"minecraft:wheat_seeds":2,"minecraft:raw_gold":14,"stonechest:chest_cobblestone":2,"minecraft:oak_planks":4,"minecraft:acacia_sapling":5,"create:cogwheel":1,"minecraft:gravel":496,"mekanismtools:stone_paxel":1,"minecraft:sand":33,"minecraft:amethyst_shard":1,"stonechest:part_cobblestone":6,"minecraft:spruce_sapling":2,"ftbsbc:stone_hammer":1,"minecraft:pumpkin_seeds":3,"minecraft:clay":4,"minecraft:diamond":5,"immersiveengineering:seed":4,"minecraft:stone_axe":1,"mekanism:fluorite_gem":2,"minecraft:bone_meal":13,"minecraft:emerald":4,"minecraft:oak_sapling":165,"minecraft:melon_seeds":1,"minecraft:oak_leaves":116},"minecraft:custom":{"minecraft:mob_kills":2,"minecraft:interact_with_crafting_table":64,"minecraft:open_barrel":3,"minecraft:bell_ring":4,"minecraft:time_since_death":35124,"minecraft:climb_one_cm":10900,"champions:champion_mobs_killed":2,"minecraft:sprint_one_cm":90348,"minecraft:walk_one_cm":129314,"minecraft:drop":32,"minecraft:play_time":75351,"minecraft:deaths":1,"minecraft:sneak_time":4458,"minecraft:jump":758,"minecraft:walk_on_water_one_cm":901,"minecraft:total_world_time":75351,"minecraft:interact_with_furnace":28,"minecraft:time_since_rest":35148,"minecraft:damage_taken":947,"minecraft:damage_absorbed":230,"minecraft:damage_dealt":847,"minecraft:fly_one_cm":106273,"minecraft:player_kills":1,"minecraft:open_chest":138,"minecraft:crouch_one_cm":5706,"minecraft:fall_one_cm":19890,"minecraft:use_cauldron":8},"minecraft:mined":{"minecraft:oak_sapling":1,"create:andesite_casing":3,"minecraft:cave_vines_plant":5,"gravestone:gravestone":1,"create:large_cogwheel":1,"ftbstoneblock:dust":24,"minecraft:andesite":139,"minecraft:moss_carpet":1,"minecraft:big_dripleaf_stem":2,"minecraft:cave_vines":6,"mcwdoors:metal_warning_door":2,"minecraft:stone":90,"stonechest:chest_cobblestone":1,"create:cogwheel":1,"mob_grinding_utils:tank":3,"minecraft:tall_grass":9,"minecraft:cobblestone":71,"minecraft:big_dripleaf":2,"minecraft:oak_log":90,"minecraft:gravel":61,"minecraft:sand":15,"minecraft:dirt":58,"minecraft:small_dripleaf":1,"minecraft:oak_leaves":361},"minecraft:broken":{"mekanismtools:stone_paxel":1,"ftbsbc:fire_plow":8,"ftbsbc:stone_crook":1,"woodenshears:wooden_shears":2,"ftbsbc:stone_hammer":1},"minecraft:killed":{"minecraft:zombie":2},"minecraft:dropped":{"minecraft:cobblestone":192,"minecraft:apple":1,"minecraft:chainmail_helmet":1,"ftbsbc:stone_hammer":7,"gravestone:obituary":2,"minecraft:sand":54,"minecraft:chainmail_leggings":1,"stonechest:part_cobblestone":3,"minecraft:gravel":396,"ftbsbc:stone_crook":5,"ftbstoneblock:dust":119,"minecraft:chainmail_boots":1},"minecraft:crafted":{"minecraft:coarse_dirt":4,"stonechest:part_cobblestone":44,"minecraft:oak_planks":64,"minecraft:stone_shovel":1,"minecraft:sand":27,"minecraft:furnace":1,"ftbsbc:stone_crook":6,"stonechest:chest_cobblestone":11,"minecraft:glass":4,"create:mechanical_press":1,"create:millstone":1,"minecraft:stone_pickaxe":1,"minecraft:oak_button":33,"minecraft:stone_hoe":1,"create:cogwheel":4,"create:depot":1,"create:andesite_alloy":9,"create:hand_crank":3,"minecraft:cauldron":1,"woodenshears:wooden_shears":6,"minecraft:crafting_table":1,"minecraft:gravel":27,"ftbsbc:stone_rod":56,"create:zinc_nugget":18,"ftbsbc:fire_plow":9,"minecraft:bucket":2,"minecraft:stone_axe":2,"mekanismtools:stone_paxel":1,"minecraft:air":0,"create:encased_fan":1,"minecraft:cobblestone":2,"minecraft:stick":32,"minecraft:iron_ingot":26,"ftbsbc:stone_hammer":8,"minecraft:iron_block":1,"create:large_cogwheel":1,"create:propeller":1,"create:shaft":8,"create:zinc_ingot":18,"minecraft:polished_andesite":12},"minecraft:used":{"ftbsbc:stone_crook":259,"ftbsbc:fire_plow":32,"ftbsbc:stone_hammer":239,"minecraft:stone":2,"minecraft:stone_hoe":5,"woodenshears:wooden_shears":116,"minecraft:dirt":19,"create:cogwheel":6,"create:depot":1,"minecraft:lava_bucket":7,"create:millstone":1,"minecraft:furnace":1,"minecraft:oak_sapling":20,"mcwdoors:metal_warning_door":2,"minecraft:iron_leggings":1,"stonechest:chest_cobblestone":13,"minecraft:water_bucket":3,"mekanismtools:stone_paxel":210,"minecraft:cauldron":1,"minecraft:oak_leaves":6,"minecraft:glow_berries":20,"justhammers:iron_impact_hammer":129,"minecraft:sand":15,"create:encased_fan":1,"minecraft:crafting_table":2,"mob_grinding_utils:tank":4,"minecraft:oak_log":3,"minecraft:apple":29,"create:mechanical_press":1,"minecraft:gravel":61,"gag:time_sand_pouch":11,"minecraft:stone_axe":78,"minecraft:cobblestone":140,"minecraft:bucket":43,"create:hand_crank":4,"minecraft:coarse_dirt":4,"create:large_cogwheel":4,"minecraft:chainmail_leggings":1}},"DataVersion":2975}