{"stats":{"minecraft:killed_by":{"minecraft:player":1,"minecraft:creeper":1},"minecraft:picked_up":{"ftbstoneblock:dust":92,"ftbstoneblock:stonepebble":93,"minecraft:chainmail_boots":1,"jags:jags":2,"ars_nouveau:wilden_wing":2,"minecraft:oak_log":57,"minecraft:dirt":174,"ftbquests:lootcrate":1,"minecraft:string":2,"minecraft:moss_carpet":1,"minecraft:apple":41,"minecraft:wheat_seeds":7,"minecraft:stick":10,"minecraft:big_dripleaf":4,"minecraft:gravel":301,"minecraft:sand":92,"minecraft:vine":8,"ftbsbc:stone_hammer":6,"minecraft:rotten_flesh":2,"immersiveengineering:seed":2,"ftbsbc:stone_crook":5,"minecraft:chainmail_leggings":1,"minecraft:chainmail_helmet":1,"minecraft:oak_sapling":103,"minecraft:glow_berries":68,"minecraft:cobblestone":475},"minecraft:custom":{"minecraft:interact_with_furnace":1,"minecraft:mob_kills":3,"minecraft:interact_with_crafting_table":12,"minecraft:leave_game":2,"minecraft:time_since_death":3479,"minecraft:climb_one_cm":11637,"minecraft:time_since_rest":3516,"champions:champion_mobs_killed":2,"minecraft:sprint_one_cm":83299,"minecraft:damage_absorbed":2276,"minecraft:damage_taken":771,"minecraft:walk_one_cm":107333,"minecraft:drop":10,"minecraft:damage_dealt":551,"minecraft:fly_one_cm":50592,"minecraft:open_chest":8,"minecraft:crouch_one_cm":7204,"minecraft:play_time":43245,"minecraft:deaths":2,"minecraft:sneak_time":1889,"minecraft:jump":443,"minecraft:total_world_time":43245,"minecraft:fall_one_cm":9626},"minecraft:mined":{"gravestone:gravestone":2,"minecraft:tall_grass":23,"minecraft:cobblestone":302,"minecraft:big_dripleaf":1,"minecraft:moss_carpet":3,"minecraft:grass":12,"minecraft:oak_log":121,"minecraft:cave_vines":2,"minecraft:gravel":130,"minecraft:sand":92,"minecraft:dirt":93,"minecraft:stone":48,"minecraft:oak_leaves":279},"minecraft:broken":{"ftbsbc:stone_crook":2,"ftbsbc:stone_hammer":5},"minecraft:killed":{"minecraft:skeleton":2,"minecraft:bee":1},"minecraft:dropped":{"minecraft:gravel":171,"minecraft:clay":4,"minecraft:cobblestone":17,"functionalstorage:linking_tool":1,"mekanismtools:stone_paxel":1,"ftbstoneblock:dust":68},"minecraft:crafted":{"minecraft:oak_planks":16,"minecraft:stone_shovel":2,"ftbsbc:stone_rod":134,"ftbsbc:stone_crook":8,"minecraft:stone_axe":2,"mekanismtools:stone_paxel":2,"minecraft:cobblestone":21,"minecraft:stick":8,"ftbsbc:stone_hammer":6,"minecraft:stone_pickaxe":2},"minecraft:used":{"ftbsbc:stone_crook":275,"ftbsbc:stone_hammer":647,"mekanismtools:stone_paxel":124,"minecraft:chainmail_helmet":1,"minecraft:glow_berries":27,"minecraft:dirt":136,"minecraft:sand":92,"minecraft:apple":16,"minecraft:gravel":130,"minecraft:cobblestone":309,"minecraft:oak_sapling":13,"minecraft:chainmail_boots":1,"ftbstoneblock:dust":24,"minecraft:chainmail_leggings":1}},"DataVersion":2975}