{"stats":{"minecraft:mined":{"minecraft:dark_oak_log":16,"minecraft:cave_vines_plant":5,"gravestone:gravestone":2,"minecraft:grass_block":1,"create:large_cogwheel":17,"create:depot":1,"minecraft:moss_block":7,"create:shaft":10,"minecraft:furnace":8,"ironfurnaces:gold_furnace":9,"minecraft:big_dripleaf_stem":1,"minecraft:cave_vines":6,"minecraft:end_stone_bricks":16,"minecraft:stone":104,"create:andesite_encased_large_cogwheel":2,"create:mechanical_press":3,"create:cogwheel":9,"minecraft:crafting_table":1,"minecraft:cobblestone":3,"minecraft:birch_planks":1,"minecraft:sand":1,"minecraft:dark_oak_planks":65},"minecraft:killed":{"instrumentalmobs:tuba_enderman":2},"minecraft:killed_by":{"minecraft:enderman":1},"minecraft:dropped":{"functionalstorage:void_upgrade":2,"minecraft:bread":16,"torchmaster:feral_flare_lantern":4,"mob_grinding_utils:fan_upgrade_height":3,"minecraft:wheat_seeds":2,"botanypots:terracotta_botany_pot":1,"gag:time_sand_pouch":1,"prettypipes:medium_speed_module":2,"functionalstorage:gold_upgrade":2,"minecraft:glow_berries":3,"tconstruct:amethyst_bronze_ingot":2,"createaddition:chocolate_cake":8,"minecraft:copper_ingot":2,"chancecubes:chance_cube":4,"mob_grinding_utils:jumbo_tank":1,"cobblefordays:tier_1":1,"mekanismtools:stone_paxel":1,"simplybackpacks:commonbackpack":1,"chancecubes:silk_touch_pendant":1,"minecraft:black_candle":8,"darkutils:vector_plate":4,"mob_grinding_utils:fan_upgrade_width":3,"gravestone:obituary":1,"createaddition:honey_cake":8,"minecraft:amethyst_shard":2,"industrialforegoing:laser_lens14":1,"mob_grinding_utils:fan":2,"botania:ender_air_bottle":6,"minecraft:dark_oak_planks":35,"cobblefordays:tier_4":1,"shrink:shrinking_device":1,"minecraft:gold_ingot":5,"tconstruct:seared_bricks":4,"ironfurnaces:gold_furnace":8,"buildinggadgets:gadget_building":1,"minecraft:sculk_sensor":2,"minecraft:oak_planks":64,"functionalstorage:linking_tool":1,"powah:dielectric_casing":8,"fluxnetworks:basic_flux_storage":1,"pipez:fluid_pipe":4,"pipez:item_pipe":8,"simplybackpacks:ultimatebackpack":1,"botania:lexicon":1,"mob_grinding_utils:absorption_hopper":1,"minecraft:beetroot_seeds":3,"supplementaries:bomb_spiky":6,"minecraft:iron_ore":31,"minecraft:end_stone_bricks":4,"entangled:item":1,"pipez:improved_upgrade":4,"compactcrafting:field_projector":2,"chiselsandbits:chiseledrock":1},"minecraft:crafted":{"minecraft:oak_planks":256,"create:wrench":1,"simplybackpacks:rarebackpack":1,"ironfurnaces:gold_furnace":8,"minecraft:furnace":8,"ironfurnaces:iron_furnace":8,"minecraft:bone_meal":147,"minecraft:pink_dye":64,"ironfurnaces:diamond_furnace":8,"minecraft:diamond_block":1,"minecraft:iron_bars":16,"ironfurnaces:emerald_furnace":8,"minecraft:diamond_helmet":1,"minecraft:diamond_leggings":1,"minecraft:leather":3,"simplybackpacks:uncommonbackpack":1,"minecraft:chest":9,"minecraft:diamond_boots":1,"minecraft:magenta_dye":128,"create:cogwheel":8,"simplybackpacks:commonbackpack":1,"create:goggles":1,"ironfurnaces:obsidian_furnace":8,"minecraft:copper_ingot":0,"minecraft:air":0,"minecraft:blue_dye":35,"simplybackpacks:ultimatebackpack":1,"minecraft:purple_dye":64,"create:water_wheel":2,"minecraft:white_dye":70,"simplybackpacks:epicbackpack":1,"minecraft:netherite_block":1,"minecraft:stick":4,"minecraft:gold_ingot":72,"create:large_cogwheel":12,"create:shaft":48,"minecraft:diamond_chestplate":1},"minecraft:used":{"minecraft:moss_block":3,"ironfurnaces:gold_furnace":9,"minecraft:elytra":2,"minecraft:dirt":1,"create:cogwheel":76,"create:depot":1,"mekanismtools:diamond_paxel":279,"ironfurnaces:obsidian_furnace":8,"chancecubes:chance_cube":33,"create:wrench":80,"create:shaft":29,"minecraft:end_stone_bricks":10,"minecraft:iron_ore":1,"minecraft:birch_planks":1,"minecraft:baked_potato":6,"minecraft:ender_pearl":1,"minecraft:leather_chestplate":1,"minecraft:diamond_axe":1,"minecraft:leather_boots":1,"ftbsbc:diamond_hammer":4,"minecraft:crafting_table":1,"mekanismtools:refined_glowstone_leggings":1,"minecraft:firework_rocket":1,"create:mechanical_press":3,"minecraft:leather_helmet":1,"minecraft:cobblestone":3,"create:large_cogwheel":64},"minecraft:picked_up":{"minecraft:end_stone_bricks":14,"minecraft:crafting_table":1,"mob_grinding_utils:fan_upgrade_width":3,"mob_grinding_utils:absorption_hopper":1,"cobblefordays:tier_4":1,"minecraft:elytra":1,"minecraft:raw_copper":178,"minecraft:netherite_ingot":13,"create:mechanical_press":3,"justhammers:diamond_reinforced_hammer":1,"botania:lexicon":1,"ftbstoneblock:mob_soul":2,"minecraft:big_dripleaf":9,"pipez:item_pipe":8,"create:hand_crank":1,"fluxnetworks:basic_flux_storage":1,"minecraft:dark_oak_planks":85,"create:large_cogwheel":20,"functionalstorage:gold_upgrade":2,"ironfurnaces:gold_furnace":17,"industrialforegoing:straw":1,"create:depot":1,"minecraft:gold_ingot":2,"industrialforegoing:laser_lens14":1,"minecraft:glow_berries":13,"mob_grinding_utils:fan_upgrade_height":3,"minecraft:cobblestone":104,"industrialforegoing:item_transporter_type":2,"shrink:shrinking_device":1,"powah:dielectric_casing":8,"minecraft:yellow_dye":64,"createaddition:honey_cake":8,"compactcrafting:field_projector":2,"minecraft:birch_planks":1,"immersiveengineering:railgun":1,"minecraft:dirt":1,"create:shaft":10,"botanypots:terracotta_hopper_botany_pot":1,"minecraft:moss_block":7,"minecraft:oak_planks":64,"chiselsandbits:chiseledrock":1,"minecraft:black_candle":8,"create:cogwheel":17,"functionalstorage:void_upgrade":2,"minecraft:sand":1,"instrumentalmobs:tuba":1,"minecraft:amethyst_shard":48,"mekanismtools:diamond_paxel":1,"justhammers:diamond_hammer":1,"minecraft:barrel":39,"mob_grinding_utils:fan":2,"mob_grinding_utils:jumbo_tank":1,"chancecubes:chance_cube":1,"simplybackpacks:ultimatebackpack":4,"minecraft:nether_star":10,"minecraft:coal":127,"minecraft:ender_pearl":1},"minecraft:custom":{"minecraft:mob_kills":4,"minecraft:interact_with_crafting_table":28,"minecraft:open_barrel":19,"minecraft:eat_cake_slice":3,"minecraft:time_since_death":67715,"minecraft:climb_one_cm":74,"champions:champion_mobs_killed":2,"minecraft:sprint_one_cm":81036,"minecraft:walk_one_cm":138180,"minecraft:drop":89,"minecraft:play_time":79534,"minecraft:deaths":2,"minecraft:sneak_time":2763,"minecraft:jump":617,"minecraft:walk_on_water_one_cm":567,"minecraft:total_world_time":79534,"minecraft:interact_with_furnace":34,"minecraft:time_since_rest":67742,"minecraft:damage_taken":679,"minecraft:damage_dealt":1204,"minecraft:fly_one_cm":99283,"minecraft:open_chest":240,"minecraft:crouch_one_cm":6196,"minecraft:aviate_one_cm":70278,"minecraft:fall_one_cm":5764,"minecraft:horse_one_cm":3299}},"DataVersion":2975}