{"stats":{"minecraft:mined":{"minecraft:dead_horn_coral_fan":3,"minecraft:dragon_wall_head":1,"create:andesite_casing":1,"minecraft:red_nether_bricks":1,"minecraft:obsidian":1,"minecraft:granite":1,"minecraft:deepslate_tile_wall":2,"ftbstoneblock:1x_compressed_gravel":134,"minecraft:coal_block":20,"minecraft:deepslate_tile_stairs":27,"minecraft:crimson_fungus":1,"minecraft:spawner":27,"minecraft:weeping_vines_plant":32,"minecraft:magma_block":66,"metalbarrels:netherite_barrel":2,"minecraft:sticky_piston":1,"minecraft:barrel":83,"minecraft:fire":29,"minecraft:moss_carpet":23,"minecraft:fletching_table":1,"minecraft:nether_brick_stairs":6,"ftbdripper:dripper":1,"minecraft:cave_vines":14,"minecraft:iron_block":76,"minecraft:spruce_wood":29,"stonechest:chest_cobblestone":6,"minecraft:tripwire":4,"minecraft:brown_mushroom":2,"minecraft:crimson_nylium":2,"minecraft:smoker":1,"minecraft:soul_fire":11,"minecraft:deepslate_tile_slab":7,"minecraft:torch":9,"minecraft:blast_furnace":2,"minecraft:dead_bush":1,"experienceobelisk:experience_obelisk":1,"minecraft:glass":136,"minecraft:bricks":128,"create:basin":1,"minecraft:chain":1,"minecraft:wither_rose":3,"minecraft:grass":48,"minecraft:deepslate":65,"minecraft:dark_oak_log":12,"minecraft:end_stone":64,"minecraft:nether_bricks":95,"minecraft:crimson_roots":9,"minecraft:redstone_wire":1,"minecraft:moss_block":22,"minecraft:red_mushroom":1,"minecraft:andesite":25,"metalbarrels:diamond_barrel":1,"minecraft:big_dripleaf_stem":3,"minecraft:potatoes":20,"minecraft:cobblestone_slab":8,"minecraft:vine":4,"minecraft:oak_slab":49,"minecraft:soul_sand":5,"minecraft:cobbled_deepslate_wall":1,"minecraft:warped_roots":1,"minecraft:campfire":70,"minecraft:copper_ore":2,"minecraft:tall_grass":32,"minecraft:big_dripleaf":2,"minecraft:trapped_chest":7,"create:crushing_wheel":2,"minecraft:gravel":194,"ftbstoneblock:1x_compressed_cobblestone":198,"minecraft:spruce_planks":12,"minecraft:cave_vines_plant":5,"minecraft:grass_block":64,"minecraft:soul_soil":1,"ftbstoneblock:1x_compressed_dirt":100,"minecraft:composter":17,"minecraft:polished_blackstone_pressure_plate":1,"cobblefordays:tier_1":1,"botania:apothecary_default":2,"minecraft:glowstone":193,"supplementaries:ash":5,"minecraft:anvil":1,"minecraft:flowering_azalea_leaves":2,"minecraft:end_stone_bricks":2333,"minecraft:azalea_leaves":3,"minecraft:azalea":1,"simplylight:lamp_post":1,"minecraft:spruce_slab":5,"minecraft:blackstone":2,"minecraft:twisting_vines_plant":3,"minecraft:beacon":2,"minecraft:chest":75,"mob_grinding_utils:tank":1,"cobblefordays:tier_3":1,"minecraft:wither_skeleton_wall_skull":1,"minecraft:nether_quartz_ore":15,"minecraft:cobblestone":1140,"minecraft:slime_block":9,"minecraft:grindstone":1,"minecraft:oak_planks":9,"minecraft:wall_torch":16,"minecraft:deepslate_copper_ore":220,"minecraft:light_gray_candle":3,"minecraft:nether_wart_block":6,"minecraft:tnt":7,"minecraft:dispenser":4,"minecraft:tripwire_hook":13,"minecraft:oak_log":121,"minecraft:dirt":116,"minecraft:sand":103,"minecraft:ancient_debris":5,"minecraft:netherrack":1160,"minecraft:oak_leaves":289,"minecraft:redstone_lamp":40,"minecraft:nether_gold_ore":6,"minecraft:tuff":2,"ars_nouveau:archwood_chest":2,"gravestone:gravestone":17,"minecraft:lever":2,"minecraft:ladder":1,"minecraft:stone_button":1,"create:large_cogwheel":1,"minecraft:weeping_vines":3,"create:depot":1,"minecraft:polished_andesite_slab":3,"minecraft:sandstone":2,"minecraft:cracked_nether_bricks":14,"createaddition:rolling_mill":1,"minecraft:dead_brain_coral":4,"minecraft:furnace":1,"darkutils:vector_plate":8,"minecraft:polished_deepslate":64,"minecraft:bookshelf":5,"minecraft:nether_brick_fence":3,"minecraft:stone":687,"minecraft:scaffolding":9,"minecraft:snow_block":10,"minecraft:oak_fence":3,"minecraft:crafting_table":1,"minecraft:sculk_sensor":1,"minecraft:stone_slab":1,"minecraft:red_nether_brick_wall":3,"minecraft:spruce_stairs":3,"minecraft:cactus":1,"minecraft:sea_pickle":1,"minecraft:beehive":29,"farmersdelight:stove":1,"createaddition:chocolate_cake":3,"minecraft:polished_andesite":9,"minecraft:crimson_fence":3,"minecraft:crimson_hyphae":5,"minecraft:dark_oak_planks":262},"minecraft:killed_by":{"minecraft:piglin_brute":1,"minecraft:zombie":1,"minecraft:vex":1,"minecraft:creeper":1,"minecraft:player":12},"minecraft:broken":{"mekanismtools:stone_paxel":2,"minecraft:diamond_helmet":1,"minecraft:iron_leggings":1,"minecraft:chainmail_helmet":1,"ftbsbc:stone_hammer":10,"mekanismtools:iron_paxel":1,"minecraft:diamond_boots":1,"botania:manasteel_leggings":1,"minecraft:golden_chestplate":1,"minecraft:diamond_chestplate":1,"justhammers:iron_reinforced_impact_hammer":1,"justhammers:iron_hammer":1,"ftbsbc:stone_crook":2},"minecraft:killed":{"minecraft:cave_spider":1,"minecraft:skeleton":44,"minecraft:guardian":2,"minecraft:chicken":3,"minecraft:magma_cube":84,"minecraft:pillager":29,"minecraft:zombie":85,"minecraft:glow_squid":1,"minecraft:cow":1,"instrumentalmobs:drum_zombie":1,"minecraft:evoker":5,"minecraft:vindicator":7,"minecraft:zoglin":1,"minecraft:husk":9,"minecraft:enderman":2,"minecraft:zombified_piglin":32,"minecraft:witch":12,"minecraft:spider":8,"minecraft:bee":2,"minecraft:silverfish":23,"minecraft:piglin_brute":38,"minecraft:piglin":46,"minecraft:pig":1,"minecraft:creeper":20,"minecraft:sheep":9,"minecraft:mooshroom":1,"minecraft:ghast":1,"minecraft:stray":7,"chickens:white_chicken":1,"minecraft:blaze":27,"minecraft:vex":18,"minecraft:phantom":15,"minecraft:llama":2,"minecraft:drowned":1,"minecraft:bat":13,"minecraft:hoglin":14,"minecraft:squid":4,"ars_nouveau:wilden_stalker":8,"ars_nouveau:wilden_hunter":1,"minecraft:wither_skeleton":30},"minecraft:dropped":{"farmersdelight:hamburger":3,"minecraft:clay":20,"minecraft:iron_sword":1,"minecraft:piston":8,"minecraft:porkchop":22,"minecraft:respawn_anchor":2,"minecraft:lapis_lazuli":17,"minecraft:cooked_beef":7,"minecraft:glow_ink_sac":96,"minecraft:diamond":4034,"minecraft:glass_bottle":21,"mcwdoors:metal_warning_door":2,"minecraft:cooked_porkchop":4,"minecraft:crossbow":4,"minecraft:weeping_vines":36,"minecraft:cookie":64,"minecraft:glow_berries":558,"minecraft:warped_roots":6,"minecraft:saddle":13,"nethersdelight:hoglin_loin":2,"minecraft:leather_helmet":3,"minecraft:red_mushroom":43,"botania:manasteel_leggings":4,"minecraft:emerald":4,"minecraft:light_weighted_pressure_plate":2,"minecraft:gold_block":10,"minecraft:dirt":1055,"botania:manasteel_boots":1,"constructionwand:iron_wand":2,"ars_nouveau:ring_of_lesser_discount":1,"minecraft:stone_button":4,"minecraft:dark_oak_fence":3,"minecraft:yellow_dye":1072,"buddingcrystals:budding_emerald":1,"industrialforegoing:range_addon7":2,"projecte:philosophers_stone":1,"minecraft:chain":35,"minecraft:gold_nugget":109,"powah:dielectric_paste":41,"minecraft:phantom_membrane":17,"minecraft:gray_candle":23,"minecraft:sand":945,"minecraft:fishing_rod":1,"minecraft:white_wool":11,"tconstruct:sky_slime_ball":63,"minecraft:sugar":12,"mekanismtools:iron_paxel":4,"minecraft:music_disc_stal":1,"minecraft:bone":115,"minecraft:green_candle":27,"minecraft:oak_door":5,"minecraft:emerald_block":421,"projecte:white_alchemical_bag":4,"minecraft:stone_axe":1,"minecraft:diamond_block":8,"minecraft:sugar_cane":1,"minecraft:ancient_debris":14,"minecraft:music_disc_chirp":2,"minecraft:iron_nugget":161,"minecraft:polished_andesite_slab":3,"minecraft:cooked_chicken":79,"minecraft:golden_chestplate":4,"minecraft:cobbled_deepslate":4,"rftoolsutility:crafter1":1,"minecraft:nether_brick":6,"minecraft:wheat":198,"minecraft:obsidian":87,"minecraft:rotten_flesh":311,"functionalstorage:linking_tool":1,"botania:cosmetic_questgiver_mark":3,"minecraft:oak_planks":19,"powah:crystal_blazing":4,"minecraft:glowstone_dust":26,"create:potato_cannon":2,"minecraft:blaze_powder":13,"minecraft:azure_bluet":10,"powah:energy_cable_starter":96,"minecraft:golden_shovel":2,"jags:jags":7,"minecraft:nether_brick_fence":1,"botania:manasteel_ingot":5,"minecraft:rabbit_foot":4,"minecraft:tipped_arrow":157,"minecraft:red_candle":6,"minecraft:charcoal":120,"minecraft:ladder":2,"minecraft:hopper":1,"minecraft:music_disc_mall":1,"minecraft:leather_boots":3,"farmersdelight:mixed_salad":8,"farmersdelight:rope":16,"minecraft:leather_leggings":2,"minecraft:brown_candle":9,"minecraft:red_nether_bricks":37,"minecraft:end_stone_bricks":2363,"thermal:bronze_ingot":1,"minecraft:beef":1,"minecraft:crying_obsidian":107,"minecraft:ghast_tear":15,"prettypipes:high_speed_module":2,"minecraft:egg":16,"farmersdelight:tomato_seeds":3,"minecraft:enchanted_book":8,"minecraft:golden_boots":6,"minecraft:iron_ingot":3897,"create:rose_quartz":9,"botania:blacker_lotus":1,"minecraft:wheat_seeds":171,"minecraft:clock":2,"farmersdelight:skillet":1,"minecraft:tnt":499,"minecraft:golden_horse_armor":4,"ars_nouveau:apprentice_boots":1,"ftbstoneblock:2x_compressed_gravel":4,"ironchest:gold_chest":4,"minecraft:cobbled_deepslate_wall":1,"minecraft:guardian_spawn_egg":2,"minecraft:oak_fence":10,"minecraft:book":348,"minecraft:feather":12,"minecraft:cobblestone":6197,"minecraft:prismarine_crystals":1,"minecraft:apple":4,"minecraft:granite":1,"tconstruct:enderman_head":1,"minecraft:music_disc_pigstep":1,"minecraft:deepslate_tile_slab":2,"minecraft:polished_blackstone_button":22,"mekanismtools:stone_paxel":1,"minecraft:coal":21,"minecraft:golden_apple":1,"minecraft:coal_block":8,"chickens:chicken_item":129,"minecraft:polished_andesite":62,"minecraft:oxeye_daisy":1,"minecraft:lava_bucket":2,"minecraft:cobweb":28,"minecraft:diamond_horse_armor":1,"minecraft:dried_kelp_block":7,"tconstruct:necrotic_bone":12,"minecraft:ink_sac":28,"minecraft:lodestone":2,"minecraft:rabbit":6,"ftbstoneblock:3x_compressed_gravel":2,"minecraft:cooked_salmon":30,"projecte:dark_matter":5,"minecraft:dead_bush":2424,"minecraft:dried_kelp":422,"minecraft:oak_stairs":3,"minecraft:golden_hoe":5,"ftbstoneblock:stonepebble":1,"thermal:rf_potato":1,"minecraft:chainmail_leggings":2,"minecraft:string":267,"powah:energy_cable_basic":12,"minecraft:blue_candle":11,"minecraft:trapped_chest":2,"minecraft:red_nether_brick_wall":2,"create:raw_zinc":23,"powah:uraninite_raw":8,"farmersdelight:glow_berry_custard":12,"minecraft:snow_block":4,"minecraft:bricks":173,"minecraft:moss_carpet":1,"minecraft:soul_soil":200,"minecraft:netherite_ingot":1,"ars_nouveau:source_berry":8,"minecraft:stone_sword":3,"minecraft:cobblestone_wall":1,"minecraft:bowl":30,"minecraft:sticky_piston":1,"minecraft:experience_bottle":2,"minecraft:stone_shovel":1,"farmersdelight:fruit_salad":2,"minecraft:chicken":11,"minecraft:clay_ball":172,"minecraft:iron_boots":1,"torchbowmod:torchbow":1,"ftbstoneblock:1x_compressed_dirt":1,"minecraft:slime_block":14,"minecraft:stone_slab":5,"industrialforegoing:range_addon0":1,"minecraft:name_tag":1,"minecraft:budding_amethyst":1,"minecraft:nether_bricks":461,"minecraft:oak_sign":5,"thermal:ice_grenade":2,"minecraft:diamond_sword":1,"mekanismtools:steel_sword":1,"minecraft:potato":45,"minecraft:cobblestone_slab":7,"minecraft:flower_pot":1,"minecraft:sea_pickle":24,"minecraft:powder_snow_bucket":2,"minecraft:spruce_planks":3,"create:zinc_ingot":10,"minecraft:diamond_pickaxe":2,"ftbstoneblock:dust":109,"thermal:phytogro":46,"powah:thermo_generator_hardened":1,"minecraft:wooden_shovel":1,"minecraft:sandstone":58,"minecraft:stone_bricks":9,"thermal:energy_cell_frame":4,"minecraft:bamboo":6,"minecraft:spider_eye":1,"minecraft:barrel":62,"minecraft:warped_button":5,"minecraft:bow":5,"farmersdelight:mushroom_rice":2,"create:brass_casing":3,"minecraft:purple_candle":18,"minecraft:horse_spawn_egg":1,"farmersdelight:apple_cider":2,"ars_nouveau:amplify_arrow":122,"minecraft:magma_block":34,"pipez:wrench":1,"functionalstorage:void_upgrade":2,"botania:cloud_pendant":1,"minecraft:crimson_nylium":20,"minecraft:brown_mushroom":38,"minecraft:candle":46,"minecraft:soul_sand":363,"minecraft:moss_block":13,"tconstruct:sky_slime_dirt":1,"minecraft:diamond_axe":1,"minecraft:baked_potato":2,"functionalstorage:redstone_upgrade":2,"minecraft:ender_pearl":5,"minecraft:nether_star":10,"minecraft:dark_oak_sapling":1,"minecraft:red_nether_brick_slab":1,"ftbstoneblock:warm_silverfish_shard":38,"minecraft:deepslate_tile_wall":3,"minecraft:leather":62,"create:filter":1,"tconstruct:blood_slime_sapling":2,"minecraft:iron_horse_armor":1,"chancecubes:chance_cube":678,"luggage:luggage":45,"minecraft:cod":1,"minecraft:flint":425,"minecraft:cobblestone_stairs":7,"ftbstoneblock:mob_soul":143,"minecraft:deepslate_tile_stairs":5,"minecraft:redstone_lamp":45,"minecraft:netherite_scrap":4,"minecraft:dispenser":8,"botania:manasteel_helmet":2,"minecraft:cornflower":44,"minecraft:mutton":24,"minecraft:crimson_roots":19,"minecraft:cooked_cod":26,"minecraft:snowball":54,"ftbdripper:water_bowl":1,"gravestone:obituary":45,"minecraft:pumpkin_pie":2,"minecraft:gilded_blackstone":5,"minecraft:amethyst_shard":23,"botania:quartz_mana":25,"farmersdelight:cooked_salmon_slice":2,"minecraft:tube_coral":2,"minecraft:glistering_melon_slice":14,"industrialforegoing:straw":2,"shrink:shrinking_device":1,"minecraft:gold_ingot":5797,"minecraft:gravel":1783,"minecraft:crimson_fungus":26,"minecraft:blackstone":150,"ars_nouveau:wilden_spike":10,"minecraft:twisting_vines":15,"chiselsandbits:bit_bag":4,"minecraft:pointed_dripstone":8,"minecraft:beetroot":4,"minecraft:white_candle":1,"minecraft:diamond_shovel":1,"minecraft:beehive":27,"bloodmagic:weakbloodorb":7,"minecraft:stone_stairs":16,"minecraft:honey_bottle":136,"ae2:certus_crystal_seed":1,"minecraft:mycelium":8,"ars_nouveau:water_essence":9,"minecraft:carrot":36,"minecraft:chainmail_chestplate":1,"ae2:sky_dust":2,"minecraft:poppy":1,"minecraft:leather_chestplate":2,"supplementaries:ash":4,"thermal:tin_ingot":5,"minecraft:trident":3,"minecraft:gunpowder":309,"minecraft:skeleton_skull":12,"minecraft:glowstone":9,"minecraft:beetroot_seeds":12,"minecraft:melon_seeds":12,"minecraft:lingering_potion":2,"minecraft:azalea":1,"minecraft:chest":133,"minecraft:chainmail_boots":2,"minecraft:spruce_wood":84,"minecraft:magenta_wool":2,"create:brass_ingot":25,"minecraft:iron_ore":32,"minecraft:arrow":132,"minecraft:iron_bars":54,"entangled:item":1,"minecraft:quartz":37,"minecraft:scaffolding":23,"immersiveengineering:seed":6,"minecraft:written_book":4,"minecraft:splash_potion":1,"minecraft:netherrack":1480,"create:andesite_alloy":11,"minecraft:firework_rocket":66,"minecraft:water_bucket":3,"minecraft:stone_hoe":1,"minecraft:bread":4,"minecraft:golden_helmet":3,"tconstruct:blood_slime_grass_seeds":6,"metalbarrels:diamond_barrel":2,"minecraft:bookshelf":16,"gag:time_sand_pouch":1,"buddingcrystals:crystal_catalyst":30,"minecraft:prismarine_shard":1,"minecraft:golden_axe":4,"minecraft:amethyst_block":4,"ftbstoneblock:1x_compressed_sand":2,"powah:steel_energized":6,"farmersdelight:smoked_ham":6,"minecraft:nether_brick_wall":4,"minecraft:copper_ingot":90,"minecraft:grass_block":8,"minecraft:stick":101,"minecraft:iron_block":47,"bloodmagic:furnacecell_primitive":1,"botania:manasteel_chestplate":2,"botania:livingwood_twig":1,"ftbsbc:stone_hammer":6,"chancecubes:silk_touch_pendant":1,"minecraft:milk_bucket":1,"minecraft:diorite":7,"minecraft:torch":484,"minecraft:nether_wart_block":32,"minecraft:repeater":3,"minecraft:melon_slice":87,"minecraft:zombie_head":3,"minecraft:fire_charge":34,"ftbstoneblock:1x_compressed_gravel":2,"immersiveengineering:shader_bag_epic":9,"minecraft:music_disc_strad":1,"mekanismtools:steel_helmet":1,"minecraft:crimson_fence":5,"minecraft:wither_rose":8,"minecraft:music_disc_ward":2,"minecraft:cyan_candle":2,"createaddition:rolling_mill":1,"minecraft:cactus":15,"minecraft:tripwire_hook":7,"farmersdelight:shepherds_pie":2,"minecraft:bucket":5,"minecraft:redstone_block":14,"ars_nouveau:wilden_wing":34,"minecraft:dandelion":129,"minecraft:redstone":52,"minecraft:polished_deepslate":192,"buddingcrystals:budding_diamond":1,"mekanismtools:diamond_paxel":1,"nethersdelight:hoglin_sirloin":7,"minecraft:anvil":5,"tconstruct:ichor_slime_ball":13,"minecraft:nether_wart":8,"minecraft:blaze_rod":24,"minecraft:raw_copper":1077,"thermal:raw_lead":5,"thermal:slag":16,"supplementaries:bomb":6,"minecraft:raw_iron":1,"minecraft:composter":18,"botania:magnet_ring":3,"minecraft:wither_skeleton_skull":27,"minecraft:iron_hoe":1,"minecraft:pink_candle":9,"minecraft:smoker":1,"thermal:device_water_gen":1,"mekanismtools:lapis_lazuli_paxel":1,"ftbstoneblock:cold_silverfish_shard":147,"minecraft:light_gray_candle":7,"minecraft:flint_and_steel":10,"mob_grinding_utils:wither_muffler":2,"pipez:fluid_pipe":16,"minecraft:shield":1,"supplementaries:flint_block":2,"simplylight:lamp_post":8,"minecraft:iron_chestplate":1,"minecraft:andesite":350,"minecraft:oak_boat":1,"minecraft:magenta_candle":4,"supercircuitmaker:tiny_redstone":4,"minecraft:golden_leggings":8,"tconstruct:earth_slime_sapling":3,"minecraft:oak_sapling":7,"projecte:cyan_alchemical_bag":2,"minecraft:golden_sword":6,"projecte:mobius_fuel":12,"mekanismtools:refined_glowstone_leggings":4,"minecraft:cow_spawn_egg":3,"minecraft:slime_ball":23,"itemcollectors:basic_collector":1,"minecraft:diamond_boots":1,"minecraft:beacon":1,"minecraft:raw_gold":6,"minecraft:music_disc_mellohi":2,"minecraft:magma_cream":17,"minecraft:nautilus_shell":1,"botania:cosmetic_tiny_potato_mask":4,"ftbquests:lootcrate":7,"minecraft:brick":61,"ars_nouveau:ritual_challenge":2},"minecraft:crafted":{"pipez:wrench":1,"minecraft:blaze_powder":32,"stonechest:chest_cobblestone":28,"thermal:device_water_gen":1,"minecraft:iron_bars":48,"minecraft:glass":37,"minecraft:diamond_helmet":1,"minecraft:diamond_leggings":1,"powah:energizing_rod_starter":1,"powah:thermoelectric_plate":7,"powah:capacitor_basic_large":2,"minecraft:emerald":9,"projecte:philosophers_stone":1,"ftbsbc:stone_rod":136,"minecraft:copper_ingot":6,"create:mechanical_mixer":1,"thermal:redstone_servo":1,"minecraft:iron_pickaxe":5,"ftbsbc:stone_hammer":6,"minecraft:gold_ingot":37,"thermal:tin_ingot":9,"powah:capacitor_basic_tiny":18,"powah:dielectric_casing":5,"minecraft:stone_shovel":3,"minecraft:iron_nugget":27,"ftbsbc:stone_crook":8,"minecraft:bone_meal":21,"minecraft:stone_pickaxe":3,"minecraft:diamond_boots":1,"minecraft:redstone_block":20,"powah:dielectric_paste":64,"minecraft:wheat_seeds":377,"minecraft:cobblestone":21,"chancecubes:chance_cube":779,"minecraft:iron_shovel":5,"powah:capacitor_basic":16,"create:shaft":8,"minecraft:oak_planks":372,"mekanismtools:iron_paxel":5,"minecraft:cobblestone_slab":12,"minecraft:cooked_chicken":39,"createaddition:rolling_mill":1,"pipez:fluid_pipe":16,"powah:energy_cable_basic":12,"minecraft:chest":15,"minecraft:crafting_table":6,"create:zinc_nugget":54,"mekanismtools:stone_paxel":3,"minecraft:emerald_block":2,"minecraft:shield":1,"powah:capacitor_hardened":2,"minecraft:stick":224,"minecraft:iron_ingot":143,"minecraft:polished_andesite":4,"stonechest:part_cobblestone":112,"minecraft:redstone":27,"minecraft:furnace":8,"powah:thermo_generator_hardened":1,"minecraft:diamond_block":2,"minecraft:flint_and_steel":2,"projecte:white_alchemical_bag":2,"minecraft:iron_axe":5,"powah:thermo_generator_starter":1,"create:basin":1,"minecraft:netherite_scrap":12,"powah:dielectric_rod_horizontal":48,"powah:energy_cable_starter":72,"create:andesite_alloy":26,"create:hand_crank":1,"luggage:luggage":15,"powah:energizing_orb":1,"minecraft:bucket":4,"minecraft:stone_axe":3,"minecraft:air":0,"powah:dielectric_rod":11,"powah:thermo_generator_basic":1,"ftbstoneblock:1x_compressed_cobblestone":14,"create:whisk":1,"minecraft:white_dye":2,"minecraft:torch":480,"minecraft:lapis_lazuli":1249,"minecraft:lapis_block":918,"minecraft:diamond_chestplate":3},"minecraft:used":{"minecraft:moss_block":12,"farmersdelight:mixed_salad":1,"minecraft:spruce_slab":4,"minecraft:chest":8,"minecraft:soul_sand":2,"ironchest:iron_chest":2,"create:depot":1,"minecraft:snowball":45,"projecte:red_matter_block":12,"ars_nouveau:archwood_chest":6,"minecraft:lava_bucket":102,"simplylight:lamp_post":7,"farmersdelight:bacon_sandwich":2,"farmersdelight:glow_berry_custard":7,"supplementaries:bomb_blue":1,"minecraft:bow":185,"minecraft:guardian_spawn_egg":1,"minecraft:oak_sapling":13,"minecraft:furnace":8,"minecraft:cooked_cod":8,"minecraft:egg":24,"minecraft:potato":2,"minecraft:dragon_head":3,"powah:magmator_starter":1,"farmersdelight:beef_stew":12,"minecraft:end_stone_bricks":37,"minecraft:cow_spawn_egg":3,"minecraft:blackstone":12,"minecraft:fox_spawn_egg":1,"minecraft:golden_apple":47,"minecraft:glow_berries":55,"minecraft:sand":102,"minecraft:blast_furnace":2,"mob_grinding_utils:tank":1,"minecraft:stone_button":1,"mekanismtools:iron_paxel":706,"darkutils:vector_plate":8,"mekanism:steel_casing":4,"gag:time_sand_pouch":102,"justhammers:iron_reinforced_impact_hammer":141,"minecraft:fire_charge":4,"create:basin":2,"powah:ender_cell_spirited":1,"powah:energizing_orb":1,"ftbsbc:stone_hammer":1653,"minecraft:cooked_salmon":25,"minecraft:netherrack":117,"minecraft:bee_spawn_egg":1,"minecraft:torch":403,"minecraft:brewing_stand":1,"minecraft:anvil":1,"minecraft:crimson_hyphae":1,"cobblefordays:tier_4":1,"minecraft:chipped_anvil":4,"minecraft:chicken_spawn_egg":1,"minecraft:totem_of_undying":5,"minecraft:barrel":28,"minecraft:diamond_chestplate":1,"minecraft:glowstone":5,"farmersdelight:cooking_pot":1,"farmersdelight:shepherds_pie":2,"stonechest:chest_cobblestone":28,"minecraft:wheat_seeds":1,"minecraft:water_bucket":14,"mekanismtools:stone_paxel":531,"fluxnetworks:basic_flux_storage":1,"minecraft:horse_spawn_egg":1,"minecraft:oak_slab":4,"minecraft:tnt":211,"minecraft:crafting_table":8,"supplementaries:bomb":9,"laserio:laser_node":2,"tconstruct:rabbit_stew_bucket":1,"botania:apothecary_default":3,"minecraft:cake":1,"justhammers:iron_hammer":135,"minecraft:oak_log":2,"minecraft:diamond_shovel":64,"rftoolsutility:crafter1":1,"minecraft:cobblestone":922,"minecraft:potion":4,"minecraft:cooked_porkchop":4,"minecraft:diamond_leggings":1,"minecraft:moss_carpet":21,"minecraft:oak_sign":1,"farmersdelight:stove":2,"minecraft:shield":4,"minecraft:sculk_sensor":4,"minecraft:mooshroom_spawn_egg":1,"minecraft:nether_bricks":35,"mekanismtools:diamond_paxel":6328,"minecraft:honey_bottle":6,"minecraft:big_dripleaf":26,"minecraft:glass":1,"minecraft:bricks":23,"chancecubes:chance_cube":321,"minecraft:lantern":1,"minecraft:redstone_lamp":5,"minecraft:magma_block":1,"minecraft:scaffolding":2,"minecraft:written_book":1,"minecraft:golden_boots":1,"minecraft:zombie_horse_spawn_egg":2,"create:crushing_wheel":1,"minecraft:wither_skeleton_skull":2,"minecraft:elder_guardian_spawn_egg":1,"minecraft:ender_pearl":1,"minecraft:oak_planks":6,"minecraft:chainmail_helmet":1,"minecraft:diamond_axe":782,"metalbarrels:netherite_barrel":106,"createaddition:rolling_mill":1,"minecraft:crossbow":1,"minecraft:mule_spawn_egg":1,"minecraft:lingering_potion":1,"minecraft:lever":2,"cobblefordays:tier_3":1,"minecraft:firework_rocket":151,"minecraft:bread":37,"experienceobelisk:experience_obelisk":2,"minecraft:iron_door":2,"minecraft:gravel":131,"minecraft:oak_fence":3,"minecraft:grindstone":1,"minecraft:chainmail_boots":1,"minecraft:andesite":59,"ftbdripper:dripper":2,"create:large_cogwheel":6,"ftbstoneblock:dust":24,"minecraft:bone_meal":39,"ironchest:crystal_chest":1,"minecraft:experience_bottle":9,"minecraft:azalea":1,"ftbsbc:stone_crook":275,"minecraft:trident":147,"mob_grinding_utils:jumbo_tank":1,"minecraft:flint_and_steel":50,"minecraft:spruce_planks":2,"minecraft:cooked_chicken":24,"minecraft:oak_door":1,"minecraft:dirt":253,"mcwfurnitures:acacia_drawer":1,"create:mechanical_mixer":1,"minecraft:hopper":2,"minecraft:spruce_stairs":3,"minecraft:cobblestone_wall":1,"minecraft:diamond_helmet":1,"minecraft:golden_chestplate":1,"farmersdelight:mushroom_rice":1,"cobblefordays:tier_5":1,"entangled:block":1,"ars_nouveau:source_berry_pie":7,"minecraft:soul_soil":5,"minecraft:golden_carrot":43,"minecraft:wolf_spawn_egg":1,"ftbstoneblock:1x_compressed_cobblestone":4,"minecraft:enchanted_golden_apple":3,"minecraft:light_gray_bed":1,"minecraft:iron_leggings":1,"farmersdelight:skillet":1,"minecraft:baked_potato":1,"minecraft:polished_andesite":2,"minecraft:red_nether_bricks":62,"botania:manasteel_leggings":1,"minecraft:llama_spawn_egg":104,"minecraft:cobblestone_slab":18,"thermal:fluid_cell_frame":2,"botania:manasteel_boots":2,"minecraft:smoker":1,"minecraft:apple":41,"torchbowmod:torchbow":125,"minecraft:bucket":111,"create:hand_crank":1,"minecraft:chainmail_leggings":1},"minecraft:picked_up":{"minecraft:wooden_axe":2,"minecraft:blue_candle":18,"minecraft:iron_chestplate":2,"minecraft:chainmail_boots":2,"minecraft:anvil":6,"minecraft:flower_pot":4,"minecraft:prismarine_shard":2,"minecraft:stone_slab":3,"minecraft:diamond_sword":2,"minecraft:oak_stairs":3,"minecraft:wither_rose":8,"minecraft:enchanted_book":15,"minecraft:golden_shovel":4,"projecte:magenta_alchemical_bag":1,"minecraft:polished_deepslate":192,"minecraft:golden_sword":9,"thermal:energy_cell_frame":4,"minecraft:amethyst_block":11,"minecraft:music_disc_cat":1,"minecraft:string":503,"minecraft:dark_oak_trapdoor":1,"minecraft:soul_soil":367,"minecraft:cooked_salmon":38,"minecraft:red_nether_bricks":136,"minecraft:beetroot":5,"botania:manasteel_chestplate":2,"minecraft:diamond_leggings":1,"minecraft:gold_nugget":196,"minecraft:cobbled_deepslate":4,"minecraft:crimson_fence":5,"minecraft:spruce_planks":12,"minecraft:written_book":8,"thermal:rf_potato":4,"minecraft:melon_slice":106,"minecraft:enchanted_golden_apple":4,"minecraft:coal_block":28,"supplementaries:bomb_spiky":4,"minecraft:golden_helmet":4,"minecraft:beehive":38,"immersiveengineering:shader_bag_epic":13,"ftbstoneblock:mob_soul":240,"minecraft:composter":22,"ftbstoneblock:warm_silverfish_shard":66,"minecraft:big_dripleaf":34,"create:andesite_casing":2,"projecte:dark_matter":5,"minecraft:golden_axe":6,"minecraft:warped_button":4,"minecraft:deepslate_tile_stairs":35,"minecraft:golden_chestplate":11,"minecraft:rabbit_foot":2,"chipped:clay_46":1,"botania:manasteel_ingot":4,"minecraft:stone_sword":5,"minecraft:lime_carpet":250,"minecraft:honey_bottle":158,"minecraft:light_gray_bed":1,"minecraft:cow_spawn_egg":4,"projecte:alchemical_coal":2,"minecraft:iron_block":88,"rftoolsutility:crafter1":2,"farmersdelight:rope":24,"minecraft:glowstone":36,"minecraft:bookshelf":24,"minecraft:wolf_spawn_egg":1,"thermal:slag":16,"supplementaries:ash":4,"minecraft:blaze_rod":66,"farmersdelight:melon_juice":3,"minecraft:iron_bars":64,"minecraft:snowball":107,"ars_nouveau:manipulation_essence":2,"ftbstoneblock:1x_compressed_cobblestone":2,"minecraft:cooked_beef":8,"minecraft:magma_block":35,"minecraft:iron_door":2,"mekanismtools:steel_helmet":2,"minecraft:feather":17,"minecraft:water_bucket":7,"botania:manasteel_boots":2,"minecraft:brown_wool":16,"ars_nouveau:source_berry":7,"minecraft:powder_snow_bucket":6,"minecraft:smoker":2,"minecraft:flint":555,"farmersdelight:cooked_bacon":8,"ftbstoneblock:2x_compressed_gravel":2,"ae2:charged_certus_quartz_crystal":14,"luggage:luggage":44,"mcwfurnitures:acacia_drawer":1,"minecraft:lantern":1,"minecraft:brown_candle":18,"minecraft:twisting_vines":15,"minecraft:chipped_anvil":4,"pipez:fluid_pipe":16,"tconstruct:blood_slime_sapling":6,"minecraft:llama_spawn_egg":1,"minecraft:rabbit":10,"minecraft:gray_candle":27,"minecraft:diamond_helmet":2,"minecraft:glowstone_dust":416,"minecraft:moss_block":100,"minecraft:magenta_candle":4,"bloodmagic:furnacecell_primitive":1,"minecraft:warped_wart_block":1,"ae2:certus_quartz_crystal":135,"minecraft:ink_sac":34,"minecraft:fermented_spider_eye":1,"minecraft:trapped_chest":7,"minecraft:barrel":229,"ftbsbc:stone_hammer":12,"minecraft:iron_hoe":2,"createaddition:brass_rod":4,"minecraft:polished_andesite":213,"minecraft:white_candle":1,"minecraft:dispenser":40,"farmersdelight:glow_berry_custard":13,"botanypots:light_blue_concrete_botany_pot":1,"minecraft:lever":2,"minecraft:granite":1,"chiselsandbits:bit_bag":1,"minecraft:bread":12,"minecraft:horse_spawn_egg":1,"tconstruct:blood_slime_grass_seeds":10,"minecraft:golden_horse_armor":5,"minecraft:chainmail_helmet":1,"minecraft:jack_o_lantern":2,"minecraft:dark_oak_fence":3,"minecraft:bricks":198,"minecraft:diamond_pickaxe":1,"minecraft:crimson_roots":58,"minecraft:crafting_table":1,"minecraft:purple_wool":2,"minecraft:nether_wart":10,"minecraft:clay_ball":575,"minecraft:leather_leggings":2,"minecraft:golden_pickaxe":2,"minecraft:redstone_lamp":95,"minecraft:dragon_head":2,"gravestone:obituary":42,"minecraft:cornflower":52,"minecraft:pink_candle":13,"minecraft:flint_and_steel":14,"minecraft:netherite_scrap":5,"minecraft:iron_shovel":2,"supplementaries:bomb":10,"minecraft:respawn_anchor":3,"minecraft:music_disc_otherside":1,"minecraft:beef":2,"minecraft:poppy":1,"minecraft:jungle_sapling":4,"minecraft:iron_nugget":350,"minecraft:spruce_slab":4,"minecraft:birch_sapling":4,"minecraft:chest":281,"minecraft:piston":8,"minecraft:diamond_hoe":1,"minecraft:egg":57,"ars_nouveau:fire_essence":1,"ars_nouveau:ritual_challenge":3,"minecraft:sandstone":73,"minecraft:oak_door":8,"minecraft:music_disc_mellohi":3,"ironchest:iron_chest":2,"minecraft:fire_charge":53,"farmersdelight:tomato_seeds":6,"minecraft:cake":4,"minecraft:carrot":83,"minecraft:redstone":302,"create:brass_casing":3,"minecraft:red_nether_brick_wall":4,"minecraft:prismarine_crystals":1,"industrialforegoing:range_addon7":2,"minecraft:tnt":5,"tconstruct:sky_slime_ball":63,"minecraft:stone_shovel":1,"minecraft:diamond_chestplate":1,"minecraft:cooked_cod":28,"minecraft:beetroot_seeds":17,"botania:apothecary_default":2,"minecraft:diamond_boots":1,"farmersdelight:hamburger":3,"create:depot":1,"farmersdelight:beef_stew":7,"minecraft:gold_ingot":1240,"minecraft:totem_of_undying":6,"minecraft:glow_berries":687,"tconstruct:earth_slime_sapling":7,"minecraft:mutton":32,"projecte:cyan_alchemical_bag":1,"minecraft:white_wool":12,"minecraft:oxeye_daisy":1,"minecraft:clock":4,"minecraft:tripwire_hook":7,"minecraft:fox_spawn_egg":1,"minecraft:red_mushroom":50,"ae2:fluix_crystal":28,"ars_nouveau:wilden_wing":44,"mob_grinding_utils:tank":1,"minecraft:oak_log":84,"farmersdelight:shepherds_pie":4,"chiselsandbits:magnifying_glass":1,"minecraft:ancient_debris":13,"minecraft:golden_boots":9,"farmersdelight:skillet":1,"minecraft:paper":7,"minecraft:white_banner":2,"thermal:ice_grenade":1,"bloodmagic:weakbloodorb":7,"create:crushing_wheel":1,"minecraft:apple":54,"minecraft:stone_bricks":9,"ars_nouveau:water_essence":11,"minecraft:music_disc_far":1,"minecraft:cobweb":46,"minecraft:glass_bottle":20,"minecraft:iron_sword":3,"stonechest:chest_cobblestone":6,"minecraft:polished_andesite_stairs":1,"minecraft:milk_bucket":4,"botania:manasteel_helmet":3,"projecte:mobius_fuel":15,"minecraft:gravel":1850,"powah:uraninite_raw":16,"projecte:white_alchemical_bag":5,"minecraft:spruce_sapling":4,"minecraft:orange_candle":3,"minecraft:crying_obsidian":124,"minecraft:leather_helmet":3,"minecraft:firework_rocket":161,"minecraft:diamond_shovel":3,"experienceobelisk:experience_obelisk":1,"minecraft:slime_ball":42,"ftbsbc:stone_crook":5,"immersiveengineering:seed":11,"minecraft:stone_axe":1,"minecraft:scute":2,"minecraft:diamond_axe":2,"create:rose_quartz":9,"minecraft:warped_roots":6,"minecraft:lodestone":9,"minecraft:red_nether_brick_slab":1,"minecraft:baked_potato":5,"minecraft:brown_banner":1,"farmersdelight:cooked_salmon_slice":10,"minecraft:melon_seeds":12,"simplybackpacks:ultimatebackpack":1,"minecraft:crimson_nylium":25,"minecraft:hopper":9,"minecraft:ender_pearl":17,"minecraft:shulker_shell":1,"minecraft:music_disc_strad":2,"minecraft:wheat":150,"minecraft:nether_brick_fence":18,"cobblefordays:tier_5":1,"cobblefordays:tier_3":2,"minecraft:potion":2,"minecraft:nether_brick":6,"minecraft:gilded_blackstone":44,"minecraft:raw_copper":1548,"minecraft:armor_stand":1,"minecraft:iron_leggings":3,"minecraft:red_candle":18,"minecraft:sticky_piston":2,"minecraft:netherite_ingot":1,"minecraft:experience_bottle":2,"minecraft:zombie_head":3,"minecraft:oak_sign":6,"minecraft:sea_pickle":31,"cobblefordays:tier_1":1,"buddingcrystals:crystal_catalyst":38,"minecraft:bucket":4,"minecraft:light_weighted_pressure_plate":2,"ftbdripper:water_bowl":1,"create:potato_cannon":3,"minecraft:cobblestone_slab":16,"botania:lexicon":1,"minecraft:azalea":5,"minecraft:wooden_shovel":1,"nethersdelight:hoglin_sirloin":8,"minecraft:iron_pickaxe":1,"minecraft:deepslate_tile_wall":6,"soulshards:soul_shard":1,"minecraft:iron_boots":2,"minecraft:furnace":1,"minecraft:tipped_arrow":381,"powah:magmator_starter":1,"minecraft:stick":192,"buddingcrystals:budding_emerald":1,"ironchest:crystal_chest":1,"minecraft:oak_fence":13,"minecraft:torch":484,"thermal:raw_lead":57,"minecraft:spruce_stairs":3,"minecraft:porkchop":30,"minecraft:snow_block":10,"ars_nouveau:archwood_chest":2,"minecraft:dried_kelp":458,"minecraft:music_disc_pigstep":2,"minecraft:pointed_dripstone":10,"minecraft:diorite":5,"minecraft:vine":8,"supplementaries:flax":5,"create:large_cogwheel":2,"minecraft:quartz_block":14,"minecraft:cactus":15,"minecraft:rotten_flesh":569,"minecraft:music_disc_ward":2,"tconstruct:enderman_head":1,"minecraft:guardian_spawn_egg":2,"ars_nouveau:whirlisprig_shards":2,"minecraft:music_disc_wait":1,"minecraft:obsidian":169,"minecraft:cod":6,"minecraft:blaze_powder":24,"minecraft:cobblestone":7573,"minecraft:nautilus_shell":1,"minecraft:crimson_hyphae":7,"mekanismtools:refined_glowstone_leggings":4,"farmersdelight:mixed_salad":11,"ftbstoneblock:2x_compressed_stone":2,"ftbstoneblock:dust":116,"minecraft:leather_chestplate":3,"minecraft:magma_cream":17,"minecraft:repeater":20,"farmersdelight:smoked_ham":6,"minecraft:beacon":5,"jags:jags":17,"minecraft:andesite":515,"thermal:phytogro":89,"minecraft:golden_leggings":8,"botania:cloud_pendant":1,"industrialforegoing:mob_imprisonment_tool":1,"minecraft:potato":113,"chickens:chicken_item":327,"ftbstoneblock:3x_compressed_gravel":2,"minecraft:tuff":22,"create:raw_zinc":93,"ars_nouveau:earth_essence":2,"minecraft:wither_skeleton_skull":32,"minecraft:lapis_lazuli":6250,"powah:energy_cable_basic":2,"minecraft:dirt":1359,"gag:time_sand_pouch":1,"constructionwand:iron_wand":3,"mekanismtools:iron_paxel":1,"powah:dielectric_paste":102,"minecraft:name_tag":1,"minecraft:leather_boots":3,"minecraft:glass":2,"minecraft:bone":239,"ftbdripper:dripper":2,"botania:cyan_mystical_flower":2,"powah:steel_energized":11,"minecraft:bow":14,"minecraft:cobbled_deepslate_wall":1,"minecraft:wheat_seeds":187,"minecraft:green_candle":27,"minecraft:raw_gold":6,"minecraft:grindstone":1,"minecraft:bamboo":21,"minecraft:cyan_candle":22,"projecte:purple_alchemical_bag":1,"simplylight:lamp_post":5,"minecraft:prismarine":8,"minecraft:stone_hoe":2,"minecraft:oak_planks":32,"minecraft:ghast_tear":13,"thermal:raw_tin":42,"tconstruct:necrotic_bone":19,"minecraft:cooked_porkchop":16,"thermal:bronze_ingot":1,"create:cogwheel":1,"minecraft:poisonous_potato":1,"metalbarrels:netherite_barrel":36,"justhammers:iron_hammer":1,"minecraft:sand":1081,"immersiveengineering:raw_aluminum":57,"minecraft:diamond_block":8,"minecraft:grass_block":8,"minecraft:dead_bush":1504,"minecraft:fishing_rod":1,"minecraft:end_stone_bricks":3088,"nethersdelight:hoglin_loin":2,"minecraft:slime_block":14,"minecraft:sugar":8,"minecraft:clay":8,"minecraft:diamond":3953,"create:filter":1,"mekanismtools:steel_sword":1,"minecraft:polished_blackstone_pressure_plate":6,"darkutils:vector_plate":16,"minecraft:polished_blackstone_button":12,"chancecubes:chance_cube":208,"minecraft:crossbow":8,"supercircuitmaker:tiny_redstone":12,"ae2:certus_crystal_seed":80,"minecraft:bone_meal":4,"minecraft:golden_apple":17,"minecraft:emerald":28,"minecraft:oak_sapling":114,"minecraft:netherrack":2056,"minecraft:nether_star":2,"minecraft:lingering_potion":2,"minecraft:charcoal":166,"minecraft:azure_bluet":11,"minecraft:splash_potion":3,"minecraft:chicken":21,"minecraft:ladder":2,"minecraft:brown_mushroom":49,"botania:manasteel_leggings":6,"torchbowmod:torchbow":3,"minecraft:gold_block":35,"minecraft:diamond_horse_armor":2,"mob_grinding_utils:wither_muffler":2,"createaddition:rolling_mill":1,"minecraft:chain":48,"minecraft:brick":108,"botania:cosmetic_questgiver_mark":4,"ars_nouveau:amplify_arrow":122,"ftbquests:lootcrate":64,"projecte:light_gray_alchemical_bag":2,"minecraft:moss_carpet":37,"minecraft:stone_stairs":16,"minecraft:magenta_wool":6,"minecraft:mycelium":8,"ars_nouveau:source_berry_pie":8,"minecraft:blackstone":521,"minecraft:candle":133,"ars_nouveau:starbuncle_shards":1,"minecraft:oak_boat":1,"tconstruct:earth_slime_sling":3,"create:basin":1,"minecraft:sugar_cane":1,"minecraft:phantom_membrane":32,"botania:magnet_ring":4,"minecraft:dark_oak_sapling":5,"minecraft:raw_iron":42,"minecraft:mooshroom_spawn_egg":1,"minecraft:copper_ingot":125,"minecraft:bowl":20,"create:hand_crank":1,"minecraft:stone_button":8,"minecraft:cookie":100,"minecraft:music_disc_11":1,"minecraft:trident":7,"tconstruct:ichor_slime_ball":18,"minecraft:dark_oak_planks":106,"metalbarrels:diamond_barrel":3,"minecraft:tube_coral":1,"minecraft:iron_horse_armor":2,"create:zinc_ingot":13,"powah:crystal_blazing":4,"minecraft:lime_candle":19,"minecraft:purple_candle":20,"minecraft:arrow":222,"minecraft:weeping_vines":48,"botania:lava_pendant":2,"minecraft:golden_hoe":6,"minecraft:pumpkin_pie":6,"minecraft:nether_bricks":563,"ars_nouveau:ring_of_lesser_discount":4,"industrialforegoing:straw":3,"immersiveengineering:shader":3,"buildinggadgets:gadget_building":2,"farmersdelight:mushroom_rice":3,"farmersdelight:bacon_sandwich":1,"ftbstoneblock:cold_silverfish_shard":140,"minecraft:saddle":20,"minecraft:glistering_melon_slice":30,"minecraft:nether_brick_wall":4,"minecraft:skeleton_skull":13,"minecraft:elder_guardian_spawn_egg":1,"ftbstoneblock:stonepebble":95,"supplementaries:flint_block":2,"minecraft:golden_carrot":34,"minecraft:glow_ink_sac":121,"laserio:laser_node":2,"minecraft:leather":159,"buddingcrystals:budding_diamond":1,"minecraft:music_disc_stal":4,"minecraft:yellow_bed":1,"minecraft:chainmail_chestplate":1,"botania:cosmetic_tiny_potato_mask":5,"minecraft:crimson_fungus":61,"create:andesite_alloy":41,"minecraft:nether_wart_block":38,"powah:energy_cable_starter":24,"minecraft:cobblestone_wall":3,"minecraft:gunpowder":290,"minecraft:cobblestone_stairs":9,"minecraft:wooden_hoe":2,"minecraft:deepslate_tile_slab":18,"minecraft:zombie_horse_spawn_egg":2,"ae2:sky_dust":5,"farmersdelight:apple_cider":3,"minecraft:spruce_wood":84,"farmersdelight:fruit_salad":3,"minecraft:iron_ingot":2153,"minecraft:cooked_chicken":252,"minecraft:polished_andesite_slab":44,"minecraft:soul_sand":487,"tconstruct:bacon":4,"minecraft:acacia_sapling":4,"minecraft:music_disc_chirp":2,"minecraft:book":621,"minecraft:scaffolding":37,"minecraft:oak_slab":4,"minecraft:warped_fungus":1,"minecraft:black_candle":10,"minecraft:budding_amethyst":5,"minecraft:quartz":95,"botania:quartz_mana":48,"minecraft:dandelion":131,"minecraft:lava_bucket":1,"minecraft:amethyst_shard":23,"mekanismtools:diamond_paxel":2,"minecraft:blast_furnace":1,"mekanism:raw_osmium":68,"minecraft:spider_eye":11,"ars_nouveau:wilden_spike":22,"minecraft:sculk_sensor":2,"minecraft:music_disc_mall":3,"minecraft:pumpkin_seeds":5,"minecraft:dried_kelp_block":13,"minecraft:light_gray_candle":15,"create:brass_ingot":23,"minecraft:chainmail_leggings":4,"minecraft:iron_helmet":1,"farmersdelight:stove":1,"minecraft:coal":105},"minecraft:custom":{"minecraft:interact_with_crafting_table":121,"minecraft:open_barrel":376,"minecraft:eat_cake_slice":4,"minecraft:leave_game":8,"minecraft:time_since_death":129745,"champions:champion_mobs_killed":571,"minecraft:damage_blocked_by_shield":140,"minecraft:play_time":958245,"minecraft:deaths":20,"minecraft:jump":9474,"minecraft:enchant_item":36,"minecraft:interact_with_furnace":107,"minecraft:sleep_in_bed":3,"minecraft:damage_dealt":103796,"minecraft:horse_one_cm":43519,"minecraft:interact_with_anvil":8,"minecraft:inspect_hopper":6,"minecraft:opened_chance_cube":47,"minecraft:sneak_time":57249,"minecraft:interact_with_blast_furnace":17,"minecraft:total_world_time":958245,"minecraft:time_since_rest":129769,"minecraft:swim_one_cm":3321,"minecraft:fly_one_cm":1536902,"minecraft:open_chest":1380,"minecraft:fall_one_cm":98345,"minecraft:animals_bred":5,"minecraft:damage_resisted":632,"minecraft:sprint_one_cm":1166159,"minecraft:drop":2346,"minecraft:walk_on_water_one_cm":30244,"minecraft:player_kills":24,"minecraft:crouch_one_cm":120218,"minecraft:mob_kills":680,"minecraft:damage_dealt_resisted":90,"minecraft:climb_one_cm":32636,"minecraft:walk_one_cm":2036992,"minecraft:walk_under_water_one_cm":11802,"minecraft:opened_giant_chance_cube":7,"minecraft:interact_with_grindstone":27,"minecraft:damage_taken":23194,"minecraft:damage_absorbed":4147,"minecraft:trigger_trapped_chest":3}},"DataVersion":2975}