{"stats":{"minecraft:picked_up":{"minecraft:arrow":2,"ftbstoneblock:stonepebble":16,"minecraft:oak_log":1,"minecraft:glow_berries":20,"minecraft:moss_carpet":2},"minecraft:custom":{"minecraft:open_chest":13,"minecraft:time_since_rest":12496,"minecraft:crouch_one_cm":389,"minecraft:play_time":12496,"minecraft:interact_with_furnace":1,"minecraft:sprint_one_cm":35291,"minecraft:damage_taken":330,"minecraft:walk_one_cm":16310,"minecraft:sneak_time":201,"minecraft:jump":134,"minecraft:damage_dealt":151,"minecraft:time_since_death":12496,"minecraft:total_world_time":12496,"minecraft:climb_one_cm":0,"minecraft:interact_with_crafting_table":2,"minecraft:fall_one_cm":3222,"minecraft:fly_one_cm":20109},"minecraft:mined":{"minecraft:stone":7,"minecraft:cave_vines_plant":1},"minecraft:broken":{"justhammers:iron_impact_hammer":1},"minecraft:crafted":{"minecraft:oak_planks":32,"minecraft:cobblestone":4,"minecraft:stone_axe":1,"minecraft:stone_pickaxe":1},"minecraft:used":{"minecraft:glow_berries":16,"justhammers:iron_impact_hammer":1,"minecraft:carrot":4}},"DataVersion":2975}