{"stats":{"minecraft:picked_up":{"ftbstoneblock:dust":107,"ftbstoneblock:stonepebble":10,"minecraft:andesite":138,"jags:jags":1,"ars_nouveau:source_berry":2,"ars_nouveau:blue_archwood_sapling":2,"minecraft:oak_log":132,"ftbquests:lootcrate":1,"minecraft:dirt":10,"minecraft:iron_leggings":1,"ars_nouveau:green_archwood_sapling":1,"minecraft:apple":37,"minecraft:wheat_seeds":2,"minecraft:jungle_sapling":3,"functionalstorage:linking_tool":1,"minecraft:birch_sapling":2,"minecraft:acacia_sapling":5,"stonechest:chest_cobblestone":1,"minecraft:dark_oak_sapling":2,"minecraft:stick":9,"minecraft:big_dripleaf":9,"mekanismtools:stone_paxel":1,"minecraft:gravel":51,"ars_nouveau:purple_archwood_sapling":2,"minecraft:sand":15,"stonechest:part_cobblestone":3,"minecraft:spruce_sapling":2,"minecraft:vine":9,"ftbsbc:stone_hammer":1,"minecraft:pumpkin_seeds":3,"minecraft:clay":4,"immersiveengineering:seed":1,"minecraft:oak_sapling":102,"minecraft:glow_berries":161,"minecraft:melon_seeds":1,"minecraft:cobblestone":1509},"minecraft:custom":{"minecraft:interact_with_furnace":2,"minecraft:mob_kills":1,"minecraft:interact_with_crafting_table":27,"minecraft:open_barrel":3,"minecraft:bell_ring":4,"minecraft:time_since_death":39351,"minecraft:climb_one_cm":8677,"minecraft:time_since_rest":39351,"champions:champion_mobs_killed":1,"minecraft:sprint_one_cm":59011,"minecraft:walk_one_cm":74942,"minecraft:damage_taken":455,"minecraft:damage_absorbed":230,"minecraft:drop":15,"minecraft:damage_dealt":464,"minecraft:fly_one_cm":92426,"minecraft:open_chest":42,"minecraft:crouch_one_cm":3368,"minecraft:play_time":39351,"minecraft:sneak_time":3103,"minecraft:jump":609,"minecraft:total_world_time":39351,"minecraft:fall_one_cm":15586},"minecraft:mined":{"minecraft:oak_sapling":1,"minecraft:cave_vines_plant":5,"minecraft:tall_grass":9,"minecraft:cobblestone":51,"minecraft:big_dripleaf":2,"ftbstoneblock:dust":24,"minecraft:andesite":139,"minecraft:big_dripleaf_stem":2,"minecraft:oak_log":69,"minecraft:cave_vines":6,"minecraft:gravel":43,"minecraft:sand":15,"minecraft:dirt":39,"minecraft:stone":83,"minecraft:small_dripleaf":1,"stonechest:chest_cobblestone":1,"minecraft:oak_leaves":245},"minecraft:broken":{"ftbsbc:stone_crook":1,"mekanismtools:stone_paxel":1,"ftbsbc:stone_hammer":1},"minecraft:killed":{"minecraft:zombie":1},"minecraft:dropped":{"minecraft:gravel":33,"minecraft:cobblestone":192,"ftbsbc:stone_crook":5,"minecraft:chainmail_helmet":1,"ftbsbc:stone_hammer":2,"minecraft:chainmail_boots":1,"minecraft:chainmail_leggings":1,"stonechest:part_cobblestone":3},"minecraft:crafted":{"minecraft:coarse_dirt":4,"stonechest:part_cobblestone":35,"minecraft:oak_planks":24,"minecraft:stone_shovel":1,"create:hand_crank":1,"minecraft:crafting_table":1,"minecraft:gravel":27,"ftbsbc:stone_rod":54,"minecraft:furnace":1,"ftbsbc:stone_crook":6,"stonechest:chest_cobblestone":8,"minecraft:stone_axe":2,"mekanismtools:stone_paxel":1,"minecraft:cobblestone":2,"minecraft:stick":12,"create:millstone":1,"ftbsbc:stone_hammer":7,"minecraft:stone_pickaxe":1,"minecraft:oak_button":17,"minecraft:stone_hoe":1,"create:cogwheel":2,"minecraft:polished_andesite":8},"minecraft:used":{"ftbsbc:stone_crook":259,"stonechest:chest_cobblestone":9,"ftbsbc:stone_hammer":185,"mekanismtools:stone_paxel":171,"minecraft:stone":2,"minecraft:stone_hoe":5,"minecraft:glow_berries":20,"justhammers:iron_impact_hammer":129,"minecraft:sand":15,"minecraft:dirt":1,"minecraft:crafting_table":1,"create:cogwheel":2,"minecraft:apple":10,"create:millstone":1,"minecraft:gravel":43,"minecraft:stone_axe":68,"minecraft:cobblestone":112,"minecraft:oak_sapling":20,"minecraft:furnace":1,"create:hand_crank":1,"minecraft:coarse_dirt":4,"minecraft:iron_leggings":1,"minecraft:chainmail_leggings":1}},"DataVersion":2975}