{"stats":{"minecraft:killed_by":{"minecraft:creeper":1},"minecraft:picked_up":{"ftbstoneblock:dust":92,"minecraft:stick":10,"minecraft:chainmail_boots":1,"ftbstoneblock:stonepebble":93,"jags:jags":1,"minecraft:big_dripleaf":4,"minecraft:gravel":151,"minecraft:sand":92,"ars_nouveau:wilden_wing":2,"minecraft:oak_log":57,"minecraft:vine":8,"ftbquests:lootcrate":1,"minecraft:string":2,"minecraft:dirt":174,"minecraft:moss_carpet":1,"ftbsbc:stone_hammer":1,"ftbsbc:stone_crook":5,"minecraft:rotten_flesh":2,"minecraft:apple":41,"immersiveengineering:seed":2,"minecraft:wheat_seeds":7,"minecraft:chainmail_leggings":1,"minecraft:chainmail_helmet":1,"minecraft:oak_sapling":103,"minecraft:glow_berries":68,"minecraft:cobblestone":475},"minecraft:custom":{"minecraft:time_since_rest":12176,"champions:champion_mobs_killed":2,"minecraft:interact_with_furnace":1,"minecraft:walk_one_cm":93247,"minecraft:sprint_one_cm":77451,"minecraft:damage_taken":557,"minecraft:damage_absorbed":2276,"minecraft:mob_kills":3,"minecraft:drop":6,"minecraft:damage_dealt":431,"minecraft:interact_with_crafting_table":12,"minecraft:fly_one_cm":45291,"minecraft:open_chest":8,"minecraft:crouch_one_cm":4325,"minecraft:deaths":1,"minecraft:play_time":36919,"minecraft:sneak_time":1318,"minecraft:jump":404,"minecraft:leave_game":1,"minecraft:time_since_death":12145,"minecraft:climb_one_cm":11637,"minecraft:total_world_time":36919,"minecraft:fall_one_cm":6657},"minecraft:mined":{"minecraft:moss_carpet":3,"gravestone:gravestone":1,"minecraft:grass":11,"minecraft:oak_log":121,"minecraft:cave_vines":2,"minecraft:gravel":130,"minecraft:sand":92,"minecraft:dirt":93,"minecraft:tall_grass":23,"minecraft:cobblestone":152,"minecraft:stone":48,"minecraft:oak_leaves":279,"minecraft:big_dripleaf":1},"minecraft:broken":{"ftbsbc:stone_crook":2,"ftbsbc:stone_hammer":3},"minecraft:dropped":{"minecraft:clay":4,"ftbstoneblock:dust":68,"minecraft:cobblestone":17,"functionalstorage:linking_tool":1,"mekanismtools:stone_paxel":1},"minecraft:killed":{"minecraft:skeleton":2,"minecraft:bee":1},"minecraft:crafted":{"minecraft:oak_planks":16,"minecraft:stone_shovel":2,"minecraft:cobblestone":21,"minecraft:stick":8,"ftbsbc:stone_hammer":6,"minecraft:stone_pickaxe":2,"ftbsbc:stone_rod":134,"ftbsbc:stone_crook":8,"minecraft:stone_axe":2,"mekanismtools:stone_paxel":2},"minecraft:used":{"ftbsbc:stone_crook":275,"minecraft:apple":6,"ftbsbc:stone_hammer":496,"mekanismtools:stone_paxel":123,"minecraft:chainmail_helmet":1,"minecraft:gravel":130,"minecraft:sand":92,"minecraft:glow_berries":22,"minecraft:cobblestone":158,"minecraft:dirt":136,"minecraft:chainmail_boots":1,"minecraft:oak_sapling":13,"ftbstoneblock:dust":24,"minecraft:chainmail_leggings":1}},"DataVersion":2975}