{"stats":{"minecraft:broken":{"justhammers:iron_impact_hammer":1,"minecraft:shield":1,"minecraft:golden_sword":1,"botania:manasteel_leggings":1},"minecraft:killed":{"minecraft:vex":3,"minecraft:cave_spider":2,"minecraft:zoglin":1,"minecraft:phantom":1,"minecraft:skeleton":4,"minecraft:piglin_brute":1,"minecraft:magma_cube":16,"minecraft:piglin":15,"minecraft:husk":1,"minecraft:hoglin":7,"minecraft:zombie":1,"minecraft:wither_skeleton":7,"minecraft:blaze":1},"minecraft:crafted":{"mekanismtools:diamond_paxel":2,"minecraft:oak_planks":32,"mekanismtools:iron_paxel":2,"minecraft:diamond_shovel":2,"minecraft:iron_axe":1,"minecraft:iron_hoe":1,"minecraft:stone_pickaxe":1,"minecraft:diamond_axe":3,"minecraft:spruce_planks":88,"minecraft:bucket":3,"minecraft:stone_axe":1,"minecraft:bread":21,"minecraft:cobblestone":4,"minecraft:diamond_pickaxe":2,"minecraft:shield":1,"minecraft:stick":28,"minecraft:iron_pickaxe":1,"minecraft:iron_shovel":1},"minecraft:picked_up":{"nethersdelight:hoglin_loin":2,"minecraft:ladder":1,"botania:manasteel_leggings":1,"minecraft:gold_block":2,"gravestone:obituary":6,"minecraft:golden_sword":1,"minecraft:shield":1,"botania:cosmetic_questgiver_mark":1,"ftbquests:lootcrate":2,"minecraft:string":11,"minecraft:moss_carpet":2,"minecraft:flint_and_steel":1,"minecraft:red_nether_bricks":15,"minecraft:netherite_scrap":3,"botania:manasteel_chestplate":1,"minecraft:gold_nugget":6,"minecraft:spruce_planks":8,"minecraft:redstone_torch":1,"minecraft:iron_nugget":16,"minecraft:chest":59,"minecraft:birch_sapling":2,"botania:magnet_ring":1,"minecraft:tipped_arrow":1,"minecraft:raw_iron":3,"ftbstoneblock:mob_soul":8,"minecraft:torch":1,"thermal:raw_lead":13,"minecraft:trident":1,"minecraft:golden_chestplate":1,"minecraft:arrow":3,"minecraft:weeping_vines":2,"minecraft:iron_block":1,"minecraft:glistering_melon_slice":8,"minecraft:glow_berries":84,"minecraft:cobblestone":590,"ftbstoneblock:stonepebble":17,"minecraft:leather_chestplate":1,"minecraft:feather":6,"minecraft:magma_cream":6,"minecraft:leather":10,"minecraft:oak_log":1,"minecraft:tuff":14,"minecraft:flint":6,"minecraft:crimson_fungus":11,"create:raw_zinc":24,"minecraft:wither_skeleton_skull":1,"minecraft:lapis_lazuli":36,"minecraft:dirt":1,"minecraft:twisting_vines":5,"minecraft:bone":1,"ftbstoneblock:1x_compressed_dirt":2,"minecraft:bow":1,"ftbquests:book":1,"minecraft:iron_ingot":13,"minecraft:glowstone_dust":6,"minecraft:ghast_tear":12,"tconstruct:necrotic_bone":4,"botania:manasteel_helmet":1,"minecraft:quartz":13,"minecraft:cracked_nether_bricks":14,"minecraft:gravel":101,"minecraft:spruce_sapling":2,"minecraft:crying_obsidian":16,"mekanism:raw_osmium":4,"minecraft:barrel":33,"minecraft:firework_rocket":19,"minecraft:pumpkin_seeds":5,"farmersdelight:glow_berry_custard":3,"minecraft:clay":4,"minecraft:diamond":9,"minecraft:stone_axe":1,"mekanism:fluorite_gem":6,"minecraft:golden_apple":8,"minecraft:golden_horse_armor":1,"minecraft:oak_sapling":35,"minecraft:netherrack":82,"minecraft:crimson_nylium":2,"minecraft:coal":1,"minecraft:crimson_roots":12,"minecraft:ender_pearl":5},"minecraft:custom":{"minecraft:mob_kills":69,"minecraft:interact_with_crafting_table":7,"minecraft:open_barrel":19,"minecraft:eat_cake_slice":6,"minecraft:leave_game":1,"minecraft:time_since_death":1194,"minecraft:climb_one_cm":2604,"champions:champion_mobs_killed":60,"minecraft:sprint_one_cm":244602,"minecraft:walk_one_cm":193973,"minecraft:damage_blocked_by_shield":1860,"minecraft:drop":55,"minecraft:play_time":89681,"minecraft:deaths":19,"minecraft:sneak_time":3046,"minecraft:jump":1257,"minecraft:walk_on_water_one_cm":393,"minecraft:total_world_time":89681,"minecraft:interact_with_furnace":1,"minecraft:time_since_rest":1225,"minecraft:damage_taken":6300,"minecraft:trigger_trapped_chest":1,"minecraft:damage_dealt":13051,"minecraft:fly_one_cm":204242,"minecraft:player_kills":1,"minecraft:open_chest":109,"minecraft:crouch_one_cm":6312,"minecraft:fall_one_cm":19756},"minecraft:mined":{"create:zinc_ore":24,"minecraft:tuff":10,"minecraft:cave_vines_plant":1,"gravestone:gravestone":13,"minecraft:crimson_roots":8,"minecraft:weeping_vines":1,"minecraft:spawner":2,"minecraft:weeping_vines_plant":2,"minecraft:iron_ore":2,"minecraft:fire":2,"minecraft:deepslate_iron_ore":1,"minecraft:stone":29,"mekanism:osmium_ore":4,"minecraft:soul_sand":1,"minecraft:snow_block":1,"minecraft:twisting_vines_plant":4,"minecraft:soul_fire":3,"thermal:lead_ore":13,"minecraft:chest":6,"minecraft:lapis_ore":3,"mekanism:fluorite_ore":2,"minecraft:gravel":102,"minecraft:dirt":2,"minecraft:netherrack":8,"minecraft:gold_ore":6},"minecraft:killed_by":{"minecraft:player":1,"minecraft:wither_skeleton":3,"minecraft:piglin_brute":4,"minecraft:piglin":4,"minecraft:hoglin":2,"minecraft:blaze":2,"minecraft:vex":3},"minecraft:dropped":{"minecraft:bread":1,"minecraft:ender_pearl":5,"minecraft:diamond":2,"minecraft:weeping_vines":2,"minecraft:glow_berries":61,"minecraft:cobblestone":530,"minecraft:stick":5,"ftbstoneblock:mob_soul":8,"minecraft:netherite_scrap":3,"minecraft:crimson_roots":1,"gravestone:obituary":1,"minecraft:gold_nugget":6,"minecraft:glistering_melon_slice":1,"ftbstoneblock:stonepebble":1,"minecraft:string":11,"mekanismtools:diamond_paxel":2,"minecraft:crimson_fungus":5,"minecraft:stone_axe":1,"minecraft:iron_nugget":16,"minecraft:birch_sapling":2,"minecraft:wheat":1,"botania:cosmetic_questgiver_mark":1,"ftbstoneblock:1x_compressed_dirt":2,"minecraft:leather_chestplate":1,"minecraft:spruce_planks":8,"minecraft:ladder":1,"minecraft:oak_sapling":35,"minecraft:chest":59,"minecraft:barrel":32,"minecraft:arrow":3,"minecraft:magma_cream":6,"minecraft:crying_obsidian":16,"minecraft:firework_rocket":9},"minecraft:used":{"minecraft:trident":6,"ftbsbc:stone_hammer":6,"minecraft:shield":60,"minecraft:netherrack":54,"minecraft:carrot":4,"minecraft:golden_chestplate":1,"farmersdelight:glow_berry_custard":3,"ars_nouveau:source_berry_pie":1,"minecraft:golden_sword":35,"minecraft:water_bucket":1,"minecraft:stone_pickaxe":16,"minecraft:oak_planks":7,"minecraft:glow_berries":19,"justhammers:iron_impact_hammer":1,"minecraft:cake":1,"minecraft:bread":17,"mekanismtools:iron_paxel":314,"minecraft:gravel":3,"minecraft:stone_axe":40,"minecraft:cobblestone":13,"minecraft:bucket":4}},"DataVersion":2975}