{"stats":{"minecraft:broken":{"minecraft:golden_boots":1,"mekanismtools:stone_paxel":1,"minecraft:iron_sword":2,"minecraft:leather_helmet":1,"ftbsbc:fire_plow":8,"botania:manasteel_boots":1,"ftbsbc:stone_hammer":5,"mekanismtools:iron_paxel":3,"minecraft:diamond_boots":1,"woodenshears:wooden_shears":2,"botania:manasteel_leggings":1,"justhammers:iron_hammer":4,"ftbsbc:stone_crook":1},"minecraft:crafted":{"minecraft:oak_sign":3,"stonechest:chest_cobblestone":19,"minecraft:glass":4,"create:mechanical_press":1,"create:cogwheel":5,"ftbstoneblock:1x_compressed_stone":6,"minecraft:gravel":45,"ftbsbc:stone_rod":56,"create:encased_fan":1,"minecraft:iron_pickaxe":1,"ftbsbc:stone_hammer":19,"minecraft:iron_block":1,"create:large_cogwheel":2,"create:propeller":1,"minecraft:composter":1,"minecraft:stone_shovel":1,"ftbsbc:stone_crook":6,"minecraft:stone_pickaxe":1,"minecraft:cobblestone":2,"minecraft:iron_shovel":1,"create:shaft":8,"minecraft:oak_planks":84,"mekanismtools:iron_paxel":2,"minecraft:sand":45,"minecraft:stone":54,"ftbstoneblock:1x_compressed_dirt":28,"minecraft:warped_planks":8,"minecraft:oak_button":41,"minecraft:stone_hoe":1,"minecraft:oak_slab":12,"create:depot":1,"minecraft:cauldron":1,"woodenshears:wooden_shears":6,"minecraft:crafting_table":1,"create:zinc_nugget":18,"ftbsbc:fire_plow":9,"ftbstoneblock:1x_compressed_sand":28,"mekanismtools:stone_paxel":1,"cobblefordays:tier_1":1,"minecraft:stick":164,"minecraft:iron_ingot":64,"minecraft:stone_sword":1,"minecraft:polished_andesite":12,"minecraft:coarse_dirt":4,"stonechest:part_cobblestone":76,"minecraft:furnace":1,"ftbstoneblock:1x_compressed_gravel":28,"minecraft:flint_and_steel":1,"minecraft:iron_axe":1,"create:millstone":1,"create:andesite_alloy":9,"create:hand_crank":3,"minecraft:cyan_dye":1,"minecraft:iron_sword":1,"minecraft:dirt":9,"minecraft:bucket":2,"minecraft:stone_axe":2,"minecraft:air":0,"ftbstoneblock:1x_compressed_cobblestone":28,"justhammers:iron_hammer":1,"projecte:cyan_alchemical_bag":1,"create:zinc_ingot":18,"minecraft:diamond_chestplate":1},"minecraft:killed":{"minecraft:cave_spider":4,"minecraft:skeleton":34,"minecraft:magma_cube":10,"minecraft:pillager":18,"minecraft:zombie":109,"minecraft:glow_squid":1,"minecraft:evoker":2,"minecraft:endermite":3,"minecraft:vindicator":5,"minecraft:husk":1,"minecraft:enderman":2,"minecraft:zombified_piglin":1,"minecraft:witch":8,"minecraft:spider":11,"minecraft:bee":1,"minecraft:silverfish":39,"minecraft:piglin":16,"minecraft:zombie_villager":2,"minecraft:creeper":11,"minecraft:ghast":1,"minecraft:stray":3,"minecraft:blaze":10,"minecraft:vex":8,"minecraft:phantom":3,"minecraft:drowned":1,"minecraft:hoglin":5,"ars_nouveau:wilden_stalker":7,"minecraft:wither_skeleton":17},"minecraft:picked_up":{"minecraft:wooden_axe":1,"minecraft:blue_candle":1,"compactmachines:personal_shrinking_device":1,"minecraft:flower_pot":2,"minecraft:stone_slab":7,"minecraft:diamond_sword":2,"minecraft:wither_rose":22,"minecraft:enchanted_book":11,"minecraft:golden_shovel":2,"minecraft:brewing_stand":1,"minecraft:golden_sword":4,"minecraft:amethyst_block":7,"minecraft:ocelot_spawn_egg":1,"minecraft:soul_soil":57,"minecraft:string":235,"minecraft:dark_oak_trapdoor":1,"minecraft:cooked_salmon":1,"minecraft:red_nether_bricks":27,"minecraft:diamond_leggings":1,"botania:manasteel_chestplate":6,"minecraft:gold_nugget":61,"minecraft:spruce_planks":12,"minecraft:written_book":1,"thermal:rf_potato":7,"minecraft:enchanted_golden_apple":1,"minecraft:coal_block":8,"minecraft:golden_helmet":2,"immersiveengineering:shader_bag_epic":3,"minecraft:beehive":7,"ftbstoneblock:mob_soul":68,"ftbstoneblock:warm_silverfish_shard":9,"minecraft:composter":17,"minecraft:big_dripleaf":39,"create:andesite_casing":3,"entangled:item":1,"projecte:dark_matter":2,"minecraft:warped_planks":7,"minecraft:warped_button":6,"minecraft:warped_pressure_plate":8,"mcwdoors:metal_warning_door":4,"minecraft:deepslate_tile_stairs":2,"minecraft:golden_chestplate":5,"minecraft:rabbit_foot":2,"thermal:apatite":27,"minecraft:stone_sword":1,"botania:manasteel_ingot":1,"tconstruct:sky_slime_crystal":3,"minecraft:honey_bottle":88,"minecraft:iron_block":5,"minecraft:glowstone":6,"projecte:alchemical_coal":1,"rftoolsutility:crafter1":1,"farmersdelight:rope":24,"minecraft:wolf_spawn_egg":1,"thermal:slag":11,"minecraft:blaze_rod":11,"farmersdelight:melon_juice":6,"minecraft:iron_bars":8,"minecraft:snowball":6,"ars_nouveau:manipulation_essence":2,"minecraft:magma_block":2,"minecraft:water_bucket":1,"botania:manasteel_boots":1,"ars_nouveau:source_berry":5,"minecraft:powder_snow_bucket":2,"minecraft:flint":108,"farmersdelight:cooked_bacon":5,"luggage:luggage":12,"minecraft:lantern":1,"minecraft:twisting_vines":20,"ftbstoneblock:1x_compressed_dirt":3,"minecraft:chipped_anvil":4,"minecraft:warped_hyphae":2,"ftbstoneblock:1x_compressed_sand":2,"tconstruct:blood_slime_sapling":2,"industrialforegoing:range_addon0":1,"minecraft:gray_candle":25,"minecraft:diamond_helmet":1,"minecraft:glowstone_dust":25,"minecraft:llama_spawn_egg":1,"minecraft:moss_block":24,"minecraft:magenta_candle":20,"functionalstorage:void_upgrade":2,"mekanismtools:stone_paxel":1,"minecraft:fermented_spider_eye":4,"minecraft:trapped_chest":2,"minecraft:barrel":53,"ftbsbc:stone_hammer":2,"minecraft:polished_andesite":151,"minecraft:white_candle":1,"minecraft:dispenser":20,"farmersdelight:glow_berry_custard":6,"minecraft:granite":2,"chiselsandbits:bit_bag":1,"minecraft:horse_spawn_egg":1,"minecraft:bread":6,"minecraft:jack_o_lantern":1,"minecraft:dark_oak_fence":2,"minecraft:light_blue_candle":9,"minecraft:crimson_roots":16,"minecraft:diamond_pickaxe":1,"minecraft:crafting_table":1,"botania:lens_fire":1,"minecraft:golden_pickaxe":1,"minecraft:clay_ball":499,"minecraft:leather_leggings":8,"minecraft:redstone_lamp":80,"minecraft:dragon_head":4,"gravestone:obituary":15,"minecraft:cornflower":40,"minecraft:pink_candle":3,"minecraft:netherite_scrap":1,"minecraft:flint_and_steel":4,"thermal:raw_nickel":7,"minecraft:iron_shovel":1,"ars_nouveau:apprentice_hood":1,"minecraft:respawn_anchor":7,"thermal:niter":4,"minecraft:jungle_sapling":10,"minecraft:iron_nugget":336,"minecraft:chest":131,"minecraft:birch_sapling":8,"minecraft:piston":4,"ars_nouveau:fire_essence":1,"minecraft:egg":2,"ars_nouveau:ritual_challenge":4,"minecraft:music_disc_mellohi":1,"minecraft:fire_charge":14,"minecraft:cake":1,"minecraft:carrot":2,"minecraft:redstone":192,"minecraft:red_nether_brick_wall":1,"minecraft:chicken_spawn_egg":1,"minecraft:tnt":13,"tconstruct:sky_slime_ball":60,"minecraft:diamond_chestplate":1,"minecraft:cooked_cod":14,"immersiveengineering:cloche":6,"minecraft:beetroot_seeds":9,"minecraft:diamond_boots":1,"farmersdelight:hamburger":11,"chipped:glowstone_13":1,"farmersdelight:beef_stew":4,"minecraft:gold_ingot":76,"minecraft:totem_of_undying":4,"tconstruct:earth_slime_sapling":2,"minecraft:glow_berries":544,"minecraft:mutton":4,"minecraft:white_wool":4,"minecraft:clock":1,"shrink:shrinking_device":1,"minecraft:tripwire_hook":20,"minecraft:red_mushroom":19,"functionalstorage:redstone_upgrade":2,"ars_nouveau:wilden_wing":12,"mob_grinding_utils:tank":3,"minecraft:oak_log":153,"minecraft:ancient_debris":1,"minecraft:golden_boots":4,"minecraft:paper":4,"minecraft:white_banner":1,"bloodmagic:weakbloodorb":15,"minecraft:apple":74,"ars_nouveau:water_essence":9,"minecraft:cobweb":18,"minecraft:glass_bottle":8,"minecraft:iron_sword":2,"stonechest:chest_cobblestone":4,"minecraft:polished_andesite_stairs":1,"ftbstoneblock:1x_compressed_gravel":2,"minecraft:milk_bucket":2,"botania:manasteel_helmet":2,"projecte:mobius_fuel":4,"minecraft:gravel":1355,"powah:uraninite_raw":8,"projecte:white_alchemical_bag":1,"minecraft:spruce_sapling":6,"minecraft:orange_candle":3,"minecraft:crying_obsidian":50,"minecraft:leather_helmet":1,"minecraft:firework_rocket":38,"minecraft:diamond_shovel":3,"minecraft:slime_ball":80,"immersiveengineering:seed":6,"minecraft:stone_axe":7,"minecraft:diamond_axe":2,"create:rose_quartz":2,"minecraft:warped_roots":3,"minecraft:lodestone":5,"farmersdelight:cooked_salmon_slice":6,"minecraft:melon_seeds":11,"minecraft:hopper":8,"minecraft:ender_pearl":17,"minecraft:shulker_shell":1,"minecraft:wheat":124,"minecraft:nether_brick_fence":1,"minecraft:potion":1,"minecraft:stone_brick_stairs":1,"chancecubes:silk_touch_pendant":1,"botania:livingwood_twig":1,"minecraft:raw_copper":26,"minecraft:sticky_piston":1,"minecraft:iron_leggings":2,"minecraft:red_candle":9,"minecraft:experience_bottle":16,"minecraft:zombie_head":6,"minecraft:oak_sign":1,"thermal:sulfur":1,"minecraft:sea_pickle":22,"minecraft:bucket":1,"minecraft:redstone_torch":1,"minecraft:cobblestone_slab":1,"create:potato_cannon":2,"minecraft:azalea":2,"minecraft:wooden_shovel":2,"nethersdelight:hoglin_sirloin":1,"minecraft:iron_pickaxe":1,"functionalstorage:linking_tool":1,"minecraft:tipped_arrow":176,"minecraft:stick":87,"ironchest:crystal_chest":2,"thermal:raw_lead":1,"minecraft:torch":136,"minecraft:porkchop":8,"minecraft:dried_kelp":27,"minecraft:pointed_dripstone":2,"minecraft:diorite":12,"minecraft:vine":9,"supplementaries:flax":11,"create:large_cogwheel":2,"minecraft:quartz_block":3,"minecraft:rotten_flesh":153,"createaddition:chocolate_cake":4,"minecraft:music_disc_ward":9,"minecraft:guardian_spawn_egg":6,"ars_nouveau:whirlisprig_shards":3,"minecraft:obsidian":67,"minecraft:cod":5,"minecraft:blaze_powder":5,"minecraft:cobblestone":7865,"mekanismtools:refined_glowstone_leggings":6,"farmersdelight:mixed_salad":14,"ftbstoneblock:dust":628,"minecraft:leather_chestplate":2,"minecraft:magma_cream":4,"minecraft:repeater":15,"jags:jags":3,"minecraft:andesite":1092,"thermal:phytogro":65,"minecraft:golden_leggings":2,"minecraft:potato":32,"minecraft:tuff":219,"ars_nouveau:earth_essence":5,"minecraft:wither_skeleton_skull":1,"minecraft:lapis_lazuli":346,"minecraft:dirt":550,"constructionwand:iron_wand":2,"mekanismtools:iron_paxel":1,"powah:dielectric_paste":79,"minecraft:bone":64,"ftbdripper:dripper":1,"powah:steel_energized":11,"itemcollectors:basic_collector":1,"minecraft:bow":6,"minecraft:wheat_seeds":8,"ars_nouveau:source_gem":2,"minecraft:green_candle":8,"minecraft:raw_gold":18,"minecraft:fletching_table":1,"minecraft:cyan_candle":2,"minecraft:bamboo":6,"projecte:purple_alchemical_bag":2,"simplylight:lamp_post":4,"minecraft:oak_planks":4,"minecraft:stone_hoe":1,"minecraft:ghast_tear":3,"tconstruct:necrotic_bone":8,"create:cogwheel":3,"minecraft:sand":475,"stonechest:part_cobblestone":6,"minecraft:dead_bush":1,"minecraft:sugar":3,"minecraft:clay":4,"minecraft:slime_block":9,"minecraft:diamond":82,"mekanismtools:steel_sword":1,"minecraft:polished_blackstone_button":8,"chancecubes:chance_cube":10,"minecraft:crossbow":6,"supercircuitmaker:tiny_redstone":4,"minecraft:bone_meal":41,"minecraft:golden_apple":15,"minecraft:emerald":54,"minecraft:netherrack":410,"minecraft:oak_sapling":169,"minecraft:oak_leaves":116,"minecraft:nether_star":2,"nethersdelight:hoglin_loin":10,"minecraft:lingering_potion":12,"minecraft:charcoal":16,"minecraft:splash_potion":9,"minecraft:chicken":8,"minecraft:ladder":1,"thermal:raw_silver":6,"minecraft:turtle_helmet":1,"thermal:cinnabar":34,"minecraft:brown_mushroom":14,"botania:manasteel_leggings":6,"torchbowmod:torchbow":7,"ars_nouveau:blue_archwood_sapling":4,"minecraft:gold_block":5,"minecraft:chain":24,"minecraft:brick":81,"tconstruct:earth_slime_crystal":3,"botania:cosmetic_questgiver_mark":8,"ars_nouveau:amplify_arrow":24,"ftbquests:lootcrate":31,"projecte:light_gray_alchemical_bag":1,"minecraft:stone_stairs":6,"minecraft:moss_carpet":5,"minecraft:blackstone":78,"ars_nouveau:source_berry_pie":17,"minecraft:candle":23,"ars_nouveau:starbuncle_shards":1,"minecraft:spruce_trapdoor":1,"minecraft:phantom_membrane":19,"botania:magnet_ring":3,"minecraft:dark_oak_sapling":6,"minecraft:raw_iron":2,"minecraft:copper_ingot":110,"minecraft:bowl":5,"minecraft:mooshroom_spawn_egg":1,"ars_nouveau:purple_archwood_sapling":4,"create:hand_crank":3,"minecraft:stone_button":3,"minecraft:cookie":81,"minecraft:music_disc_11":1,"minecraft:trident":6,"tconstruct:ichor_slime_ball":5,"minecraft:purple_candle":8,"minecraft:weeping_vines":14,"minecraft:lime_candle":21,"minecraft:arrow":182,"ae2:certus_quartz_dust":20,"minecraft:pumpkin_pie":7,"farmersdelight:bacon_sandwich":1,"minecraft:glistering_melon_slice":11,"ftbstoneblock:cold_silverfish_shard":59,"minecraft:saddle":10,"minecraft:skeleton_skull":1,"minecraft:elder_guardian_spawn_egg":1,"ftbstoneblock:stonepebble":16,"minecraft:golden_carrot":33,"minecraft:glow_ink_sac":51,"minecraft:leather":17,"minecraft:music_disc_stal":2,"compactcrafting:field_projector":4,"botania:cosmetic_tiny_potato_mask":5,"minecraft:crimson_fungus":37,"create:andesite_alloy":18,"minecraft:nether_wart_block":6,"minecraft:gunpowder":23,"minecraft:cobblestone_stairs":1,"minecraft:wooden_hoe":2,"minecraft:deepslate_tile_slab":3,"minecraft:zombie_horse_spawn_egg":1,"ae2:sky_dust":8,"ars_nouveau:green_archwood_sapling":2,"farmersdelight:apple_cider":3,"minecraft:iron_ingot":34,"minecraft:polished_andesite_slab":41,"minecraft:acacia_sapling":9,"minecraft:soul_sand":209,"minecraft:book":60,"minecraft:scaffolding":6,"minecraft:warped_fungus":1,"minecraft:black_candle":2,"minecraft:budding_amethyst":4,"minecraft:stone_brick_slab":3,"minecraft:quartz":4,"botania:quartz_mana":25,"minecraft:amethyst_shard":12,"mekanismtools:diamond_paxel":2,"minecraft:blast_furnace":1,"minecraft:dark_oak_fence_gate":1,"minecraft:spider_eye":14,"prettypipes:high_speed_module":4,"ars_nouveau:wilden_spike":5,"minecraft:music_disc_mall":7,"minecraft:pumpkin_seeds":3,"minecraft:dried_kelp_block":3,"minecraft:chainmail_leggings":1,"mekanism:fluorite_gem":9,"minecraft:coal":6},"minecraft:custom":{"minecraft:interact_with_crafting_table":95,"minecraft:open_barrel":8,"minecraft:bell_ring":4,"minecraft:leave_game":1,"minecraft:time_since_death":2218,"champions:champion_mobs_killed":331,"minecraft:play_time":421466,"minecraft:deaths":16,"minecraft:jump":4303,"minecraft:interact_with_furnace":44,"minecraft:damage_dealt":53851,"minecraft:use_cauldron":8,"minecraft:inspect_dispenser":4,"minecraft:opened_chance_cube":35,"minecraft:damage_dealt_absorbed":40,"minecraft:sneak_time":29122,"minecraft:total_world_time":421466,"minecraft:time_since_rest":2253,"minecraft:swim_one_cm":4675,"minecraft:fly_one_cm":756085,"minecraft:open_chest":708,"minecraft:fall_one_cm":70044,"minecraft:sprint_one_cm":504297,"minecraft:drop":1443,"minecraft:walk_on_water_one_cm":74833,"minecraft:player_kills":1,"minecraft:crouch_one_cm":71896,"minecraft:mob_kills":353,"minecraft:damage_dealt_resisted":152,"minecraft:climb_one_cm":16126,"minecraft:walk_one_cm":651686,"minecraft:walk_under_water_one_cm":3464,"minecraft:opened_giant_chance_cube":1,"minecraft:damage_taken":12675,"minecraft:damage_absorbed":605,"minecraft:trigger_trapped_chest":2},"minecraft:mined":{"create:andesite_casing":4,"minecraft:obsidian":64,"minecraft:coal_block":8,"minecraft:crimson_fungus":1,"minecraft:oak_wall_sign":1,"minecraft:spawner":18,"minecraft:weeping_vines_plant":7,"ironchest:crystal_chest":1,"minecraft:magma_block":1,"minecraft:dark_oak_trapdoor":1,"minecraft:sticky_piston":1,"minecraft:fire":6,"minecraft:barrel":92,"minecraft:granite_slab":1,"minecraft:moss_carpet":1,"minecraft:fletching_table":1,"minecraft:cave_vines":8,"minecraft:oak_sign":1,"mcwdoors:metal_warning_door":2,"minecraft:spruce_wood":55,"minecraft:tripwire":25,"stonechest:chest_cobblestone":3,"create:cogwheel":2,"minecraft:brown_mushroom":10,"minecraft:soul_fire":14,"minecraft:amethyst_cluster":1,"minecraft:torch":5,"minecraft:blast_furnace":1,"minecraft:amethyst_block":7,"minecraft:repeater":4,"minecraft:wither_rose":7,"minecraft:stone_brick_stairs":1,"minecraft:grass":6,"create:hand_crank":2,"minecraft:nether_brick_wall":1,"minecraft:dark_oak_fence":4,"minecraft:crimson_roots":2,"minecraft:redstone_wire":3,"minecraft:moss_block":74,"minecraft:red_mushroom":5,"minecraft:andesite":602,"minecraft:big_dripleaf_stem":6,"minecraft:potatoes":2,"minecraft:green_candle":2,"minecraft:soul_sand":4,"minecraft:stone_brick_slab":1,"minecraft:tall_grass":9,"minecraft:big_dripleaf":2,"minecraft:trapped_chest":2,"minecraft:gravel":419,"minecraft:cobweb":187,"minecraft:chipped_anvil":4,"minecraft:fern":1,"ftbstoneblock:1x_compressed_cobblestone":1,"minecraft:spruce_planks":3,"minecraft:oak_sapling":1,"minecraft:spruce_trapdoor":1,"minecraft:cave_vines_plant":7,"ftbsbc:bits_spawner":2,"ftbstoneblock:1x_compressed_dirt":28,"minecraft:composter":7,"minecraft:pointed_dripstone":3,"minecraft:iron_bars":1,"minecraft:azalea":2,"minecraft:quartz_block":2,"minecraft:twisting_vines_plant":2,"minecraft:clay":71,"minecraft:chest":66,"mob_grinding_utils:tank":3,"minecraft:cobblestone":355,"minecraft:slime_block":9,"minecraft:wall_torch":3,"minecraft:warped_planks":7,"minecraft:nether_wart_block":3,"minecraft:tnt":14,"minecraft:oak_log":90,"minecraft:sand":19,"minecraft:dirt":59,"minecraft:tripwire_hook":20,"minecraft:dispenser":20,"minecraft:ancient_debris":1,"minecraft:netherrack":182,"minecraft:oak_leaves":362,"minecraft:gray_candle":1,"minecraft:tuff":12,"gravestone:gravestone":14,"create:large_cogwheel":2,"minecraft:weeping_vines":1,"minecraft:polished_andesite_slab":6,"ftbstoneblock:dust":24,"minecraft:dark_oak_fence_gate":1,"minecraft:bookshelf":12,"minecraft:stone":332,"minecraft:scaffolding":3,"ftbstoneblock:1x_compressed_sand":28,"minecraft:stone_slab":3,"minecraft:sea_pickle":1,"minecraft:beehive":1,"minecraft:warped_hyphae":1,"minecraft:polished_andesite":6,"minecraft:small_dripleaf":1},"minecraft:killed_by":{"minecraft:piglin_brute":1,"minecraft:vindicator":1,"minecraft:zombie":2,"minecraft:wither_skeleton":3,"minecraft:creeper":1,"minecraft:piglin":1,"minecraft:cave_spider":1,"minecraft:blaze":1,"minecraft:player":2,"minecraft:skeleton":1},"minecraft:dropped":{"farmersdelight:hamburger":4,"minecraft:clay":12,"minecraft:iron_sword":2,"minecraft:porkchop":14,"minecraft:lapis_lazuli":95,"minecraft:respawn_anchor":6,"minecraft:glow_ink_sac":66,"minecraft:glass_bottle":33,"minecraft:diamond":45,"minecraft:weeping_vines":4,"minecraft:crossbow":4,"farmersdelight:cooked_bacon":8,"minecraft:cookie":28,"minecraft:glow_berries":173,"minecraft:warped_roots":3,"create:cogwheel":2,"ars_nouveau:earth_essence":4,"minecraft:fletching_table":1,"minecraft:saddle":11,"minecraft:brown_banner":1,"nethersdelight:hoglin_loin":1,"minecraft:leather_helmet":1,"minecraft:red_mushroom":19,"botania:manasteel_leggings":7,"minecraft:emerald":26,"minecraft:gold_block":3,"minecraft:dirt":9,"botania:manasteel_boots":1,"constructionwand:iron_wand":2,"minecraft:stone_button":3,"minecraft:dark_oak_fence":1,"minecraft:dark_oak_trapdoor":1,"darkutils:vector_plate":4,"minecraft:chain":37,"supplementaries:flax":16,"minecraft:gold_nugget":24,"powah:dielectric_paste":124,"minecraft:phantom_membrane":25,"minecraft:gray_candle":31,"minecraft:sand":372,"tconstruct:sky_slime_ball":45,"minecraft:sugar":7,"minecraft:iron_pickaxe":1,"minecraft:lime_candle":45,"minecraft:fermented_spider_eye":5,"minecraft:music_disc_stal":4,"ars_nouveau:source_gem":2,"minecraft:bone":113,"minecraft:green_candle":24,"minecraft:stone_axe":6,"minecraft:iron_nugget":56,"minecraft:polished_andesite_slab":41,"minecraft:golden_chestplate":4,"ars_nouveau:whirlisprig_shards":4,"minecraft:wheat":60,"minecraft:rotten_flesh":354,"ftbsbc:stone_crook":5,"botania:cosmetic_questgiver_mark":8,"minecraft:oak_planks":1,"minecraft:glowstone_dust":14,"create:potato_cannon":4,"minecraft:blaze_powder":14,"minecraft:music_disc_far":1,"minecraft:golden_shovel":1,"justhammers:iron_hammer":1,"jags:jags":6,"minecraft:warped_planks":1,"botania:manasteel_ingot":1,"minecraft:rabbit_foot":2,"projecte:alchemical_coal":2,"minecraft:tipped_arrow":61,"minecraft:red_candle":54,"compactmachines:personal_shrinking_device":1,"minecraft:charcoal":60,"minecraft:ladder":1,"minecraft:hopper":15,"minecraft:music_disc_mall":8,"minecraft:leather_boots":1,"farmersdelight:mixed_salad":8,"farmersdelight:rope":24,"minecraft:leather_leggings":6,"minecraft:brown_candle":9,"minecraft:red_nether_bricks":12,"minecraft:crying_obsidian":31,"minecraft:ghast_tear":3,"prettypipes:high_speed_module":4,"minecraft:stone_brick_stairs":4,"powah:magmator_starter":1,"minecraft:egg":6,"farmersdelight:tomato_seeds":3,"minecraft:enchanted_book":12,"minecraft:iron_ingot":33,"create:rose_quartz":2,"minecraft:mooshroom_spawn_egg":1,"minecraft:wheat_seeds":10,"minecraft:tnt":13,"minecraft:guardian_spawn_egg":6,"minecraft:cobblestone":4916,"minecraft:book":69,"minecraft:elder_guardian_spawn_egg":1,"minecraft:apple":33,"minecraft:granite":1,"ftbdripper:dripper":1,"minecraft:deepslate_tile_slab":27,"minecraft:chicken_spawn_egg":1,"minecraft:polished_blackstone_button":8,"minecraft:chainmail_helmet":1,"minecraft:coal":1,"minecraft:coal_block":48,"minecraft:golden_apple":16,"minecraft:polished_andesite":151,"minecraft:lava_bucket":2,"minecraft:cobweb":18,"minecraft:diamond_horse_armor":1,"minecraft:dried_kelp_block":9,"immersiveengineering:cloche":6,"tconstruct:necrotic_bone":1,"minecraft:golden_carrot":17,"minecraft:wooden_hoe":3,"minecraft:lodestone":1,"minecraft:wooden_axe":3,"minecraft:rabbit":4,"minecraft:cooked_salmon":7,"minecraft:diamond_helmet":2,"projecte:dark_matter":4,"minecraft:potion":2,"minecraft:dead_bush":5,"minecraft:dried_kelp":104,"minecraft:white_banner":2,"ftbstoneblock:stonepebble":2,"thermal:rf_potato":7,"minecraft:iron_shovel":3,"minecraft:chainmail_leggings":3,"minecraft:paper":4,"minecraft:string":83,"minecraft:blue_candle":35,"minecraft:stone_brick_slab":1,"farmersdelight:glow_berry_custard":6,"farmersdelight:melon_juice":4,"minecraft:furnace":1,"chiselsandbits:magnifying_glass":1,"minecraft:moss_carpet":2,"ars_nouveau:manipulation_essence":2,"ars_nouveau:source_berry":2,"minecraft:stone_sword":2,"minecraft:cobblestone_wall":1,"minecraft:bowl":17,"minecraft:experience_bottle":6,"minecraft:chicken":14,"farmersdelight:beef_stew":7,"minecraft:clay_ball":330,"torchbowmod:torchbow":7,"minecraft:stone_slab":8,"minecraft:budding_amethyst":8,"minecraft:pumpkin_seeds":5,"minecraft:blast_furnace":2,"minecraft:diamond_sword":1,"minecraft:big_dripleaf":10,"mekanismtools:steel_sword":1,"minecraft:cobblestone_slab":5,"minecraft:flower_pot":5,"minecraft:sea_pickle":27,"minecraft:powder_snow_bucket":5,"minecraft:spruce_planks":9,"ftbstoneblock:dust":640,"thermal:phytogro":87,"minecraft:wooden_shovel":2,"ars_nouveau:starbuncle_shards":1,"minecraft:redstone_torch":1,"minecraft:spider_eye":23,"minecraft:barrel":228,"minecraft:bamboo":15,"minecraft:warped_button":3,"minecraft:bow":9,"minecraft:purple_candle":10,"minecraft:horse_spawn_egg":1,"ars_nouveau:source_berry_pie":20,"ars_nouveau:amplify_arrow":24,"ironchest:crystal_chest":1,"minecraft:brown_mushroom":24,"minecraft:candle":270,"minecraft:soul_sand":125,"minecraft:moss_block":17,"minecraft:llama_spawn_egg":2,"minecraft:diamond_axe":2,"minecraft:warped_fungus":1,"minecraft:nether_star":4,"minecraft:ender_pearl":12,"ftbstoneblock:warm_silverfish_shard":1,"minecraft:lantern":1,"minecraft:deepslate_tile_wall":3,"minecraft:leather":38,"createaddition:chocolate_cake":4,"luggage:luggage":25,"minecraft:cod":9,"minecraft:flint":28,"minecraft:music_disc_11":1,"minecraft:cobblestone_stairs":9,"ftbstoneblock:mob_soul":90,"minecraft:deepslate_tile_stairs":39,"minecraft:warped_pressure_plate":6,"minecraft:redstone_lamp":80,"minecraft:netherite_scrap":1,"botania:manasteel_helmet":4,"minecraft:cornflower":44,"minecraft:mutton":2,"minecraft:crimson_roots":3,"minecraft:cooked_cod":12,"minecraft:snowball":6,"gravestone:obituary":28,"minecraft:pumpkin_pie":11,"botania:quartz_mana":39,"farmersdelight:cooked_salmon_slice":10,"create:large_cogwheel":1,"industrialforegoing:straw":1,"minecraft:gold_ingot":70,"stonechest:part_cobblestone":3,"minecraft:gravel":672,"minecraft:crimson_fungus":15,"ars_nouveau:wilden_spike":17,"minecraft:twisting_vines":18,"minecraft:pointed_dripstone":4,"minecraft:white_candle":1,"minecraft:diamond_shovel":3,"minecraft:beehive":13,"bloodmagic:weakbloodorb":15,"minecraft:stone_stairs":8,"minecraft:honey_bottle":99,"ars_nouveau:water_essence":9,"minecraft:carrot":2,"ae2:sky_dust":3,"minecraft:shulker_shell":1,"minecraft:leather_chestplate":3,"minecraft:trident":8,"minecraft:gunpowder":40,"minecraft:ocelot_spawn_egg":1,"ars_nouveau:apprentice_hood":1,"minecraft:skeleton_skull":1,"minecraft:beetroot_seeds":9,"minecraft:melon_seeds":5,"minecraft:lingering_potion":11,"minecraft:azalea":5,"minecraft:chest":190,"minecraft:chainmail_boots":1,"minecraft:iron_bars":11,"minecraft:arrow":66,"compactcrafting:field_projector":4,"minecraft:scaffolding":16,"minecraft:netherrack":163,"immersiveengineering:seed":1,"minecraft:splash_potion":8,"create:andesite_alloy":18,"minecraft:firework_rocket":20,"minecraft:stone_hoe":1,"minecraft:bread":10,"minecraft:light_blue_candle":9,"minecraft:golden_helmet":1,"minecraft:amethyst_block":7,"powah:steel_energized":13,"minecraft:copper_ingot":117,"minecraft:orange_candle":9,"minecraft:stick":207,"minecraft:black_candle":2,"botania:manasteel_chestplate":6,"ftbsbc:stone_hammer":8,"minecraft:milk_bucket":4,"minecraft:diorite":13,"minecraft:brewing_stand":1,"minecraft:torch":270,"minecraft:nether_wart_block":1,"minecraft:repeater":8,"minecraft:zombie_head":5,"minecraft:fire_charge":32,"minecraft:iron_leggings":4,"minecraft:music_disc_strad":1,"minecraft:zombie_horse_spawn_egg":2,"minecraft:wither_rose":19,"minecraft:music_disc_ward":8,"minecraft:polished_andesite_stairs":1,"minecraft:cyan_candle":40,"farmersdelight:shepherds_pie":4,"minecraft:music_disc_cat":1,"ars_nouveau:wilden_wing":16,"minecraft:redstone":109,"minecraft:dragon_head":4,"minecraft:raw_copper":2,"thermal:slag":11,"minecraft:tuff":6,"minecraft:raw_iron":4,"minecraft:composter":21,"botania:magnet_ring":3,"minecraft:iron_hoe":1,"minecraft:pink_candle":4,"minecraft:smoker":1,"ftbstoneblock:cold_silverfish_shard":97,"minecraft:light_gray_candle":27,"minecraft:flint_and_steel":2,"minecraft:diamond_chestplate":3,"supplementaries:flint_block":1,"minecraft:andesite":656,"minecraft:cake":3,"minecraft:magenta_candle":16,"tconstruct:earth_slime_sapling":6,"supercircuitmaker:tiny_redstone":12,"minecraft:golden_sword":3,"projecte:mobius_fuel":6,"mekanismtools:refined_glowstone_leggings":5,"minecraft:slime_ball":97,"minecraft:music_disc_mellohi":1,"botania:cosmetic_tiny_potato_mask":5,"ftbquests:lootcrate":19,"minecraft:brick":109,"ars_nouveau:ritual_challenge":3},"minecraft:used":{"minecraft:moss_block":1,"farmersdelight:mixed_salad":9,"minecraft:chest":1,"minecraft:stone":2,"woodenshears:wooden_shears":116,"minecraft:soul_sand":27,"create:depot":1,"minecraft:lava_bucket":10,"minecraft:quartz_block":1,"simplylight:lamp_post":2,"farmersdelight:bacon_sandwich":1,"farmersdelight:glow_berry_custard":2,"minecraft:bow":114,"minecraft:cooked_cod":9,"minecraft:oak_sapling":20,"minecraft:furnace":1,"minecraft:potato":23,"mcwdoors:metal_warning_door":2,"farmersdelight:hamburger":9,"farmersdelight:beef_stew":3,"minecraft:composter":1,"minecraft:oak_leaves":6,"minecraft:cookie":3,"minecraft:golden_apple":1,"minecraft:glow_berries":216,"minecraft:sand":19,"mob_grinding_utils:tank":4,"mekanismtools:iron_paxel":1464,"gag:time_sand_pouch":18,"minecraft:diamond_sword":395,"minecraft:dark_oak_fence":1,"minecraft:stone_sword":80,"ftbsbc:fire_plow":32,"ftbsbc:stone_hammer":799,"minecraft:netherrack":28,"minecraft:torch":1,"minecraft:twisting_vines":1,"chancecubes:compact_giant_chance_cube":1,"minecraft:totem_of_undying":4,"minecraft:diamond_chestplate":1,"cobblefordays:tier_1":1,"stonechest:chest_cobblestone":21,"minecraft:water_bucket":3,"mekanismtools:stone_paxel":290,"minecraft:cauldron":1,"create:encased_fan":1,"minecraft:crafting_table":2,"minecraft:dark_oak_fence_gate":1,"justhammers:iron_hammer":516,"minecraft:oak_log":3,"minecraft:spruce_trapdoor":1,"minecraft:cobblestone":483,"minecraft:candle":1,"minecraft:oak_sign":2,"minecraft:iron_sword":525,"farmersdelight:melon_juice":5,"create:cogwheel":7,"minecraft:beehive":1,"mekanismtools:diamond_paxel":257,"minecraft:honey_bottle":28,"minecraft:big_dripleaf":7,"ftbstoneblock:1x_compressed_dirt":28,"chancecubes:chance_cube":32,"create:millstone":1,"minecraft:magma_block":1,"minecraft:written_book":1,"ftbstoneblock:1x_compressed_sand":28,"minecraft:golden_boots":1,"minecraft:diamond_boots":1,"minecraft:white_wool":4,"justhammers:iron_impact_hammer":129,"minecraft:crossbow":1,"minecraft:bread":16,"minecraft:gravel":325,"minecraft:andesite":14,"minecraft:coarse_dirt":4,"minecraft:bone_meal":15,"ironchest:crystal_chest":1,"create:large_cogwheel":6,"minecraft:experience_bottle":10,"ftbsbc:stone_crook":259,"minecraft:flint_and_steel":2,"minecraft:stone_hoe":129,"minecraft:dirt":100,"minecraft:granite":1,"minecraft:stone_brick_slab":2,"minecraft:golden_carrot":30,"ftbstoneblock:1x_compressed_cobblestone":28,"ftbstoneblock:1x_compressed_gravel":28,"minecraft:iron_leggings":1,"botania:manasteel_boots":1,"minecraft:warped_planks":7,"farmersdelight:apple_cider":3,"minecraft:apple":36,"create:mechanical_press":1,"torchbowmod:torchbow":12,"minecraft:stone_slab":2,"minecraft:stone_axe":78,"minecraft:bucket":47,"minecraft:pumpkin_pie":3,"create:hand_crank":6,"minecraft:splash_potion":1,"minecraft:chainmail_leggings":1}},"DataVersion":2975}