{
  "minecraft:recipes/tools/fishing_rod": {
    "criteria": {
      "has_string": "2025-03-31 23:19:50 +0000"
    },
    "done": true
  },
  "minecraft:recipes/decorations/smoker": {
    "criteria": {
      "has_furnace": "2025-04-01 02:57:13 +0000"
    },
    "done": true
  },
  "minecraft:recipes/building_blocks/polished_andesite_slab": {
    "criteria": {
      "has_polished_andesite": "2025-04-01 02:33:25 +0000"
    },
    "done": true
  },
  "create:hand_crank_000": {
    "criteria": {
      "0": "2025-04-01 01:48:52 +0000"
    },
    "done": true
  },
  "create:recipes/create.base/crafting/kinetics/clutch": {
    "criteria": {
      "has_item": "2025-04-01 02:32:31 +0000"
    },
    "done": true
  },
  "bambooeverything:recipes/dry_bamboo_fence": {
    "criteria": {
      "has_dry_bundle": "2025-03-31 23:05:34 +0000",
      "has_dry_bamboo": "2025-03-31 23:05:34 +0000"
    },
    "done": true
  },
  "simplemagnets:recipes/simplemagnets/basic_demagnetization_coil": {
    "criteria": {
      "recipe_condition": "2025-04-01 02:30:33 +0000"
    },
    "done": true
  },
  "tconstruct:recipes/tconstruct/tools/armor/building/travelers_shield": {
    "criteria": {
      "has_item": "2025-04-01 02:46:10 +0000"
    },
    "done": true
  },
  "minecraft:recipes/redstone/lever": {
    "criteria": {
      "has_cobblestone": "2025-03-31 23:09:36 +0000"
    },
    "done": true
  },
  "create:recipes/create.base/crafting/kinetics/mechanical_bearing": {
    "criteria": {
      "has_item": "2025-04-01 02:32:31 +0000"
    },
    "done": true
  },
  "farmersdelight:recipes/farmersdelight/organic_compost_from_rotten_flesh": {
    "criteria": {
      "has_rotten_flesh": "2025-03-31 23:19:32 +0000"
    },
    "done": true
  },
  "minecraft:recipes/combat/iron_sword": {
    "criteria": {
      "has_iron_ingot": "2025-04-01 02:30:33 +0000"
    },
    "done": true
  },
  "rftoolsutility:recipes/rftoolsutility/fluid_module": {
    "criteria": {
      "ingot": "2025-04-01 02:30:33 +0000"
    },
    "done": true
  },
  "create:recipes/create.palettes/cut_andesite_slab_from_stone_types_andesite_stonecutting": {
    "criteria": {
      "has_stone_types_andesite": "2025-04-01 02:27:33 +0000"
    },
    "done": true
  },
  "create:recipes/create.base/crafting/appliances/copper_backtank": {
    "criteria": {
      "has_item": "2025-04-01 02:46:10 +0000"
    },
    "done": true
  },
  "botania:recipes/botania/livingwood_bow": {
    "criteria": {
      "has_twig": "2025-04-01 01:38:24 +0000"
    },
    "done": true
  },
  "mcwbridges:recipes/andesite_bridge_stair": {
    "criteria": {
      "has_planks": "2025-04-01 02:27:33 +0000"
    },
    "done": true
  },
  "minecraft:recipes/building_blocks/lime_concrete_powder": {
    "criteria": {
      "has_gravel": "2025-03-31 23:25:41 +0000"
    },
    "done": true
  },
  "create:recipes/create.base/crafting/kinetics/gearshift": {
    "criteria": {
      "has_item": "2025-04-01 02:32:31 +0000"
    },
    "done": true
  },
  "minecraft:recipes/tools/iron_pickaxe": {
    "criteria": {
      "has_iron_ingot": "2025-04-01 02:30:33 +0000"
    },
    "done": true
  },
  "create:recipes/create.base/crafting/appliances/copper_diving_boots": {
    "criteria": {
      "has_item": "2025-04-01 02:46:10 +0000"
    },
    "done": true
  },
  "chiselsandbits:chiselsandbits/collect_bits": {
    "criteria": {
      "bit_bag": "2025-04-01 01:38:24 +0000"
    },
    "done": true
  },
  "minecraft:recipes/building_blocks/yellow_concrete_powder": {
    "criteria": {
      "has_gravel": "2025-03-31 23:25:41 +0000"
    },
    "done": true
  },
  "create:mechanical_mixer": {
    "criteria": {
      "0": "2025-04-01 02:34:46 +0000"
    },
    "done": true
  },
  "farmersdelight:main/place_cooking_pot": {
    "criteria": {
      "cooking_pot": "2025-04-01 01:38:33 +0000"
    },
    "done": true
  },
  "minecraft:recipes/decorations/crafting_table": {
    "criteria": {
      "has_planks": "2025-03-31 23:16:51 +0000"
    },
    "done": true
  },
  "bambooeverything:recipes/dry_bamboo_stairs": {
    "criteria": {
      "has_dry_bundle": "2025-03-31 23:05:34 +0000"
    },
    "done": true
  },
  "minecraft:recipes/building_blocks/copper_block": {
    "criteria": {
      "has_copper_ingot": "2025-04-01 02:46:10 +0000"
    },
    "done": true
  },
  "minecraft:recipes/decorations/ladder": {
    "criteria": {
      "has_stick": "2025-03-31 23:16:54 +0000"
    },
    "done": true
  },
  "minecraft:recipes/decorations/chest": {
    "criteria": {
      "has_lots_of_items": "2025-03-31 23:13:04 +0000"
    },
    "done": true
  },
  "create:recipes/create.palettes/copper_shingles_from_ingots_copper_stonecutting": {
    "criteria": {
      "has_ingots_copper": "2025-04-01 02:46:10 +0000"
    },
    "done": true
  },
  "mcwtrpdoors:recipes/oak_blossom_trapdoor": {
    "criteria": {
      "has_plankss": "2025-03-31 23:16:51 +0000"
    },
    "done": true
  },
  "minecraft:recipes/tools/wooden_shovel": {
    "criteria": {
      "has_stick": "2025-03-31 23:16:54 +0000"
    },
    "done": true
  },
  "minecraft:recipes/decorations/torch": {
    "criteria": {
      "has_stone_pickaxe": "2025-03-31 23:17:02 +0000"
    },
    "done": true
  },
  "farmersdelight:recipes/farmersdelight/cooking/vegetable_soup": {
    "criteria": {
      "has_any_ingredient": "2025-04-01 02:25:25 +0000"
    },
    "done": true
  },
  "create:recipes/create.palettes/industrial_iron_block_from_ingots_iron_stonecutting": {
    "criteria": {
      "has_ingots_iron": "2025-04-01 02:30:33 +0000"
    },
    "done": true
  },
  "mcwfences:recipes/stone": {
    "criteria": {
      "has_stone": "2025-03-31 23:05:34 +0000"
    },
    "done": true
  },
  "minecraft:recipes/tools/shears": {
    "criteria": {
      "has_iron_ingot": "2025-04-01 02:30:33 +0000"
    },
    "done": true
  },
  "minecraft:recipes/misc/stick": {
    "criteria": {
      "has_planks": "2025-03-31 23:16:51 +0000"
    },
    "done": true
  },
  "mcwwindows:recipes/dark_prismarine": {
    "criteria": {
      "has_the_recipe": "2025-03-31 23:16:25 +0000"
    },
    "done": true
  },
  "create:recipes/create.base/crafting/kinetics/sticky_mechanical_piston": {
    "criteria": {
      "has_item": "2025-04-01 02:27:55 +0000"
    },
    "done": true
  },
  "mcwfences:recipes/jungle": {
    "criteria": {
      "has_jungle": "2025-03-31 23:05:34 +0000"
    },
    "done": true
  },
  "mcwfences:recipes/oak": {
    "criteria": {
      "has_oak": "2025-03-31 23:05:34 +0000"
    },
    "done": true
  },
  "minecraft:recipes/combat/iron_leggings": {
    "criteria": {
      "has_iron_ingot": "2025-04-01 02:30:33 +0000"
    },
    "done": true
  },
  "woodenshears:recipes/tools/wooden_shears": {
    "criteria": {
      "has_planks": "2025-03-31 23:16:51 +0000"
    },
    "done": true
  },
  "mcwfences:recipes/end": {
    "criteria": {
      "has_end_brick": "2025-03-31 23:05:34 +0000"
    },
    "done": true
  },
  "compactcrafting:recipes/compactcrafting/field_projector": {
    "criteria": {
      "got_ender_eye": "2025-03-31 23:05:34 +0000"
    },
    "done": true
  },
  "mcwbridges:recipes/cobblestone_bridge": {
    "criteria": {
      "has_planks": "2025-03-31 23:09:36 +0000"
    },
    "done": true
  },
  "immersiveengineering:recipes/immersiveengineering/crafting/fluid_pipe": {
    "criteria": {
      "has_iron_plate": "2025-04-01 02:30:43 +0000"
    },
    "done": true
  },
  "minecraft:recipes/combat/shield": {
    "criteria": {
      "has_iron_ingot": "2025-04-01 02:30:33 +0000"
    },
    "done": true
  },
  "minecraft:recipes/building_blocks/cobblestone_slab": {
    "criteria": {
      "has_cobblestone": "2025-03-31 23:09:36 +0000"
    },
    "done": true
  },
  "create:recipes/create.base/crafting/kinetics/metal_bracket": {
    "criteria": {
      "has_item": "2025-04-01 02:27:55 +0000"
    },
    "done": true
  },
  "create:recipes/create.base/crafting/materials/copper_nugget": {
    "criteria": {
      "has_item": "2025-04-01 02:46:10 +0000"
    },
    "done": true
  },
  "rftoolsutility:recipes/rftoolsutility/redstone_module": {
    "criteria": {
      "ingot": "2025-04-01 02:30:33 +0000"
    },
    "done": true
  },
  "minecraft:recipes/redstone/hopper": {
    "criteria": {
      "has_iron_ingot": "2025-04-01 02:30:33 +0000"
    },
    "done": true
  },
  "industrialforegoing:recipes/industrialforegoing_core/plastic": {
    "criteria": {
      "has_plastic": "2025-03-31 23:05:34 +0000"
    },
    "done": true
  },
  "create:recipes/building_blocks/andesite_from_stone_types_andesite_stonecutting": {
    "criteria": {
      "has_stone_types_andesite": "2025-04-01 02:27:33 +0000"
    },
    "done": true
  },
  "mcwbridges:recipes/iron_bridge": {
    "criteria": {
      "has_planks": "2025-04-01 02:30:33 +0000"
    },
    "done": true
  },
  "minecraft:recipes/building_blocks/coarse_dirt": {
    "criteria": {
      "has_gravel": "2025-03-31 23:25:41 +0000"
    },
    "done": true
  },
  "farmersdelight:recipes/farmersdelight/cooking/beef_stew": {
    "criteria": {
      "has_any_ingredient": "2025-04-01 02:25:25 +0000"
    },
    "done": true
  },
  "create:recipes/create.base/crafting/kinetics/basin": {
    "criteria": {
      "has_item": "2025-04-01 02:27:55 +0000"
    },
    "done": true
  },
  "minecraft:recipes/building_blocks/light_gray_concrete_powder": {
    "criteria": {
      "has_gravel": "2025-03-31 23:25:41 +0000"
    },
    "done": true
  },
  "farmersdelight:recipes/farmersdelight/cooking/vegetable_noodles": {
    "criteria": {
      "has_any_ingredient": "2025-04-01 02:25:25 +0000"
    },
    "done": true
  },
  "bambooeverything:recipes/bamboo_fence_gate": {
    "criteria": {
      "has_bamboo": "2025-03-31 23:05:34 +0000",
      "has_bundle": "2025-03-31 23:05:34 +0000"
    },
    "done": true
  },
  "create:recipes/create.palettes/andesite_ladder_from_andesite_alloy_stonecutting": {
    "criteria": {
      "has_andesite_alloy": "2025-04-01 02:27:55 +0000"
    },
    "done": true
  },
  "create:recipes/create.base/crafting/kinetics/mechanical_mixer": {
    "criteria": {
      "has_item": "2025-04-01 02:27:55 +0000"
    },
    "done": true
  },
  "chiselsandbits:recipes/chiselsandbits/chisel_iron": {
    "criteria": {
      "has_rod": "2025-03-31 23:16:54 +0000"
    },
    "done": true
  },
  "minecraft:recipes/building_blocks/pink_concrete_powder": {
    "criteria": {
      "has_gravel": "2025-03-31 23:25:41 +0000"
    },
    "done": true
  },
  "rftoolsutility:recipes/rftoolsutility/fluidplus_module": {
    "criteria": {
      "ingot": "2025-04-01 02:30:33 +0000"
    },
    "done": true
  },
  "create:recipes/create.palettes/cut_andesite_bricks_from_stone_types_andesite_stonecutting": {
    "criteria": {
      "has_stone_types_andesite": "2025-04-01 02:27:33 +0000"
    },
    "done": true
  },
  "rftoolsutility:recipes/rftoolsutility/clock_module": {
    "criteria": {
      "ingot": "2025-04-01 02:30:33 +0000"
    },
    "done": true
  },
  "mcwpaths:recipes/andesite": {
    "criteria": {
      "has_wood": "2025-04-01 02:27:33 +0000"
    },
    "done": true
  },
  "minecraft:recipes/decorations/iron_bars": {
    "criteria": {
      "has_iron_ingot": "2025-04-01 02:30:33 +0000"
    },
    "done": true
  },
  "minecraft:recipes/building_blocks/andesite_stairs_from_andesite_stonecutting": {
    "criteria": {
      "has_andesite": "2025-04-01 02:27:33 +0000"
    },
    "done": true
  },
  "create:recipes/create.base/crafting/kinetics/gantry_shaft": {
    "criteria": {
      "has_item": "2025-04-01 02:27:55 +0000"
    },
    "done": true
  },
  "immersiveengineering:recipes/immersiveengineering/crafting/coil_mv": {
    "criteria": {
      "has_iron_ingot": "2025-04-01 02:30:33 +0000"
    },
    "done": true
  },
  "bambooeverything:recipes/bamboo_bundle": {
    "criteria": {
      "has_bamboo": "2025-03-31 23:05:34 +0000"
    },
    "done": true
  },
  "tconstruct:recipes/tconstruct/smeltery/smeltery/seared/grout_multiple": {
    "criteria": {
      "has_item": "2025-03-31 23:22:17 +0000"
    },
    "done": true
  },
  "create:recipes/create.palettes/copycat_panel_from_ingots_zinc_stonecutting": {
    "criteria": {
      "has_ingots_zinc": "2025-04-01 02:27:32 +0000"
    },
    "done": true
  },
  "minecraft:recipes/brewing/cauldron": {
    "criteria": {
      "has_water_bucket": "2025-04-01 02:34:13 +0000"
    },
    "done": true
  },
  "minecraft:recipes/building_blocks/sandstone": {
    "criteria": {
      "has_sand": "2025-03-31 23:28:00 +0000"
    },
    "done": true
  },
  "minecraft:adventure/sleep_in_bed": {
    "criteria": {
      "slept_in_bed": "2025-04-01 02:23:41 +0000"
    },
    "done": true
  },
  "bambooeverything:recipes/bamboo_trapdoor": {
    "criteria": {
      "has_bundle": "2025-03-31 23:05:34 +0000"
    },
    "done": true
  },
  "bambooeverything:recipes/dry_bamboo_trapdoor": {
    "criteria": {
      "has_dry_bundle": "2025-03-31 23:05:34 +0000"
    },
    "done": true
  },
  "minecraft:story/lava_bucket": {
    "criteria": {
      "lava_bucket": "2025-04-01 02:50:22 +0000"
    },
    "done": true
  },
  "minecraft:recipes/building_blocks/cobblestone_slab_from_cobblestone_stonecutting": {
    "criteria": {
      "has_cobblestone": "2025-03-31 23:09:36 +0000"
    },
    "done": true
  },
  "itemcollectors:recipes/decorations/advanced_collector": {
    "criteria": {
      "recipe_condition": "2025-04-01 01:38:24 +0000"
    },
    "done": true
  },
  "minecraft:recipes/building_blocks/oak_stairs": {
    "criteria": {
      "has_planks": "2025-03-31 23:16:51 +0000"
    },
    "done": true
  },
  "immersiveengineering:recipes/immersiveengineering/crafting/coil_lv": {
    "criteria": {
      "has_iron_ingot": "2025-04-01 02:30:33 +0000"
    },
    "done": true
  },
  "minecraft:recipes/building_blocks/polished_andesite_slab_from_andesite_stonecutting": {
    "criteria": {
      "has_andesite": "2025-04-01 02:27:33 +0000"
    },
    "done": true
  },
  "supplementaries:recipes/hanging_sign_minecraft/oak": {
    "criteria": {
      "has_plank": "2025-03-31 23:16:51 +0000"
    },
    "done": true
  },
  "ironchest:recipes/ironchest/chests/copper_iron_chest": {
    "criteria": {
      "has_item": "2025-04-01 02:30:33 +0000"
    },
    "done": true
  },
  "create:recipes/create.palettes/polished_cut_andesite_from_stone_types_andesite_stonecutting": {
    "criteria": {
      "has_stone_types_andesite": "2025-04-01 02:27:33 +0000"
    },
    "done": true
  },
  "minecraft:recipes/misc/copper_ingot_from_blasting_raw_copper": {
    "criteria": {
      "has_raw_copper": "2025-04-01 02:44:17 +0000"
    },
    "done": true
  },
  "minecraft:recipes/transportation/acacia_boat": {
    "criteria": {
      "in_water": "2025-04-01 02:14:39 +0000"
    },
    "done": true
  },
  "minecraft:recipes/redstone/iron_trapdoor": {
    "criteria": {
      "has_iron_ingot": "2025-04-01 02:30:33 +0000"
    },
    "done": true
  },
  "create:recipes/create.base/crafting/materials/zinc_nugget_from_decompacting": {
    "criteria": {
      "has_item": "2025-04-01 02:27:32 +0000"
    },
    "done": true
  },
  "farmersdelight:recipes/farmersdelight/cutting_board": {
    "criteria": {
      "has_stick": "2025-03-31 23:16:54 +0000"
    },
    "done": true
  },
  "immersiveengineering:recipes/immersiveengineering/crafting/toolbox": {
    "criteria": {
      "has_iron_ingot": "2025-04-01 02:30:33 +0000"
    },
    "done": true
  },
  "minecraft:adventure/root": {
    "criteria": {
      "killed_something": "2025-03-31 23:15:42 +0000"
    },
    "done": true
  },
  "mcwfences:recipes/bamboo": {
    "criteria": {
      "has_bamboo": "2025-03-31 23:05:34 +0000"
    },
    "done": true
  },
  "immersiveengineering:recipes/immersiveengineering/crafting/plate_iron_hammering": {
    "criteria": {
      "has_iron_ingot": "2025-04-01 02:30:33 +0000"
    },
    "done": true
  },
  "rftoolsutility:recipes/rftoolsutility/text_module": {
    "criteria": {
      "ingot": "2025-04-01 02:30:33 +0000"
    },
    "done": true
  },
  "mcwwindows:recipes/acacia": {
    "criteria": {
      "has_the_recipe": "2025-03-31 23:16:25 +0000"
    },
    "done": true
  },
  "bambooeverything:recipes/dry_bamboo_fence_gate": {
    "criteria": {
      "has_dry_bundle": "2025-03-31 23:05:34 +0000",
      "has_dry_bamboo": "2025-03-31 23:05:34 +0000"
    },
    "done": true
  },
  "minecraft:recipes/building_blocks/white_concrete_powder": {
    "criteria": {
      "has_gravel": "2025-03-31 23:25:41 +0000"
    },
    "done": true
  },
  "minecraft:recipes/building_blocks/white_wool_from_string": {
    "criteria": {
      "has_string": "2025-03-31 23:19:50 +0000"
    },
    "done": true
  },
  "tconstruct:recipes/tconstruct/tools/armor/building/travelers_pants": {
    "criteria": {
      "has_item": "2025-04-01 02:46:10 +0000"
    },
    "done": true
  },
  "bambooeverything:recipes/bamboo_ladder": {
    "criteria": {
      "has_bamboo": "2025-03-31 23:05:34 +0000"
    },
    "done": true
  },
  "create:recipes/create.palettes/small_andesite_brick_stairs_from_stone_types_andesite_stonecutting": {
    "criteria": {
      "has_stone_types_andesite": "2025-04-01 02:27:33 +0000"
    },
    "done": true
  },
  "minecraft:recipes/redstone/lightning_rod": {
    "criteria": {
      "has_copper_ingot": "2025-04-01 02:46:10 +0000"
    },
    "done": true
  },
  "minecraft:adventure/kill_all_mobs": {
    "criteria": {
      "minecraft:skeleton": "2025-03-31 23:28:36 +0000",
      "minecraft:creeper": "2025-04-01 02:37:39 +0000",
      "minecraft:zombie": "2025-04-01 02:35:39 +0000"
    },
    "done": false
  },
  "create:recipes/create.base/crafting/kinetics/water_wheel": {
    "criteria": {
      "has_item": "2025-04-01 02:27:55 +0000"
    },
    "done": true
  },
  "ftbsbc:recipes/ftbsbc/stone_rod": {
    "criteria": {
      "has_item": "2025-03-31 23:09:36 +0000"
    },
    "done": true
  },
  "create:recipes/create.palettes/smelting/scoria": {
    "criteria": {
      "has_item": "2025-04-01 02:34:52 +0000"
    },
    "done": true
  },
  "farmersdelight:recipes/farmersdelight/cooking_pot": {
    "criteria": {
      "has_iron_ingot": "2025-04-01 02:30:33 +0000"
    },
    "done": true
  },
  "create:recipes/create.base/crafting/materials/andesite_alloy_from_zinc": {
    "criteria": {
      "has_item": "2025-04-01 02:27:32 +0000"
    },
    "done": true
  },
  "mcwbridges:recipes/cobblestone_bridge_stair": {
    "criteria": {
      "has_planks": "2025-03-31 23:09:36 +0000"
    },
    "done": true
  },
  "minecraft:recipes/decorations/fletching_table": {
    "criteria": {
      "has_flint": "2025-04-01 02:43:51 +0000"
    },
    "done": true
  },
  "create:recipes/create.base/crafting/materials/andesite_alloy_from_block": {
    "criteria": {
      "has_item": "2025-04-01 02:27:55 +0000"
    },
    "done": true
  },
  "create:recipes/create.base/crafting/kinetics/radial_chassis": {
    "criteria": {
      "has_item": "2025-04-01 02:27:55 +0000"
    },
    "done": true
  },
  "create:recipes/create.base/crafting/kinetics/cart_assembler": {
    "criteria": {
      "has_item": "2025-04-01 02:27:55 +0000"
    },
    "done": true
  },
  "create:recipes/create.base/crafting/kinetics/mechanical_press": {
    "criteria": {
      "has_item": "2025-04-01 02:32:31 +0000"
    },
    "done": true
  },
  "immersiveengineering:recipes/immersiveengineering/crafting/wirecutter": {
    "criteria": {
      "has_iron_ingot": "2025-04-01 02:30:33 +0000"
    },
    "done": true
  },
  "ftbsbc:recipes/ftbsbc/stone_crook": {
    "criteria": {
      "has_item": "2025-03-31 23:12:56 +0000"
    },
    "done": true
  },
  "minecraft:recipes/misc/iron_nugget_from_smelting": {
    "criteria": {
      "has_chainmail_boots": "2025-03-31 23:18:02 +0000"
    },
    "done": true
  },
  "mcwbridges:recipes/balustrade_cobblestone_bridge": {
    "criteria": {
      "has_planks": "2025-03-31 23:09:36 +0000"
    },
    "done": true
  },
  "mcwwindows:recipes/diorite": {
    "criteria": {
      "has_the_recipe": "2025-03-31 23:16:25 +0000"
    },
    "done": true
  },
  "chiselsandbits:recipes/chiselsandbits/chiseled_printer": {
    "criteria": {
      "has_l": "2025-03-31 23:16:25 +0000"
    },
    "done": true
  },
  "minecraft:recipes/decorations/chain": {
    "criteria": {
      "has_iron_ingot": "2025-04-01 02:30:33 +0000"
    },
    "done": true
  },
  "immersiveengineering:recipes/immersiveengineering/crafting/screwdriver": {
    "criteria": {
      "has_iron_ingot": "2025-04-01 02:30:33 +0000"
    },
    "done": true
  },
  "create:recipes/create.palettes/cut_andesite_brick_wall_from_stone_types_andesite_stonecutting": {
    "criteria": {
      "has_stone_types_andesite": "2025-04-01 02:27:33 +0000"
    },
    "done": true
  },
  "minecraft:recipes/decorations/oak_fence": {
    "criteria": {
      "has_planks": "2025-03-31 23:16:51 +0000"
    },
    "done": true
  },
  "farmersdelight:recipes/farmersdelight/cooking/apple_cider": {
    "criteria": {
      "has_apple": "2025-03-31 23:17:54 +0000"
    },
    "done": true
  },
  "create:recipes/create.base/crafting/appliances/clipboard": {
    "criteria": {
      "has_item": "2025-04-01 02:27:55 +0000"
    },
    "done": true
  },
  "immersiveengineering:recipes/immersiveengineering/crafting/connector_hv_relay": {
    "criteria": {
      "has_aluminum_ingot": "2025-04-01 02:30:33 +0000"
    },
    "done": true
  },
  "minecraft:recipes/building_blocks/orange_concrete_powder": {
    "criteria": {
      "has_gravel": "2025-03-31 23:25:41 +0000"
    },
    "done": true
  },
  "minecraft:recipes/food/baked_potato_from_campfire_cooking": {
    "criteria": {
      "has_potato": "2025-04-01 02:25:25 +0000"
    },
    "done": true
  },
  "minecraft:recipes/building_blocks/oak_slab": {
    "criteria": {
      "has_planks": "2025-03-31 23:16:51 +0000"
    },
    "done": true
  },
  "mcwwindows:recipes/granite": {
    "criteria": {
      "has_the_recipe": "2025-03-31 23:16:25 +0000"
    },
    "done": true
  },
  "create:recipes/create.base/crafting/kinetics/shaft": {
    "criteria": {
      "has_item": "2025-04-01 02:27:55 +0000"
    },
    "done": true
  },
  "minecraft:recipes/building_blocks/raw_copper_block": {
    "criteria": {
      "has_raw_copper": "2025-04-01 02:44:17 +0000"
    },
    "done": true
  },
  "farmersdelight:recipes/farmersdelight/cooking/glow_berry_custard": {
    "criteria": {
      "has_any_ingredient": "2025-03-31 23:06:04 +0000"
    },
    "done": true
  },
  "create:recipes/create.base/crafting/kinetics/mechanical_drill": {
    "criteria": {
      "has_item": "2025-04-01 02:32:31 +0000"
    },
    "done": true
  },
  "mcwfences:recipes/deepslate": {
    "criteria": {
      "has_deepslate": "2025-03-31 23:05:34 +0000"
    },
    "done": true
  },
  "framedblocks:recipes/framed_blocks/framed_cube": {
    "criteria": {
      "hasPlanks": "2025-03-31 23:16:51 +0000"
    },
    "done": true
  },
  "mcwwindows:recipes/andesite": {
    "criteria": {
      "has_the_recipe": "2025-03-31 23:16:25 +0000"
    },
    "done": true
  },
  "create:andesite_alloy": {
    "criteria": {
      "0": "2025-04-01 02:27:55 +0000"
    },
    "done": true
  },
  "minecraft:recipes/misc/iron_ingot_from_blasting_raw_iron": {
    "criteria": {
      "has_raw_iron": "2025-04-01 02:30:03 +0000"
    },
    "done": true
  },
  "create:recipes/create.palettes/andesite_scaffolding_from_andesite_alloy_stonecutting": {
    "criteria": {
      "has_andesite_alloy": "2025-04-01 02:27:55 +0000"
    },
    "done": true
  },
  "immersiveengineering:recipes/immersiveengineering/crafting/rs_engineering": {
    "criteria": {
      "has_copper_ingot": "2025-04-01 02:46:10 +0000"
    },
    "done": true
  },
  "rftoolsutility:recipes/rftoolsutility/button_module": {
    "criteria": {
      "ingot": "2025-04-01 02:30:33 +0000"
    },
    "done": true
  },
  "immersiveengineering:recipes/immersiveengineering/crafting/plate_copper_hammering": {
    "criteria": {
      "has_copper_ingot": "2025-04-01 02:46:10 +0000"
    },
    "done": true
  },
  "minecraft:recipes/decorations/moss_carpet": {
    "criteria": {
      "has_moss_block": "2025-04-01 01:39:51 +0000"
    },
    "done": true
  },
  "farmersdelight:recipes/farmersdelight/cooking/baked_cod_stew": {
    "criteria": {
      "has_any_ingredient": "2025-04-01 02:25:25 +0000"
    },
    "done": true
  },
  "bambooeverything:recipes/dry_bamboo_slab": {
    "criteria": {
      "has_dry_bundle": "2025-03-31 23:05:34 +0000"
    },
    "done": true
  },
  "minecraft:recipes/building_blocks/mossy_stone_bricks_from_vine": {
    "criteria": {
      "has_vine": "2025-03-31 23:21:06 +0000"
    },
    "done": true
  },
  "minecraft:recipes/building_blocks/iron_block": {
    "criteria": {
      "has_iron_ingot": "2025-04-01 02:30:33 +0000"
    },
    "done": true
  },
  "mcwtrpdoors:recipes/oak/oak_cottage_trapdoor": {
    "criteria": {
      "has_logs": "2025-03-31 23:16:25 +0000"
    },
    "done": true
  },
  "create:recipes/create.base/crafting/kinetics/copper_valve_handle_from_others": {
    "criteria": {
      "has_item": "2025-04-01 02:46:10 +0000"
    },
    "done": true
  },
  "mcwbridges:recipes/oak_bridge_pier": {
    "criteria": {
      "has_planks": "2025-03-31 23:16:25 +0000"
    },
    "done": true
  },
  "create:recipes/create.base/crafting/kinetics/steam_engine": {
    "criteria": {
      "has_item": "2025-04-01 02:46:10 +0000"
    },
    "done": true
  },
  "bambooeverything:recipes/bamboo_bundle_uncrafting": {
    "criteria": {
      "has_bundle": "2025-03-31 23:05:34 +0000"
    },
    "done": true
  },
  "chiselsandbits:recipes/chiselsandbits/measuring_tape": {
    "criteria": {
      "has_s": "2025-03-31 23:19:50 +0000"
    },
    "done": true
  },
  "mcwfences:recipes/warped": {
    "criteria": {
      "has_warped": "2025-03-31 23:05:34 +0000"
    },
    "done": true
  },
  "tconstruct:recipes/tconstruct/smeltery/smeltery/copper_can": {
    "criteria": {
      "has_item": "2025-04-01 02:46:10 +0000"
    },
    "done": true
  },
  "create:recipes/create.base/crafting/kinetics/cuckoo_clock": {
    "criteria": {
      "has_item": "2025-04-01 02:27:55 +0000"
    },
    "done": true
  },
  "create:recipes/create.base/crafting/materials/andesite_alloy": {
    "criteria": {
      "has_item": "2025-04-01 02:30:33 +0000"
    },
    "done": true
  },
  "create:recipes/create.base/crafting/kinetics/large_cogwheel_from_little": {
    "criteria": {
      "has_item": "2025-04-01 02:27:55 +0000"
    },
    "done": true
  },
  "minecraft:recipes/combat/wooden_sword": {
    "criteria": {
      "has_stick": "2025-03-31 23:16:54 +0000"
    },
    "done": true
  },
  "create:recipes/create.base/crafting/kinetics/large_cogwheel": {
    "criteria": {
      "has_item": "2025-04-01 02:27:55 +0000"
    },
    "done": true
  },
  "minecraft:recipes/building_blocks/oak_planks": {
    "criteria": {
      "has_logs": "2025-03-31 23:16:25 +0000"
    },
    "done": true
  },
  "minecraft:recipes/building_blocks/gray_concrete_powder": {
    "criteria": {
      "has_gravel": "2025-03-31 23:25:41 +0000"
    },
    "done": true
  },
  "mcwfurnitures:recipes/oak": {
    "criteria": {
      "has_wood": "2025-03-31 23:16:25 +0000"
    },
    "done": true
  },
  "mcwtrpdoors:recipes/metal/metal_warning_trapdoor": {
    "criteria": {
      "has_logs": "2025-04-01 02:30:33 +0000"
    },
    "done": true
  },
  "minecraft:recipes/tools/iron_axe": {
    "criteria": {
      "has_iron_ingot": "2025-04-01 02:30:33 +0000"
    },
    "done": true
  },
  "immersiveengineering:recipes/immersiveengineering/crafting/wire_copper": {
    "criteria": {
      "has_copper_ingot": "2025-04-01 02:46:10 +0000"
    },
    "done": true
  },
  "create:recipes/create.base/crafting/kinetics/millstone": {
    "criteria": {
      "has_item": "2025-04-01 02:32:31 +0000"
    },
    "done": true
  },
  "create:recipes/create.palettes/cut_andesite_stairs_from_stone_types_andesite_stonecutting": {
    "criteria": {
      "has_stone_types_andesite": "2025-04-01 02:27:33 +0000"
    },
    "done": true
  },
  "minecraft:recipes/redstone/tripwire_hook": {
    "criteria": {
      "has_string": "2025-03-31 23:19:50 +0000"
    },
    "done": true
  },
  "minecraft:recipes/combat/iron_boots": {
    "criteria": {
      "has_iron_ingot": "2025-04-01 02:30:33 +0000"
    },
    "done": true
  },
  "minecraft:recipes/misc/bone_meal": {
    "criteria": {
      "has_bone": "2025-04-01 02:35:44 +0000"
    },
    "done": true
  },
  "minecraft:recipes/building_blocks/black_concrete_powder": {
    "criteria": {
      "has_gravel": "2025-03-31 23:25:41 +0000"
    },
    "done": true
  },
  "create:recipes/create.palettes/copycat_step_from_ingots_zinc_stonecutting": {
    "criteria": {
      "has_ingots_zinc": "2025-04-01 02:27:32 +0000"
    },
    "done": true
  },
  "rftoolsutility:recipes/rftoolsutility/crafter2": {
    "criteria": {
      "crafter1": "2025-04-01 01:38:24 +0000"
    },
    "done": true
  },
  "mcwwindows:recipes/components": {
    "criteria": {
      "has_wood": "2025-03-31 23:16:25 +0000"
    },
    "done": true
  },
  "create:recipes/create.base/crafting/logistics/andesite_tunnel": {
    "criteria": {
      "has_item": "2025-04-01 02:27:55 +0000"
    },
    "done": true
  },
  "farmersdelight:recipes/farmersdelight/iron_knife": {
    "criteria": {
      "has_iron_ingot": "2025-04-01 02:30:33 +0000"
    },
    "done": true
  },
  "minecraft:recipes/combat/crossbow": {
    "criteria": {
      "has_stick": "2025-03-31 23:16:54 +0000"
    },
    "done": true
  },
  "minecraft:recipes/combat/iron_chestplate": {
    "criteria": {
      "has_iron_ingot": "2025-04-01 02:30:33 +0000"
    },
    "done": true
  },
  "create:recipes/create.base/crafting/kinetics/wrench": {
    "criteria": {
      "has_item": "2025-04-01 02:27:55 +0000"
    },
    "done": true
  },
  "create:recipes/create.palettes/polished_cut_andesite_stairs_from_stone_types_andesite_stonecutting": {
    "criteria": {
      "has_stone_types_andesite": "2025-04-01 02:27:33 +0000"
    },
    "done": true
  },
  "mcwwindows:recipes/warped": {
    "criteria": {
      "has_the_recipe": "2025-03-31 23:16:25 +0000"
    },
    "done": true
  },
  "minecraft:recipes/decorations/oak_sign": {
    "criteria": {
      "has_planks": "2025-03-31 23:16:51 +0000"
    },
    "done": true
  },
  "minecraft:recipes/redstone/oak_trapdoor": {
    "criteria": {
      "has_planks": "2025-03-31 23:16:51 +0000"
    },
    "done": true
  },
  "create:recipes/create.palettes/copper_ladder_from_ingots_copper_stonecutting": {
    "criteria": {
      "has_ingots_copper": "2025-04-01 02:46:10 +0000"
    },
    "done": true
  },
  "create:recipes/create.base/crafting/kinetics/empty_blaze_burner": {
    "criteria": {
      "has_item": "2025-04-01 02:30:33 +0000"
    },
    "done": true
  },
  "minecraft:recipes/building_blocks/red_concrete_powder": {
    "criteria": {
      "has_gravel": "2025-03-31 23:25:41 +0000"
    },
    "done": true
  },
  "minecraft:recipes/misc/iron_nugget_from_blasting": {
    "criteria": {
      "has_chainmail_boots": "2025-03-31 23:18:02 +0000"
    },
    "done": true
  },
  "create:recipes/create.base/crafting/kinetics/chute": {
    "criteria": {
      "has_item": "2025-04-01 02:27:55 +0000"
    },
    "done": true
  },
  "minecraft:adventure/kill_a_mob": {
    "criteria": {
      "minecraft:skeleton": "2025-03-31 23:28:36 +0000"
    },
    "done": true
  },
  "create:recipes/create.palettes/small_andesite_bricks_from_stone_types_andesite_stonecutting": {
    "criteria": {
      "has_stone_types_andesite": "2025-04-01 02:27:33 +0000"
    },
    "done": true
  },
  "ae2wtlib:recipes/wireless_universal_terminal/upgrade_pattern_encoding": {
    "criteria": {
      "has_wpt": "2025-03-31 23:05:34 +0000"
    },
    "done": true
  },
  "mcwtrpdoors:recipes/acacia/oak_bark_trapdoor": {
    "criteria": {
      "has_logs": "2025-03-31 23:16:25 +0000"
    },
    "done": true
  },
  "mcwtrpdoors:recipes/metal/metal_trapdoor": {
    "criteria": {
      "has_logs": "2025-04-01 02:30:33 +0000"
    },
    "done": true
  },
  "create:recipes/create.palettes/crafting/kinetics/metal_girder": {
    "criteria": {
      "has_item": "2025-04-01 02:27:55 +0000"
    },
    "done": true
  },
  "mcwfences:recipes/blackstone": {
    "criteria": {
      "has_blackstone": "2025-03-31 23:05:34 +0000"
    },
    "done": true
  },
  "bambooeverything:recipes/dry_bamboo_door": {
    "criteria": {
      "has_dry_bundle": "2025-03-31 23:05:34 +0000"
    },
    "done": true
  },
  "minecraft:recipes/building_blocks/stone": {
    "criteria": {
      "has_cobblestone": "2025-03-31 23:09:36 +0000"
    },
    "done": true
  },
  "mcwtrpdoors:recipes/print_swamp": {
    "criteria": {
      "has_logs": "2025-03-31 23:21:06 +0000"
    },
    "done": true
  },
  "minecraft:adventure/adventuring_time": {
    "criteria": {
      "minecraft:plains": "2025-03-31 23:05:06 +0000"
    },
    "done": false
  },
  "ironchest:recipes/ironchest/chests/vanilla_iron_chest": {
    "criteria": {
      "has_iron_ingot": "2025-04-01 02:30:33 +0000"
    },
    "done": true
  },
  "ae2wtlib:recipes/wireless_universal_terminal/ce": {
    "criteria": {
      "has_wpt": "2025-03-31 23:05:34 +0000",
      "has_wct": "2025-03-31 23:05:34 +0000"
    },
    "done": true
  },
  "projecte:recipes/projecte/iron_band": {
    "criteria": {
      "has_lava": "2025-04-01 02:50:22 +0000"
    },
    "done": true
  },
  "create:recipes/create.palettes/small_andesite_brick_slab_from_stone_types_andesite_stonecutting": {
    "criteria": {
      "has_stone_types_andesite": "2025-04-01 02:27:33 +0000"
    },
    "done": true
  },
  "minecraft:recipes/combat/stone_sword": {
    "criteria": {
      "has_cobblestone": "2025-03-31 23:09:36 +0000"
    },
    "done": true
  },
  "minecraft:recipes/decorations/cobblestone_wall": {
    "criteria": {
      "has_cobblestone": "2025-03-31 23:09:36 +0000"
    },
    "done": true
  },
  "minecraft:recipes/decorations/barrel": {
    "criteria": {
      "has_planks": "2025-03-31 23:16:51 +0000"
    },
    "done": true
  },
  "immersiveengineering:recipes/immersiveengineering/crafting/jerrycan": {
    "criteria": {
      "has_bucket": "2025-04-01 02:34:06 +0000"
    },
    "done": true
  },
  "minecraft:recipes/misc/iron_ingot_from_smelting_raw_iron": {
    "criteria": {
      "has_raw_iron": "2025-04-01 02:30:03 +0000"
    },
    "done": true
  },
  "minecraft:recipes/tools/stone_pickaxe": {
    "criteria": {
      "has_cobblestone": "2025-03-31 23:09:36 +0000"
    },
    "done": true
  },
  "minecraft:recipes/decorations/smithing_table": {
    "criteria": {
      "has_iron_ingot": "2025-04-01 02:30:33 +0000"
    },
    "done": true
  },
  "mcwroofs:recipes/concrete": {
    "criteria": {
      "has_planks": "2025-03-31 23:28:00 +0000"
    },
    "done": true
  },
  "create:recipes/create.base/crafting/kinetics/display_board": {
    "criteria": {
      "has_item": "2025-04-01 02:27:55 +0000"
    },
    "done": true
  },
  "ae2wtlib:recipes/wireless_universal_terminal/ca": {
    "criteria": {
      "has_wit": "2025-03-31 23:05:34 +0000",
      "has_wct": "2025-03-31 23:05:34 +0000"
    },
    "done": true
  },
  "rftoolsutility:recipes/rftoolsutility/energyplus_module": {
    "criteria": {
      "ingot": "2025-04-01 02:30:33 +0000"
    },
    "done": true
  },
  "bambooeverything:recipes/bamboo_slab": {
    "criteria": {
      "has_bundle": "2025-03-31 23:05:34 +0000"
    },
    "done": true
  },
  "create:recipes/create.palettes/cut_andesite_wall_from_stone_types_andesite_stonecutting": {
    "criteria": {
      "has_stone_types_andesite": "2025-04-01 02:27:33 +0000"
    },
    "done": true
  },
  "rftoolsutility:recipes/rftoolsutility/energy_module": {
    "criteria": {
      "ingot": "2025-04-01 02:30:33 +0000"
    },
    "done": true
  },
  "minecraft:recipes/decorations/cobblestone_wall_from_cobblestone_stonecutting": {
    "criteria": {
      "has_cobblestone": "2025-03-31 23:09:36 +0000"
    },
    "done": true
  },
  "create:recipes/create.palettes/polished_cut_andesite_slab_from_stone_types_andesite_stonecutting": {
    "criteria": {
      "has_stone_types_andesite": "2025-04-01 02:27:33 +0000"
    },
    "done": true
  },
  "tconstruct:recipes/tconstruct/gadgets/gadgets/shuriken/flint_shuriken": {
    "criteria": {
      "has_item": "2025-04-01 02:43:51 +0000"
    },
    "done": true
  },
  "ftbsbc:recipes/ftbsbc/fire_plow": {
    "criteria": {
      "has_item": "2025-03-31 23:16:54 +0000"
    },
    "done": true
  },
  "mcwlights:recipes/paper_lamp": {
    "criteria": {
      "has_the_recipe": "2025-03-31 23:17:02 +0000"
    },
    "done": true
  },
  "minecraft:recipes/building_blocks/polished_andesite_slab_from_polished_andesite_stonecutting": {
    "criteria": {
      "has_polished_andesite": "2025-04-01 02:33:25 +0000"
    },
    "done": true
  },
  "create:recipes/create.base/crafting/kinetics/cogwheel": {
    "criteria": {
      "has_item": "2025-04-01 02:27:55 +0000"
    },
    "done": true
  },
  "mcwtrpdoors:recipes/oak/oak_beach_trapdoor": {
    "criteria": {
      "has_logs": "2025-03-31 23:16:25 +0000"
    },
    "done": true
  },
  "ftbsbc:recipes/ftbsbc/iron_hammer": {
    "criteria": {
      "has_item": "2025-04-01 02:30:33 +0000"
    },
    "done": true
  },
  "mcwwindows:recipes/oak": {
    "criteria": {
      "has_wood": "2025-03-31 23:16:25 +0000",
      "has_the_recipe": "2025-03-31 23:16:25 +0000"
    },
    "done": true
  },
  "rftoolsbase:recipes/rftoolsbase/smartwrench": {
    "criteria": {
      "iron": "2025-04-01 02:30:33 +0000"
    },
    "done": true
  },
  "create:recipes/create.base/crafting/kinetics/smart_fluid_pipe": {
    "criteria": {
      "has_item": "2025-04-01 02:46:10 +0000"
    },
    "done": true
  },
  "immersiveengineering:recipes/immersiveengineering/crafting/drillhead_iron": {
    "criteria": {
      "has_iron_ingot": "2025-04-01 02:30:33 +0000"
    },
    "done": true
  },
  "create:recipes/create.base/crafting/kinetics/belt_connector": {
    "criteria": {
      "has_item": "2025-04-01 02:27:55 +0000"
    },
    "done": true
  },
  "immersiveengineering:recipes/immersiveengineering/crafting/empty_casing": {
    "criteria": {
      "has_coppper_ingot": "2025-04-01 02:46:10 +0000"
    },
    "done": true
  },
  "minecraft:recipes/decorations/lantern": {
    "criteria": {
      "has_iron_ingot": "2025-04-01 02:30:33 +0000"
    },
    "done": true
  },
  "mcwfences:recipes/dark_oak": {
    "criteria": {
      "has_dark_oak": "2025-03-31 23:05:34 +0000"
    },
    "done": true
  },
  "industrialforegoing:recipes/industrialforegoing_core/dryrubber": {
    "criteria": {
      "has_item": "2025-03-31 23:05:34 +0000"
    },
    "done": true
  },
  "create:recipes/create.base/crafting/kinetics/hand_crank": {
    "criteria": {
      "has_item": "2025-04-01 02:27:55 +0000"
    },
    "done": true
  },
  "tconstruct:recipes/tconstruct/tools/armor/building/travelers_boots": {
    "criteria": {
      "has_item": "2025-04-01 02:46:10 +0000"
    },
    "done": true
  },
  "create:recipes/create.base/crafting/appliances/copper_diving_helmet": {
    "criteria": {
      "has_item": "2025-04-01 02:46:10 +0000"
    },
    "done": true
  },
  "compactcrafting:recipes/compactcrafting/base": {
    "criteria": {
      "got_ender_eye": "2025-03-31 23:05:34 +0000"
    },
    "done": true
  },
  "immersiveengineering:recipes/immersiveengineering/crafting/fluid_placer": {
    "criteria": {
      "has_iron_plate": "2025-04-01 02:30:43 +0000"
    },
    "done": true
  },
  "create:recipes/create.base/crafting/curiosities/minecart_coupling": {
    "criteria": {
      "has_item": "2025-04-01 02:27:55 +0000"
    },
    "done": true
  },
  "ironchest:recipes/ironchest/upgrades/wood_to_copper_chest_upgrade": {
    "criteria": {
      "has_item": "2025-03-31 23:16:51 +0000"
    },
    "done": true
  },
  "minecraft:recipes/decorations/andesite_wall": {
    "criteria": {
      "has_andesite": "2025-04-01 02:27:33 +0000"
    },
    "done": true
  },
  "minecraft:recipes/building_blocks/andesite_slab": {
    "criteria": {
      "has_andesite": "2025-04-01 02:27:33 +0000"
    },
    "done": true
  },
  "mcwtrpdoors:recipes/oak/oak_barrel_trapdoor": {
    "criteria": {
      "has_logs": "2025-03-31 23:16:25 +0000"
    },
    "done": true
  },
  "mcwwindows:recipes/stone": {
    "criteria": {
      "has_the_recipe": "2025-03-31 23:16:25 +0000"
    },
    "done": true
  },
  "minecraft:recipes/tools/stone_axe": {
    "criteria": {
      "has_cobblestone": "2025-03-31 23:09:36 +0000"
    },
    "done": true
  },
  "minecraft:recipes/building_blocks/raw_iron_block": {
    "criteria": {
      "has_raw_iron": "2025-04-01 02:30:03 +0000"
    },
    "done": true
  },
  "ae2wtlib:recipes/wireless_pattern_encoding_terminal": {
    "criteria": {
      "has_wt": "2025-03-31 23:05:34 +0000"
    },
    "done": true
  },
  "minecraft:recipes/decorations/soul_torch": {
    "criteria": {
      "has_soul_sand": "2025-04-01 02:34:52 +0000"
    },
    "done": true
  },
  "create:recipes/create.base/crafting/kinetics/hose_pulley": {
    "criteria": {
      "has_item": "2025-04-01 02:46:10 +0000"
    },
    "done": true
  },
  "create:recipes/create.palettes/cut_andesite_brick_stairs_from_stone_types_andesite_stonecutting": {
    "criteria": {
      "has_stone_types_andesite": "2025-04-01 02:27:33 +0000"
    },
    "done": true
  },
  "immersiveengineering:recipes/immersiveengineering/crafting/empty_shell": {
    "criteria": {
      "has_coppper_ingot": "2025-04-01 02:46:10 +0000"
    },
    "done": true
  },
  "rftoolsstorage:recipes/rftoolsstorage/storage_control_module": {
    "criteria": {
      "ingot": "2025-04-01 02:30:33 +0000"
    },
    "done": true
  },
  "ironchest:recipes/ironchest/chests/vanilla_copper_chest": {
    "criteria": {
      "has_item": "2025-04-01 02:46:10 +0000"
    },
    "done": true
  },
  "minecraft:recipes/building_blocks/cobblestone_stairs_from_cobblestone_stonecutting": {
    "criteria": {
      "has_cobblestone": "2025-03-31 23:09:36 +0000"
    },
    "done": true
  },
  "farmersdelight:recipes/farmersdelight/cooking/chicken_soup": {
    "criteria": {
      "has_any_ingredient": "2025-04-01 02:25:25 +0000"
    },
    "done": true
  },
  "minecraft:recipes/building_blocks/magenta_concrete_powder": {
    "criteria": {
      "has_gravel": "2025-03-31 23:25:41 +0000"
    },
    "done": true
  },
  "ae2wtlib:recipes/infinity_booster_card": {
    "criteria": {
      "has_wit": "2025-03-31 23:05:34 +0000",
      "has_wpt": "2025-03-31 23:05:34 +0000",
      "has_wct": "2025-03-31 23:05:34 +0000"
    },
    "done": true
  },
  "compactcrafting:recipes/compactcrafting/match_proxy": {
    "criteria": {
      "got_redstone": "2025-03-31 23:05:34 +0000"
    },
    "done": true
  },
  "minecraft:recipes/building_blocks/polished_andesite_stairs_from_andesite_stonecutting": {
    "criteria": {
      "has_andesite": "2025-04-01 02:27:33 +0000"
    },
    "done": true
  },
  "create:recipes/create.base/crafting/kinetics/gantry_carriage": {
    "criteria": {
      "has_item": "2025-04-01 02:32:31 +0000"
    },
    "done": true
  },
  "minecraft:recipes/building_blocks/polished_andesite_stairs": {
    "criteria": {
      "has_polished_andesite": "2025-04-01 02:33:25 +0000"
    },
    "done": true
  },
  "ae2wtlib:recipes/magnet_card": {
    "criteria": {
      "has_wct": "2025-03-31 23:05:34 +0000"
    },
    "done": true
  },
  "constructionwand:recipes/tools/iron_wand": {
    "criteria": {
      "has_item": "2025-04-01 02:30:33 +0000"
    },
    "done": true
  },
  "ae2:recipes/ae2.main/decorative/light_detector": {
    "criteria": {
      "has_iron_ingot": "2025-04-01 02:30:33 +0000"
    },
    "done": true
  },
  "bambooeverything:recipes/bamboo_door": {
    "criteria": {
      "has_bundle": "2025-03-31 23:05:34 +0000"
    },
    "done": true
  },
  "minecraft:recipes/decorations/campfire": {
    "criteria": {
      "has_stick": "2025-03-31 23:16:54 +0000"
    },
    "done": true
  },
  "minecraft:recipes/decorations/candle": {
    "criteria": {
      "has_string": "2025-03-31 23:19:50 +0000"
    },
    "done": true
  },
  "create:recipes/create.base/crafting/kinetics/mechanical_piston": {
    "criteria": {
      "has_item": "2025-04-01 02:32:31 +0000"
    },
    "done": true
  },
  "mcwpaths:recipes/cobblestone": {
    "criteria": {
      "has_wood": "2025-03-31 23:09:36 +0000"
    },
    "done": true
  },
  "mcwbridges:recipes/asian_red_bridge": {
    "criteria": {
      "has_planks": "2025-03-31 23:16:51 +0000"
    },
    "done": true
  },
  "minecraft:recipes/misc/iron_nugget": {
    "criteria": {
      "has_iron_ingot": "2025-04-01 02:30:33 +0000"
    },
    "done": true
  },
  "immersiveengineering:recipes/immersiveengineering/crafting/stick_iron": {
    "criteria": {
      "has_iron_ingot": "2025-04-01 02:30:33 +0000"
    },
    "done": true
  },
  "immersiveengineering:recipes/immersiveengineering/crafting/chute_iron": {
    "criteria": {
      "has_plate": "2025-04-01 02:30:43 +0000"
    },
    "done": true
  },
  "mcwroofs:recipes/oak": {
    "criteria": {
      "has_planks": "2025-03-31 23:16:25 +0000"
    },
    "done": true
  },
  "minecraft:recipes/building_blocks/brown_concrete_powder": {
    "criteria": {
      "has_gravel": "2025-03-31 23:25:41 +0000"
    },
    "done": true
  },
  "create:recipes/create.base/crafting/kinetics/fluid_valve": {
    "criteria": {
      "has_item": "2025-04-01 02:46:10 +0000"
    },
    "done": true
  },
  "ironchest:recipes/ironchest/chests/vanilla_dirt_chest": {
    "criteria": {
      "has_iron_ingot": "2025-03-31 23:14:58 +0000"
    },
    "done": true
  },
  "rftoolsstorage:recipes/rftoolsstorage/dump_module": {
    "criteria": {
      "ingot": "2025-04-01 02:30:33 +0000"
    },
    "done": true
  },
  "immersiveengineering:recipes/decorations/crafting/torch": {
    "criteria": {
      "has_stick": "2025-03-31 23:16:54 +0000"
    },
    "done": true
  },
  "create:recipes/create.base/crafting/kinetics/weighted_ejector": {
    "criteria": {
      "has_item": "2025-04-01 02:32:31 +0000"
    },
    "done": true
  },
  "mcwtrpdoors:recipes/oak/oak_barn_trapdoor": {
    "criteria": {
      "has_logs": "2025-03-31 23:16:25 +0000"
    },
    "done": true
  },
  "create:recipes/create.base/crafting/kinetics/analog_lever": {
    "criteria": {
      "has_item": "2025-04-01 02:27:55 +0000"
    },
    "done": true
  },
  "minicoal:recipes/misc/mini_coal": {
    "criteria": {
      "has_coal": "2025-04-01 02:30:17 +0000"
    },
    "done": true
  },
  "immersiveengineering:recipes/immersiveengineering/crafting/connector_lv": {
    "criteria": {
      "has_copper_ingot": "2025-04-01 02:46:10 +0000"
    },
    "done": true
  },
  "mcwlights:recipes/tiki_torches": {
    "criteria": {
      "has_the_recipe": "2025-03-31 23:17:02 +0000"
    },
    "done": true
  },
  "minecraft:recipes/transportation/spruce_boat": {
    "criteria": {
      "in_water": "2025-04-01 02:14:39 +0000"
    },
    "done": true
  },
  "mcwdoors:recipes/oak": {
    "criteria": {
      "has_wood": "2025-03-31 23:16:25 +0000"
    },
    "done": true
  },
  "create:recipes/create.palettes/oak_window": {
    "criteria": {
      "has_ingredient": "2025-03-31 23:16:51 +0000"
    },
    "done": true
  },
  "chiselsandbits:recipes/chiselsandbits/chisel_diamond": {
    "criteria": {
      "has_rod": "2025-03-31 23:16:54 +0000"
    },
    "done": true
  },
  "minecraft:recipes/building_blocks/terracotta": {
    "criteria": {
      "has_clay_block": "2025-03-31 23:22:17 +0000"
    },
    "done": true
  },
  "justhammers:recipes/justhammers.justhammers_tab/iron_hammer": {
    "criteria": {
      "has_material": "2025-04-01 02:30:33 +0000"
    },
    "done": true
  },
  "minecraft:recipes/tools/flint_and_steel": {
    "criteria": {
      "has_flint": "2025-04-01 02:43:51 +0000"
    },
    "done": true
  },
  "create:recipes/create.base/crafting/kinetics/mechanical_plough": {
    "criteria": {
      "has_item": "2025-04-01 02:32:31 +0000"
    },
    "done": true
  },
  "projecte:recipes/projecte/low_covalence_dust": {
    "criteria": {
      "has_cobble": "2025-03-31 23:09:36 +0000"
    },
    "done": true
  },
  "create:recipes/create.palettes/crafting/materials/zinc_block_from_compacting": {
    "criteria": {
      "has_item": "2025-04-01 02:27:32 +0000"
    },
    "done": true
  },
  "mcwroofs:recipes/oak_planks": {
    "criteria": {
      "has_planks": "2025-03-31 23:16:51 +0000"
    },
    "done": true
  },
  "mcwfences:recipes/spruce": {
    "criteria": {
      "has_spruce": "2025-03-31 23:05:34 +0000"
    },
    "done": true
  },
  "mcwfences:recipes/hedge": {
    "criteria": {
      "has_birch": "2025-03-31 23:05:34 +0000"
    },
    "done": true
  },
  "minecraft:husbandry/balanced_diet": {
    "criteria": {
      "apple": "2025-03-31 23:22:22 +0000",
      "bread": "2025-04-01 01:46:29 +0000",
      "glow_berries": "2025-03-31 23:06:27 +0000"
    },
    "done": false
  },
  "minecraft:recipes/tools/wooden_hoe": {
    "criteria": {
      "has_stick": "2025-03-31 23:16:54 +0000"
    },
    "done": true
  },
  "mcwwindows:recipes/dark_oak": {
    "criteria": {
      "has_the_recipe": "2025-03-31 23:16:25 +0000"
    },
    "done": true
  },
  "immersiveengineering:recipes/immersiveengineering/crafting/voltmeter": {
    "criteria": {
      "has_copper_ingot": "2025-04-01 02:46:10 +0000"
    },
    "done": true
  },
  "minecraft:recipes/misc/bucket": {
    "criteria": {
      "has_iron_ingot": "2025-04-01 02:30:33 +0000"
    },
    "done": true
  },
  "create:recipes/create.palettes/andesite_bars_from_andesite_alloy_stonecutting": {
    "criteria": {
      "has_andesite_alloy": "2025-04-01 02:27:55 +0000"
    },
    "done": true
  },
  "minecraft:recipes/building_blocks/cobblestone_stairs": {
    "criteria": {
      "has_cobblestone": "2025-03-31 23:09:36 +0000"
    },
    "done": true
  },
  "simplemagnets:recipes/simplemagnets/basicmagnet": {
    "criteria": {
      "recipe_condition": "2025-04-01 02:30:33 +0000"
    },
    "done": true
  },
  "ae2wtlib:recipes/wireless_universal_terminal/upgrade_crafting": {
    "criteria": {
      "has_wct": "2025-03-31 23:05:34 +0000"
    },
    "done": true
  },
  "ae2wtlib:recipes/wireless_universal_terminal/ae": {
    "criteria": {
      "has_wit": "2025-03-31 23:05:34 +0000",
      "has_wpt": "2025-03-31 23:05:34 +0000"
    },
    "done": true
  },
  "mcwbridges:recipes/cobblestone_bridge_pier": {
    "criteria": {
      "has_planks": "2025-03-31 23:09:36 +0000"
    },
    "done": true
  },
  "farmersdelight:recipes/food/cooking/rabbit_stew": {
    "criteria": {
      "has_any_ingredient": "2025-04-01 02:25:25 +0000"
    },
    "done": true
  },
  "mcwwindows:recipes/prismarine": {
    "criteria": {
      "has_the_recipe": "2025-03-31 23:16:25 +0000"
    },
    "done": true
  },
  "create:recipes/create.palettes/copper_tiles_from_ingots_copper_stonecutting": {
    "criteria": {
      "has_ingots_copper": "2025-04-01 02:46:10 +0000"
    },
    "done": true
  },
  "create:recipes/create.base/crafting/kinetics/rose_quartz_lamp": {
    "criteria": {
      "has_item": "2025-04-01 02:27:32 +0000"
    },
    "done": true
  },
  "create:recipes/create.palettes/copper_scaffolding_from_ingots_copper_stonecutting": {
    "criteria": {
      "has_ingots_copper": "2025-04-01 02:46:10 +0000"
    },
    "done": true
  },
  "constructionwand:recipes/tools/stone_wand": {
    "criteria": {
      "has_item": "2025-03-31 23:09:36 +0000"
    },
    "done": true
  },
  "create:recipes/create.base/crafting/kinetics/whisk": {
    "criteria": {
      "has_item": "2025-04-01 02:30:43 +0000"
    },
    "done": true
  },
  "mcwwindows:recipes/crimson": {
    "criteria": {
      "has_the_recipe": "2025-03-31 23:16:25 +0000"
    },
    "done": true
  },
  "create:recipes/create.palettes/layered_andesite_from_stone_types_andesite_stonecutting": {
    "criteria": {
      "has_stone_types_andesite": "2025-04-01 02:27:33 +0000"
    },
    "done": true
  },
  "minecraft:recipes/building_blocks/light_blue_concrete_powder": {
    "criteria": {
      "has_gravel": "2025-03-31 23:25:41 +0000"
    },
    "done": true
  },
  "chiselsandbits:recipes/chiselsandbits/wrench": {
    "criteria": {
      "has_p": "2025-03-31 23:16:51 +0000"
    },
    "done": true
  },
  "bambooeverything:recipes/dry_bamboo_bundle_uncrafting": {
    "criteria": {
      "has_dry_bundle": "2025-03-31 23:05:34 +0000"
    },
    "done": true
  },
  "create:recipes/create.base/crafting/kinetics/mechanical_saw": {
    "criteria": {
      "has_item": "2025-04-01 02:32:31 +0000"
    },
    "done": true
  },
  "mcwbridges:recipes/asian_red_bridge_pier": {
    "criteria": {
      "has_planks": "2025-03-31 23:16:51 +0000"
    },
    "done": true
  },
  "minecraft:recipes/building_blocks/glass": {
    "criteria": {
      "has_sand": "2025-03-31 23:28:00 +0000"
    },
    "done": true
  },
  "minecraft:recipes/combat/iron_helmet": {
    "criteria": {
      "has_iron_ingot": "2025-04-01 02:30:33 +0000"
    },
    "done": true
  },
  "minecraft:recipes/combat/bow": {
    "criteria": {
      "has_string": "2025-03-31 23:19:50 +0000"
    },
    "done": true
  },
  "minecraft:recipes/redstone/oak_fence_gate": {
    "criteria": {
      "has_planks": "2025-03-31 23:16:51 +0000"
    },
    "done": true
  },
  "minecraft:recipes/building_blocks/purple_concrete_powder": {
    "criteria": {
      "has_gravel": "2025-03-31 23:25:41 +0000"
    },
    "done": true
  },
  "rftoolsutility:recipes/rftoolsutility/counterplus_module": {
    "criteria": {
      "ingot": "2025-04-01 02:30:33 +0000"
    },
    "done": true
  },
  "mcwbridges:recipes/andesite_bridge": {
    "criteria": {
      "has_planks": "2025-04-01 02:27:33 +0000"
    },
    "done": true
  },
  "immersiveengineering:recipes/immersiveengineering/crafting/hammer": {
    "criteria": {
      "has_iron_ingot": "2025-04-01 02:30:33 +0000"
    },
    "done": true
  },
  "rftoolsutility:recipes/rftoolsutility/inventory_module": {
    "criteria": {
      "ingot": "2025-04-01 02:30:33 +0000"
    },
    "done": true
  },
  "create:recipes/create.base/crafting/kinetics/rope_pulley": {
    "criteria": {
      "has_item": "2025-04-01 02:27:55 +0000"
    },
    "done": true
  },
  "minecraft:story/mine_stone": {
    "criteria": {
      "get_stone": "2025-03-31 23:09:36 +0000"
    },
    "done": true
  },
  "create:recipes/create.base/crafting/kinetics/depot": {
    "criteria": {
      "has_item": "2025-04-01 02:32:31 +0000"
    },
    "done": true
  },
  "minecraft:recipes/decorations/furnace": {
    "criteria": {
      "has_cobblestone": "2025-03-31 23:09:36 +0000"
    },
    "done": true
  },
  "create:recipes/create.base/crafting/kinetics/encased_fan": {
    "criteria": {
      "has_item": "2025-04-01 02:30:43 +0000"
    },
    "done": true
  },
  "minecraft:recipes/transportation/minecart": {
    "criteria": {
      "has_iron_ingot": "2025-04-01 02:30:33 +0000"
    },
    "done": true
  },
  "create:recipes/create.base/crafting/logistics/andesite_funnel": {
    "criteria": {
      "has_item": "2025-04-01 02:27:55 +0000"
    },
    "done": true
  },
  "create:andesite_casing": {
    "criteria": {
      "0": "2025-04-01 02:29:22 +0000"
    },
    "done": true
  },
  "minecraft:recipes/misc/charcoal": {
    "criteria": {
      "has_log": "2025-03-31 23:16:25 +0000"
    },
    "done": true
  },
  "minecraft:recipes/building_blocks/andesite_stairs": {
    "criteria": {
      "has_andesite": "2025-04-01 02:27:33 +0000"
    },
    "done": true
  },
  "mcwtrpdoors:recipes/print_classic": {
    "criteria": {
      "has_logs": "2025-03-31 23:16:25 +0000"
    },
    "done": true
  },
  "minecraft:recipes/tools/wooden_pickaxe": {
    "criteria": {
      "has_stick": "2025-03-31 23:16:54 +0000"
    },
    "done": true
  },
  "minecraft:recipes/tools/iron_hoe": {
    "criteria": {
      "has_iron_ingot": "2025-04-01 02:30:33 +0000"
    },
    "done": true
  },
  "create:recipes/create.base/crafting/kinetics/mechanical_pump": {
    "criteria": {
      "has_item": "2025-04-01 02:46:10 +0000"
    },
    "done": true
  },
  "create:recipes/create.base/crafting/kinetics/portable_storage_interface": {
    "criteria": {
      "has_item": "2025-04-01 02:32:31 +0000"
    },
    "done": true
  },
  "minecraft:husbandry/root": {
    "criteria": {
      "consumed_item": "2025-03-31 23:06:27 +0000"
    },
    "done": true
  },
  "mcwfences:recipes/nether": {
    "criteria": {
      "has_nether_brick": "2025-03-31 23:05:34 +0000"
    },
    "done": true
  },
  "minecraft:recipes/transportation/birch_boat": {
    "criteria": {
      "in_water": "2025-04-01 02:14:39 +0000"
    },
    "done": true
  },
  "rftoolsutility:recipes/rftoolsutility/counter_module": {
    "criteria": {
      "ingot": "2025-04-01 02:30:33 +0000"
    },
    "done": true
  },
  "minecraft:recipes/building_blocks/green_concrete_powder": {
    "criteria": {
      "has_gravel": "2025-03-31 23:25:41 +0000"
    },
    "done": true
  },
  "minecraft:recipes/building_blocks/polished_andesite_from_andesite_stonecutting": {
    "criteria": {
      "has_andesite": "2025-04-01 02:27:33 +0000"
    },
    "done": true
  },
  "trashcans:recipes/decorations/liquid_trash_can": {
    "criteria": {
      "recipe_condition": "2025-04-01 02:34:06 +0000"
    },
    "done": true
  },
  "minecraft:recipes/tools/iron_shovel": {
    "criteria": {
      "has_iron_ingot": "2025-04-01 02:30:33 +0000"
    },
    "done": true
  },
  "mcwfences:recipes/crimson": {
    "criteria": {
      "has_crimson": "2025-03-31 23:05:34 +0000"
    },
    "done": true
  },
  "mcwfences:recipes/prismarine": {
    "criteria": {
      "has_qq": "2025-03-31 23:05:34 +0000"
    },
    "done": true
  },
  "immersiveengineering:recipes/immersiveengineering/crafting/connector_hv": {
    "criteria": {
      "has_aluminum_ingot": "2025-04-01 02:30:33 +0000"
    },
    "done": true
  },
  "immersiveengineering:recipes/immersiveengineering/crafting/component_iron": {
    "criteria": {
      "has_iron_ingot": "2025-04-01 02:30:33 +0000"
    },
    "done": true
  },
  "mcwtrpdoors:recipes/oak/oak_barred_trapdoor": {
    "criteria": {
      "has_logs": "2025-03-31 23:16:25 +0000"
    },
    "done": true
  },
  "mcwtrpdoors:recipes/oak/oak_swamp_trapdoor": {
    "criteria": {
      "has_logs": "2025-03-31 23:16:25 +0000"
    },
    "done": true
  },
  "farmersdelight:main/root": {
    "criteria": {
      "seeds": "2025-03-31 23:05:34 +0000"
    },
    "done": true
  },
  "mcwwindows:recipes/parapets": {
    "criteria": {
      "has_wood": "2025-03-31 23:16:51 +0000"
    },
    "done": true
  },
  "botania:recipes/botania/lexicon": {
    "criteria": {
      "has_item": "2025-03-31 23:17:35 +0000"
    },
    "done": true
  },
  "minecraft:recipes/tools/stone_hoe": {
    "criteria": {
      "has_cobblestone": "2025-03-31 23:09:36 +0000"
    },
    "done": true
  },
  "chiselsandbits:recipes/chiselsandbits/modification_table": {
    "criteria": {
      "has_b": "2025-03-31 23:16:25 +0000"
    },
    "done": true
  },
  "minecraft:recipes/food/baked_potato_from_smoking": {
    "criteria": {
      "has_potato": "2025-04-01 02:25:25 +0000"
    },
    "done": true
  },
  "tconstruct:recipes/tconstruct/tools/armor/building/travelers_goggles": {
    "criteria": {
      "has_item": "2025-04-01 02:46:10 +0000"
    },
    "done": true
  },
  "create:recipes/create.base/crafting/kinetics/piston_extension_pole": {
    "criteria": {
      "has_item": "2025-04-01 02:27:55 +0000"
    },
    "done": true
  },
  "mcwfences:recipes/quartz": {
    "criteria": {
      "has_qq": "2025-03-31 23:05:34 +0000"
    },
    "done": true
  },
  "create:recipes/create.base/crafting/kinetics/wooden_bracket": {
    "criteria": {
      "has_item": "2025-04-01 02:27:55 +0000"
    },
    "done": true
  },
  "mcwdoors:recipes/metal": {
    "criteria": {
      "has_wood": "2025-04-01 02:30:33 +0000"
    },
    "done": true
  },
  "create:recipes/create.base/crafting/kinetics/contraption_controls": {
    "criteria": {
      "has_item": "2025-04-01 02:27:55 +0000"
    },
    "done": true
  },
  "farmersdelight:recipes/farmersdelight/cooking/dog_food": {
    "criteria": {
      "has_any_ingredient": "2025-03-31 23:19:32 +0000"
    },
    "done": true
  },
  "create:recipes/create.base/crafting/kinetics/speedometer": {
    "criteria": {
      "has_item": "2025-04-01 02:27:55 +0000"
    },
    "done": true
  },
  "create:recipes/create.palettes/cut_andesite_brick_slab_from_stone_types_andesite_stonecutting": {
    "criteria": {
      "has_stone_types_andesite": "2025-04-01 02:27:33 +0000"
    },
    "done": true
  },
  "minecraft:recipes/food/baked_potato": {
    "criteria": {
      "has_potato": "2025-04-01 02:25:25 +0000"
    },
    "done": true
  },
  "botania:recipes/botania/vine_ball": {
    "criteria": {
      "has_item": "2025-03-31 23:21:06 +0000"
    },
    "done": true
  },
  "create:root": {
    "criteria": {
      "0": "2025-03-31 23:05:34 +0000"
    },
    "done": true
  },
  "minecraft:story/upgrade_tools": {
    "criteria": {
      "stone_pickaxe": "2025-03-31 23:17:02 +0000"
    },
    "done": true
  },
  "rftoolsbase:recipes/rftoolsbase/crafting_card": {
    "criteria": {
      "crafter": "2025-04-01 02:30:10 +0000"
    },
    "done": true
  },
  "tconstruct:recipes/tconstruct/general/common/iron_platform": {
    "criteria": {
      "has_bars": "2025-04-01 02:30:33 +0000"
    },
    "done": true
  },
  "tconstruct:recipes/misc/common/flint": {
    "criteria": {
      "has_item": "2025-03-31 23:25:41 +0000"
    },
    "done": true
  },
  "minecraft:recipes/transportation/oak_boat": {
    "criteria": {
      "in_water": "2025-04-01 02:14:39 +0000"
    },
    "done": true
  },
  "supplementaries:recipes/sign_post_minecraft/oak": {
    "criteria": {
      "has_plank": "2025-03-31 23:16:51 +0000"
    },
    "done": true
  },
  "bambooeverything:recipes/bamboo_fence": {
    "criteria": {
      "has_bamboo": "2025-03-31 23:05:34 +0000",
      "has_bundle": "2025-03-31 23:05:34 +0000"
    },
    "done": true
  },
  "minecraft:recipes/building_blocks/cyan_concrete_powder": {
    "criteria": {
      "has_gravel": "2025-03-31 23:25:41 +0000"
    },
    "done": true
  },
  "create:recipes/create.palettes/cut_andesite_from_stone_types_andesite_stonecutting": {
    "criteria": {
      "has_stone_types_andesite": "2025-04-01 02:27:33 +0000"
    },
    "done": true
  },
  "create:recipes/create.base/crafting/kinetics/propeller": {
    "criteria": {
      "has_item": "2025-04-01 02:30:43 +0000"
    },
    "done": true
  },
  "minecraft:recipes/tools/wooden_axe": {
    "criteria": {
      "has_stick": "2025-03-31 23:16:54 +0000"
    },
    "done": true
  },
  "create:recipes/create.base/crafting/kinetics/fluid_pipe_vertical": {
    "criteria": {
      "has_item": "2025-04-01 02:46:10 +0000"
    },
    "done": true
  },
  "farmersdelight:main/plant_all_crops": {
    "criteria": {
      "glow_berries": "2025-03-31 23:07:07 +0000"
    },
    "done": false
  },
  "immersiveengineering:recipes/immersiveengineering/crafting/radiator": {
    "criteria": {
      "has_water_bucket": "2025-04-01 02:34:13 +0000"
    },
    "done": true
  },
  "compactcrafting:recipes/compactcrafting/rescan_proxy": {
    "criteria": {
      "got_crafting_table": "2025-03-31 23:05:34 +0000"
    },
    "done": true
  },
  "create:recipes/create.base/crafting/kinetics/goggles": {
    "criteria": {
      "has_item": "2025-04-01 02:27:55 +0000"
    },
    "done": true
  },
  "create:copper": {
    "criteria": {
      "0": "2025-04-01 02:46:10 +0000"
    },
    "done": true
  },
  "minecraft:recipes/decorations/loom": {
    "criteria": {
      "has_string": "2025-03-31 23:19:50 +0000"
    },
    "done": true
  },
  "farmersdelight:recipes/farmersdelight/cooking/fried_rice": {
    "criteria": {
      "has_any_ingredient": "2025-04-01 02:25:25 +0000"
    },
    "done": true
  },
  "create:recipes/create.base/crafting/kinetics/gearbox": {
    "criteria": {
      "has_item": "2025-04-01 02:32:25 +0000"
    },
    "done": true
  },
  "mcwbridges:recipes/oak_log_bridge_middle": {
    "criteria": {
      "has_planks": "2025-03-31 23:16:51 +0000"
    },
    "done": true
  },
  "mcwwindows:recipes/blinds": {
    "criteria": {
      "has_wood": "2025-03-31 23:16:51 +0000"
    },
    "done": true
  },
  "mcwfences:recipes/sandstone": {
    "criteria": {
      "has_sand": "2025-03-31 23:05:34 +0000"
    },
    "done": true
  },
  "bambooeverything:recipes/dry_bamboo_ladder": {
    "criteria": {
      "has_dry_bamboo": "2025-03-31 23:05:34 +0000"
    },
    "done": true
  },
  "mcwroofs:recipes/gutters": {
    "criteria": {
      "has_planks": "2025-04-01 02:30:33 +0000"
    },
    "done": true
  },
  "tconstruct:recipes/tconstruct/general/common/copper_platform": {
    "criteria": {
      "has_bars": "2025-04-01 02:46:10 +0000"
    },
    "done": true
  },
  "mcwbridges:recipes/iron_bridge_pier": {
    "criteria": {
      "has_planks": "2025-04-01 02:30:33 +0000"
    },
    "done": true
  },
  "mcwpaths:recipes/oak": {
    "criteria": {
      "has_wood": "2025-03-31 23:16:51 +0000"
    },
    "done": true
  },
  "mcwbridges:recipes/pliers": {
    "criteria": {
      "has_planks": "2025-04-01 02:30:33 +0000"
    },
    "done": true
  },
  "mcwroofs:recipes/cobblestone": {
    "criteria": {
      "has_planks": "2025-03-31 23:09:36 +0000"
    },
    "done": true
  },
  "mcwtrpdoors:recipes/oak/oak_four_panel_trapdoor": {
    "criteria": {
      "has_logs": "2025-03-31 23:16:25 +0000"
    },
    "done": true
  },
  "minecraft:recipes/building_blocks/mossy_cobblestone_from_moss_block": {
    "criteria": {
      "has_moss_block": "2025-04-01 01:39:51 +0000"
    },
    "done": true
  },
  "minecraft:recipes/building_blocks/andesite_slab_from_andesite_stonecutting": {
    "criteria": {
      "has_andesite": "2025-04-01 02:27:33 +0000"
    },
    "done": true
  },
  "minecraft:recipes/combat/arrow": {
    "criteria": {
      "has_flint": "2025-04-01 02:43:51 +0000"
    },
    "done": true
  },
  "minecraft:recipes/building_blocks/coal_block": {
    "criteria": {
      "has_coal": "2025-04-01 02:30:17 +0000"
    },
    "done": true
  },
  "chiselsandbits:recipes/chiselsandbits/chisel_stone": {
    "criteria": {
      "has_rod": "2025-03-31 23:16:54 +0000"
    },
    "done": true
  },
  "minecraft:recipes/tools/stone_shovel": {
    "criteria": {
      "has_cobblestone": "2025-03-31 23:09:36 +0000"
    },
    "done": true
  },
  "rechiseled:recipes/rechiseled/chisel": {
    "criteria": {
      "recipe_condition": "2025-04-01 02:30:33 +0000"
    },
    "done": true
  },
  "create:recipes/create.base/crafting/kinetics/super_glue": {
    "criteria": {
      "has_item": "2025-04-01 02:30:43 +0000"
    },
    "done": true
  },
  "ftbsbc:recipes/ftbsbc/stone_hammer": {
    "criteria": {
      "has_item": "2025-03-31 23:09:36 +0000"
    },
    "done": true
  },
  "minecraft:recipes/building_blocks/blue_concrete_powder": {
    "criteria": {
      "has_gravel": "2025-03-31 23:25:41 +0000"
    },
    "done": true
  },
  "farmersdelight:recipes/farmersdelight/cooking/bone_broth": {
    "criteria": {
      "has_bone": "2025-04-01 02:35:44 +0000"
    },
    "done": true
  },
  "bambooeverything:recipes/dry_bamboo_bundle": {
    "criteria": {
      "has_dry_bamboo": "2025-03-31 23:05:34 +0000"
    },
    "done": true
  },
  "mcwtrpdoors:recipes/oak/oak_ranch_trapdoor": {
    "criteria": {
      "has_logs": "2025-03-31 23:16:25 +0000"
    },
    "done": true
  },
  "ae2wtlib:recipes/wireless_pattern_access_terminal": {
    "criteria": {
      "has_wt": "2025-03-31 23:05:34 +0000"
    },
    "done": true
  },
  "mcwfences:recipes/birch": {
    "criteria": {
      "has_birch": "2025-03-31 23:05:34 +0000"
    },
    "done": true
  },
  "ae2wtlib:recipes/wireless_universal_terminal/upgrade_pattern_access": {
    "criteria": {
      "has_wit": "2025-03-31 23:05:34 +0000"
    },
    "done": true
  },
  "minecraft:recipes/building_blocks/polished_andesite_stairs_from_polished_andesite_stonecutting": {
    "criteria": {
      "has_polished_andesite": "2025-04-01 02:33:25 +0000"
    },
    "done": true
  },
  "mcwwindows:recipes/birch": {
    "criteria": {
      "has_the_recipe": "2025-03-31 23:16:25 +0000"
    },
    "done": true
  },
  "minecraft:recipes/redstone/oak_pressure_plate": {
    "criteria": {
      "has_planks": "2025-03-31 23:16:51 +0000"
    },
    "done": true
  },
  "mcwwindows:recipes/shutters": {
    "criteria": {
      "has_wood": "2025-03-31 23:16:51 +0000"
    },
    "done": true
  },
  "tconstruct:recipes/tconstruct/tools/armor/building/travelers_chestplate": {
    "criteria": {
      "has_item": "2025-04-01 02:46:10 +0000"
    },
    "done": true
  },
  "minecraft:recipes/building_blocks/mossy_stone_bricks_from_moss_block": {
    "criteria": {
      "has_moss_block": "2025-04-01 01:39:51 +0000"
    },
    "done": true
  },
  "mcwbridges:recipes/rope_oak_bridge": {
    "criteria": {
      "has_planks": "2025-03-31 23:16:51 +0000"
    },
    "done": true
  },
  "create:recipes/create.base/crafting/kinetics/encased_chain_drive": {
    "criteria": {
      "has_item": "2025-04-01 02:32:31 +0000"
    },
    "done": true
  },
  "create:recipes/create.base/crafting/kinetics/turntable": {
    "criteria": {
      "has_item": "2025-04-01 02:27:55 +0000"
    },
    "done": true
  },
  "minecraft:recipes/building_blocks/oak_wood": {
    "criteria": {
      "has_log": "2025-03-31 23:16:25 +0000"
    },
    "done": true
  },
  "immersiveengineering:recipes/immersiveengineering/crafting/wirecoil_copper": {
    "criteria": {
      "has_copper_ingot": "2025-04-01 02:46:10 +0000"
    },
    "done": true
  },
  "minecraft:story/root": {
    "criteria": {
      "crafting_table": "2025-04-01 02:30:10 +0000"
    },
    "done": true
  },
  "chiselsandbits:recipes/chiselsandbits/bit_storage": {
    "criteria": {
      "has_l": "2025-03-31 23:16:25 +0000"
    },
    "done": true
  },
  "create:recipes/create.base/crafting/kinetics/copper_valve_handle": {
    "criteria": {
      "has_item": "2025-04-01 02:46:10 +0000"
    },
    "done": true
  },
  "darkerdepths:recipes/misc/silver_ingot_from_copper_block": {
    "criteria": {
      "has_silver_block": "2025-03-31 23:05:34 +0000"
    },
    "done": true
  },
  "darkerdepths:recipes/misc/resin": {
    "criteria": {
      "has_amber": "2025-03-31 23:05:34 +0000"
    },
    "done": true
  },
  "darkerdepths:recipes/misc/rope": {
    "criteria": {
      "has_resin": "2025-03-31 23:05:34 +0000"
    },
    "done": true
  },
  "mcwbridges:recipes/balustrade_andesite_bridge": {
    "criteria": {
      "has_planks": "2025-04-01 02:27:33 +0000"
    },
    "done": true
  },
  "ironchest:recipes/ironchest/upgrades/iron_to_gold_chest_upgrade": {
    "criteria": {
      "has_iron_ingot": "2025-04-01 02:30:33 +0000"
    },
    "done": true
  },
  "mcwlights:recipes/lantern": {
    "criteria": {
      "has_the_recipe": "2025-03-31 23:17:02 +0000"
    },
    "done": true
  },
  "create:recipes/create.base/crafting/kinetics/sticker": {
    "criteria": {
      "has_item": "2025-04-01 02:27:55 +0000"
    },
    "done": true
  },
  "advancedperipherals:recipes/advancedperipheralstab/ar_goggles": {
    "criteria": {
      "has_item": "2025-03-31 23:16:54 +0000"
    },
    "done": true
  },
  "create:recipes/create.base/crafting/appliances/crafting_blueprint": {
    "criteria": {
      "has_item": "2025-04-01 02:30:10 +0000"
    },
    "done": true
  },
  "minecraft:recipes/redstone/oak_button": {
    "criteria": {
      "has_planks": "2025-03-31 23:16:51 +0000"
    },
    "done": true
  },
  "rftoolsutility:recipes/rftoolsutility/machineinformation_module": {
    "criteria": {
      "ingot": "2025-04-01 02:30:33 +0000"
    },
    "done": true
  },
  "darkerdepths:recipes/misc/silver_ingot": {
    "criteria": {
      "has_silver_ore": "2025-03-31 23:05:34 +0000"
    },
    "done": true
  },
  "mcwbridges:recipes/andesite_bridge_pier": {
    "criteria": {
      "has_planks": "2025-04-01 02:27:33 +0000"
    },
    "done": true
  },
  "mcwtrpdoors:recipes/oak/oak_glass_trapdoor": {
    "criteria": {
      "has_logs": "2025-03-31 23:16:25 +0000"
    },
    "done": true
  },
  "tconstruct:recipes/tconstruct/general/common/materials/copper_nugget_from_ingot": {
    "criteria": {
      "has_item": "2025-04-01 02:46:10 +0000"
    },
    "done": true
  },
  "mcwwindows:recipes/blackstone": {
    "criteria": {
      "has_the_recipe": "2025-03-31 23:16:25 +0000"
    },
    "done": true
  },
  "farmersdelight:recipes/farmersdelight/flint_knife": {
    "criteria": {
      "has_stick": "2025-03-31 23:16:54 +0000"
    },
    "done": true
  },
  "create:recipes/create.palettes/polished_cut_andesite_wall_from_stone_types_andesite_stonecutting": {
    "criteria": {
      "has_stone_types_andesite": "2025-04-01 02:27:33 +0000"
    },
    "done": true
  },
  "minecraft:recipes/building_blocks/polished_andesite": {
    "criteria": {
      "has_andesite": "2025-04-01 02:27:33 +0000"
    },
    "done": true
  },
  "create:recipes/create.palettes/andesite_pillar_from_stone_types_andesite_stonecutting": {
    "criteria": {
      "has_stone_types_andesite": "2025-04-01 02:27:33 +0000"
    },
    "done": true
  },
  "rftoolsutility:recipes/rftoolsutility/inventoryplus_module": {
    "criteria": {
      "ingot": "2025-04-01 02:30:33 +0000"
    },
    "done": true
  },
  "bambooeverything:recipes/bamboo_stairs": {
    "criteria": {
      "has_bundle": "2025-03-31 23:05:34 +0000"
    },
    "done": true
  },
  "minecraft:recipes/building_blocks/mossy_cobblestone_from_vine": {
    "criteria": {
      "has_vine": "2025-03-31 23:21:06 +0000"
    },
    "done": true
  },
  "mcwlights:recipes/torches": {
    "criteria": {
      "has_the_recipe": "2025-03-31 23:17:02 +0000"
    },
    "done": true
  },
  "minecraft:recipes/redstone/iron_door": {
    "criteria": {
      "has_iron_ingot": "2025-04-01 02:30:33 +0000"
    },
    "done": true
  },
  "create:recipes/create.base/crafting/kinetics/mechanical_harvester": {
    "criteria": {
      "has_item": "2025-04-01 02:32:31 +0000"
    },
    "done": true
  },
  "create:recipes/create.palettes/small_andesite_brick_wall_from_stone_types_andesite_stonecutting": {
    "criteria": {
      "has_stone_types_andesite": "2025-04-01 02:27:33 +0000"
    },
    "done": true
  },
  "create:recipes/create.palettes/copper_bars_from_ingots_copper_stonecutting": {
    "criteria": {
      "has_ingots_copper": "2025-04-01 02:46:10 +0000"
    },
    "done": true
  },
  "mcwbridges:recipes/oak_rail_bridge": {
    "criteria": {
      "has_planks": "2025-03-31 23:16:51 +0000"
    },
    "done": true
  },
  "chiselsandbits:recipes/chiselsandbits/magnifying_glass": {
    "criteria": {
      "has_s": "2025-03-31 23:16:54 +0000"
    },
    "done": true
  },
  "create:recipes/create.palettes/crafting/kinetics/andesite_door": {
    "criteria": {
      "has_item": "2025-04-01 02:32:31 +0000"
    },
    "done": true
  },
  "create:recipes/create.base/crafting/kinetics/filter": {
    "criteria": {
      "has_item": "2025-04-01 02:27:55 +0000"
    },
    "done": true
  },
  "minecraft:recipes/misc/copper_ingot_from_smelting_raw_copper": {
    "criteria": {
      "has_raw_copper": "2025-04-01 02:44:17 +0000"
    },
    "done": true
  },
  "rftoolsbuilder:recipes/rftoolsbuilder/shape_card_def": {
    "criteria": {
      "iron_ingot": "2025-04-01 02:30:33 +0000"
    },
    "done": true
  },
  "minecraft:recipes/redstone/oak_door": {
    "criteria": {
      "has_planks": "2025-03-31 23:16:51 +0000"
    },
    "done": true
  },
  "ironfurnaces:coal": {
    "criteria": {
      "rainbowcoal": "2025-03-31 23:05:34 +0000"
    },
    "done": true
  },
  "minecraft:recipes/transportation/jungle_boat": {
    "criteria": {
      "in_water": "2025-04-01 02:14:39 +0000"
    },
    "done": true
  },
  "immersiveengineering:recipes/immersiveengineering/crafting/light_engineering": {
    "criteria": {
      "has_copper_ingot": "2025-04-01 02:46:10 +0000"
    },
    "done": true
  },
  "mcwfences:recipes/acacia": {
    "criteria": {
      "has_acacia": "2025-03-31 23:05:34 +0000"
    },
    "done": true
  },
  "immersiveengineering:recipes/immersiveengineering/crafting/powerpack": {
    "criteria": {
      "has_copper_ingot": "2025-04-01 02:46:10 +0000"
    },
    "done": true
  },
  "mcwwindows:recipes/jungle": {
    "criteria": {
      "has_the_recipe": "2025-03-31 23:16:25 +0000"
    },
    "done": true
  },
  "ironchest:recipes/ironchest/upgrades/wood_to_iron_chest_upgrade": {
    "criteria": {
      "has_iron_ingot": "2025-04-01 02:30:33 +0000"
    },
    "done": true
  },
  "tconstruct:recipes/tconstruct/general/tables/pattern": {
    "criteria": {
      "has_item": "2025-03-31 23:16:54 +0000"
    },
    "done": true
  },
  "darkerdepths:recipes/darkerdepths/silver_ingot": {
    "criteria": {
      "has_the_recipe": "2025-03-31 23:05:34 +0000"
    },
    "done": true
  },
  "minecraft:recipes/redstone/heavy_weighted_pressure_plate": {
    "criteria": {
      "has_iron_ingot": "2025-04-01 02:30:33 +0000"
    },
    "done": true
  },
  "create:recipes/create.base/crafting/kinetics/windmill_bearing": {
    "criteria": {
      "has_item": "2025-04-01 02:27:55 +0000"
    },
    "done": true
  },
  "minecraft:recipes/transportation/dark_oak_boat": {
    "criteria": {
      "in_water": "2025-04-01 02:14:39 +0000"
    },
    "done": true
  },
  "minecraft:recipes/transportation/carrot_on_a_stick": {
    "criteria": {
      "has_carrot": "2025-04-01 02:25:25 +0000"
    },
    "done": true
  },
  "minecraft:recipes/decorations/andesite_wall_from_andesite_stonecutting": {
    "criteria": {
      "has_andesite": "2025-04-01 02:27:33 +0000"
    },
    "done": true
  },
  "mcwroofs:recipes/andesite": {
    "criteria": {
      "has_planks": "2025-04-01 02:27:33 +0000"
    },
    "done": true
  },
  "mcwwindows:recipes/spruce": {
    "criteria": {
      "has_the_recipe": "2025-03-31 23:16:25 +0000"
    },
    "done": true
  },
  "compactcrafting:recipes/compactcrafting/projector_dish": {
    "criteria": {
      "got_ender_eye": "2025-03-31 23:05:34 +0000"
    },
    "done": true
  },
  "chiselsandbits:recipes/chiselsandbits/chisel_gold": {
    "criteria": {
      "has_rod": "2025-03-31 23:16:54 +0000"
    },
    "done": true
  },
  "mcwlights:recipes/lava_lamp": {
    "criteria": {
      "has_wood": "2025-04-01 02:30:33 +0000"
    },
    "done": true
  },
  "create:recipes/create.base/crafting/kinetics/white_sail": {
    "criteria": {
      "has_item": "2025-04-01 02:27:55 +0000"
    },
    "done": true
  },
  "create:recipes/create.palettes/crafting/materials/andesite_alloy_block": {
    "criteria": {
      "has_item": "2025-04-01 02:27:55 +0000"
    },
    "done": true
  },
  "mcwlights:recipes/garden_light": {
    "criteria": {
      "has_wood": "2025-04-01 02:30:33 +0000"
    },
    "done": true
  },
  "immersiveengineering:recipes/immersiveengineering/crafting/connector_lv_relay": {
    "criteria": {
      "has_copper_ingot": "2025-04-01 02:46:10 +0000"
    },
    "done": true
  },
  "create:recipes/create.base/crafting/kinetics/steam_whistle": {
    "criteria": {
      "has_item": "2025-04-01 02:46:10 +0000"
    },
    "done": true
  },
  "mcwtrpdoors:recipes/oak/oak_paper_trapdoor": {
    "criteria": {
      "has_logs": "2025-03-31 23:16:25 +0000"
    },
    "done": true
  },
  "mcwdoors:recipes/cherry_print": {
    "criteria": {
      "has_wood": "2025-03-31 23:16:25 +0000"
    },
    "done": true
  },
  "create:recipes/create.base/crafting/kinetics/mechanical_roller": {
    "criteria": {
      "has_item": "2025-04-01 02:32:31 +0000"
    },
    "done": true
  },
  "minecraft:recipes/decorations/soul_campfire": {
    "criteria": {
      "has_stick": "2025-03-31 23:16:54 +0000"
    },
    "done": true
  },
  "mcwtrpdoors:recipes/oak/oak_tropical_trapdoor": {
    "criteria": {
      "has_logs": "2025-03-31 23:16:25 +0000"
    },
    "done": true
  },
  "create:recipes/create.base/crafting/kinetics/fluid_pipe": {
    "criteria": {
      "has_item": "2025-04-01 02:46:10 +0000"
    },
    "done": true
  },
  "minecraft:story/smelt_iron": {
    "criteria": {
      "iron": "2025-04-01 02:30:33 +0000"
    },
    "done": true
  },
  "darkerdepths:recipes/darkerdepths/rope": {
    "criteria": {
      "has_the_recipe": "2025-03-31 23:05:34 +0000"
    },
    "done": true
  },
  "darkerdepths:recipes/misc/silver_ingot_from_blasting": {
    "criteria": {
      "has_silver_ore": "2025-03-31 23:05:34 +0000"
    },
    "done": true
  },
  "cobblefordays:recipes/misc/tier_3": {
    "criteria": {
      "has_water": "2025-04-01 02:34:13 +0000"
    },
    "done": true
  },
  "mcwtrpdoors:recipes/metal/metal_full_trapdoor": {
    "criteria": {
      "has_logs": "2025-04-01 02:30:33 +0000"
    },
    "done": true
  },
  "cobblefordays:recipes/misc/tier_4": {
    "criteria": {
      "has_water": "2025-04-01 02:34:13 +0000"
    },
    "done": true
  },
  "cobblefordays:recipes/misc/tier_5": {
    "criteria": {
      "has_water": "2025-04-01 02:34:13 +0000"
    },
    "done": true
  },
  "mcwbridges:recipes/bridge_lantern": {
    "criteria": {
      "has_planks": "2025-04-01 02:30:17 +0000"
    },
    "done": true
  },
  "create:recipes/create.base/crafting/materials/zinc_ingot_from_compacting": {
    "criteria": {
      "has_item": "2025-04-01 02:27:44 +0000"
    },
    "done": true
  },
  "mcwtrpdoors:recipes/oak/oak_mystic_trapdoor": {
    "criteria": {
      "has_logs": "2025-03-31 23:16:25 +0000"
    },
    "done": true
  },
  "cobblefordays:recipes/misc/tier_1": {
    "criteria": {
      "has_water": "2025-04-01 02:34:13 +0000"
    },
    "done": true
  },
  "create:recipes/create.base/crafting/kinetics/linear_chassis": {
    "criteria": {
      "has_item": "2025-04-01 02:27:55 +0000"
    },
    "done": true
  },
  "cobblefordays:recipes/misc/tier_2": {
    "criteria": {
      "has_water": "2025-04-01 02:34:13 +0000"
    },
    "done": true
  },
  "DataVersion": 2975
}