{"stats":{"minecraft:broken":{"justhammers:iron_impact_hammer":1},"minecraft:crafted":{"minecraft:oak_planks":32,"mekanismtools:iron_paxel":1,"minecraft:spruce_planks":12,"minecraft:stone_axe":1,"minecraft:bread":21,"minecraft:cobblestone":4,"minecraft:iron_axe":1,"minecraft:iron_hoe":1,"minecraft:stick":8,"minecraft:stone_pickaxe":1,"minecraft:iron_pickaxe":1,"minecraft:iron_shovel":1},"minecraft:killed":{"minecraft:magma_cube":16,"minecraft:piglin":1,"minecraft:skeleton":1},"minecraft:picked_up":{"minecraft:leather_chestplate":1,"ftbstoneblock:stonepebble":17,"minecraft:magma_cream":6,"botania:manasteel_leggings":1,"minecraft:gold_block":2,"minecraft:flint":6,"minecraft:crimson_fungus":1,"minecraft:tuff":14,"create:raw_zinc":24,"minecraft:oak_log":1,"minecraft:shield":1,"botania:cosmetic_questgiver_mark":1,"minecraft:lapis_lazuli":36,"ftbquests:lootcrate":2,"minecraft:string":11,"minecraft:moss_carpet":2,"ftbstoneblock:1x_compressed_dirt":2,"minecraft:bone":1,"minecraft:bow":1,"botania:manasteel_chestplate":1,"minecraft:gold_nugget":6,"ftbquests:book":1,"minecraft:iron_ingot":12,"minecraft:iron_nugget":16,"minecraft:chest":59,"minecraft:birch_sapling":2,"minecraft:raw_iron":3,"ftbstoneblock:mob_soul":2,"thermal:raw_lead":13,"minecraft:torch":1,"botania:manasteel_helmet":1,"minecraft:gravel":101,"minecraft:spruce_sapling":2,"minecraft:trident":1,"minecraft:crying_obsidian":11,"minecraft:barrel":32,"mekanism:raw_osmium":4,"minecraft:weeping_vines":1,"minecraft:pumpkin_seeds":5,"minecraft:arrow":2,"minecraft:clay":4,"farmersdelight:glow_berry_custard":3,"minecraft:stone_axe":1,"mekanism:fluorite_gem":6,"minecraft:golden_horse_armor":1,"minecraft:oak_sapling":35,"minecraft:netherrack":65,"minecraft:glow_berries":84,"minecraft:crimson_roots":1,"minecraft:cobblestone":590},"minecraft:custom":{"minecraft:interact_with_furnace":1,"minecraft:mob_kills":16,"minecraft:interact_with_crafting_table":4,"minecraft:open_barrel":19,"minecraft:eat_cake_slice":6,"minecraft:leave_game":1,"minecraft:time_since_death":53681,"minecraft:climb_one_cm":0,"minecraft:time_since_rest":53681,"champions:champion_mobs_killed":18,"minecraft:sprint_one_cm":120493,"minecraft:damage_taken":745,"minecraft:walk_one_cm":98547,"minecraft:damage_blocked_by_shield":130,"minecraft:drop":33,"minecraft:damage_dealt":667,"minecraft:fly_one_cm":97952,"minecraft:player_kills":1,"minecraft:open_chest":93,"minecraft:crouch_one_cm":3219,"minecraft:play_time":53681,"minecraft:sneak_time":1195,"minecraft:jump":586,"minecraft:walk_on_water_one_cm":393,"minecraft:total_world_time":53681,"minecraft:fall_one_cm":7185},"minecraft:mined":{"create:zinc_ore":24,"minecraft:tuff":10,"mekanism:osmium_ore":4,"thermal:lead_ore":13,"minecraft:cave_vines_plant":1,"minecraft:chest":1,"minecraft:lapis_ore":3,"mekanism:fluorite_ore":2,"minecraft:iron_ore":2,"minecraft:fire":1,"minecraft:deepslate_iron_ore":1,"minecraft:gravel":102,"minecraft:stone":29,"minecraft:netherrack":6,"minecraft:gold_ore":6},"minecraft:dropped":{"minecraft:crimson_fungus":1,"minecraft:stone_axe":1,"minecraft:iron_nugget":16,"minecraft:wheat":1,"minecraft:birch_sapling":2,"minecraft:cobblestone":530,"minecraft:glow_berries":61,"botania:cosmetic_questgiver_mark":1,"ftbstoneblock:1x_compressed_dirt":2,"minecraft:stick":5,"minecraft:leather_chestplate":1,"minecraft:chest":59,"minecraft:gold_nugget":6,"minecraft:barrel":32,"minecraft:arrow":2,"ftbstoneblock:stonepebble":1,"minecraft:magma_cream":6,"minecraft:string":11},"minecraft:used":{"minecraft:trident":4,"minecraft:stone_pickaxe":15,"ftbsbc:stone_hammer":6,"minecraft:shield":7,"minecraft:netherrack":2,"minecraft:glow_berries":19,"justhammers:iron_impact_hammer":1,"minecraft:carrot":4,"minecraft:cake":1,"minecraft:bread":2,"mekanismtools:iron_paxel":176,"minecraft:gravel":3,"farmersdelight:glow_berry_custard":3,"minecraft:stone_axe":15,"ars_nouveau:source_berry_pie":1,"minecraft:golden_sword":1,"minecraft:cobblestone":13}},"DataVersion":2975}