{"stats":{"minecraft:killed":{"minecraft:skeleton":38,"minecraft:chicken":1,"minecraft:magma_cube":23,"minecraft:pillager":14,"minecraft:zombie":85,"minecraft:glow_squid":1,"instrumentalmobs:drum_zombie":1,"minecraft:evoker":2,"minecraft:vindicator":2,"minecraft:husk":2,"minecraft:witch":8,"minecraft:spider":8,"minecraft:bee":1,"minecraft:silverfish":20,"minecraft:piglin":2,"minecraft:creeper":19,"minecraft:stray":3,"minecraft:vex":4,"minecraft:phantom":3,"minecraft:drowned":1,"ars_nouveau:wilden_stalker":8},"minecraft:crafted":{"stonechest:chest_cobblestone":28,"ftbsbc:stone_rod":136,"minecraft:copper_ingot":6,"create:mechanical_mixer":1,"ftbsbc:stone_hammer":6,"minecraft:iron_pickaxe":5,"minecraft:stone_shovel":3,"ftbsbc:stone_crook":8,"minecraft:bone_meal":9,"minecraft:stone_pickaxe":3,"minecraft:cobblestone":21,"minecraft:iron_shovel":5,"minecraft:oak_planks":372,"mekanismtools:iron_paxel":5,"minecraft:cobblestone_slab":12,"minecraft:chest":15,"create:zinc_nugget":18,"mekanismtools:stone_paxel":3,"minecraft:shield":1,"minecraft:stick":224,"minecraft:iron_ingot":56,"minecraft:polished_andesite":4,"stonechest:part_cobblestone":112,"minecraft:furnace":8,"minecraft:flint_and_steel":2,"projecte:white_alchemical_bag":2,"minecraft:iron_axe":5,"create:basin":1,"create:andesite_alloy":8,"create:hand_crank":1,"luggage:luggage":15,"minecraft:bucket":1,"minecraft:stone_axe":3,"minecraft:air":0,"ftbstoneblock:1x_compressed_cobblestone":14,"create:whisk":1,"minecraft:white_dye":2,"minecraft:torch":480,"minecraft:diamond_chestplate":2},"minecraft:broken":{"mekanismtools:stone_paxel":2,"minecraft:chainmail_helmet":1,"ftbsbc:stone_hammer":9,"mekanismtools:iron_paxel":1,"botania:manasteel_leggings":1,"justhammers:iron_reinforced_impact_hammer":1,"justhammers:iron_hammer":1,"ftbsbc:stone_crook":2},"minecraft:picked_up":{"minecraft:wooden_axe":2,"minecraft:blue_candle":18,"minecraft:chainmail_boots":1,"minecraft:flower_pot":4,"minecraft:stone_slab":3,"minecraft:wither_rose":6,"minecraft:enchanted_book":9,"minecraft:golden_shovel":1,"projecte:magenta_alchemical_bag":1,"minecraft:amethyst_block":11,"minecraft:music_disc_cat":1,"minecraft:string":90,"minecraft:dark_oak_trapdoor":1,"minecraft:cooked_salmon":38,"botania:manasteel_chestplate":2,"minecraft:gold_nugget":32,"minecraft:crimson_fence":3,"thermal:rf_potato":3,"minecraft:coal_block":28,"minecraft:beehive":38,"ftbstoneblock:mob_soul":119,"ftbstoneblock:warm_silverfish_shard":2,"minecraft:composter":22,"minecraft:big_dripleaf":8,"create:andesite_casing":1,"projecte:dark_matter":5,"minecraft:warped_button":4,"minecraft:deepslate_tile_stairs":35,"minecraft:golden_chestplate":2,"minecraft:rabbit_foot":2,"botania:manasteel_ingot":4,"minecraft:stone_sword":2,"minecraft:honey_bottle":158,"projecte:alchemical_coal":2,"farmersdelight:rope":16,"thermal:slag":16,"farmersdelight:melon_juice":3,"minecraft:iron_bars":12,"minecraft:snowball":26,"ars_nouveau:manipulation_essence":2,"ftbstoneblock:1x_compressed_cobblestone":2,"minecraft:magma_block":2,"mekanismtools:steel_helmet":2,"botania:manasteel_boots":1,"ars_nouveau:source_berry":7,"minecraft:powder_snow_bucket":6,"minecraft:smoker":1,"minecraft:flint":38,"farmersdelight:cooked_bacon":8,"luggage:luggage":28,"minecraft:lantern":1,"minecraft:brown_candle":9,"minecraft:twisting_vines":14,"minecraft:moss_block":90,"minecraft:rabbit":10,"minecraft:diamond_helmet":1,"minecraft:glowstone_dust":5,"minecraft:llama_spawn_egg":1,"minecraft:gray_candle":27,"minecraft:magenta_candle":4,"minecraft:fermented_spider_eye":1,"minecraft:barrel":229,"ftbsbc:stone_hammer":8,"minecraft:iron_hoe":1,"minecraft:polished_andesite":213,"minecraft:white_candle":1,"farmersdelight:glow_berry_custard":13,"minecraft:granite":1,"minecraft:chainmail_helmet":1,"minecraft:bread":5,"minecraft:dark_oak_fence":3,"minecraft:crafting_table":1,"minecraft:clay_ball":278,"minecraft:leather_leggings":2,"minecraft:redstone_lamp":40,"minecraft:dragon_head":1,"gravestone:obituary":3,"minecraft:cornflower":48,"minecraft:pink_candle":13,"minecraft:flint_and_steel":1,"minecraft:iron_shovel":2,"supplementaries:bomb":2,"minecraft:respawn_anchor":3,"minecraft:iron_nugget":43,"minecraft:chest":139,"minecraft:piston":4,"minecraft:egg":7,"ars_nouveau:ritual_challenge":3,"minecraft:music_disc_mellohi":1,"minecraft:fire_charge":23,"farmersdelight:tomato_seeds":6,"minecraft:cake":3,"minecraft:carrot":4,"minecraft:redstone":109,"minecraft:tnt":1,"tconstruct:sky_slime_ball":63,"minecraft:stone_shovel":1,"minecraft:diamond_chestplate":1,"minecraft:cooked_cod":28,"minecraft:beetroot_seeds":6,"minecraft:diamond_boots":1,"farmersdelight:hamburger":3,"farmersdelight:beef_stew":5,"minecraft:gold_ingot":55,"minecraft:totem_of_undying":2,"tconstruct:earth_slime_sapling":7,"minecraft:glow_berries":685,"minecraft:mutton":13,"minecraft:red_mushroom":27,"ars_nouveau:wilden_wing":21,"minecraft:oak_log":57,"farmersdelight:shepherds_pie":4,"chiselsandbits:magnifying_glass":1,"minecraft:paper":4,"minecraft:white_banner":2,"bloodmagic:weakbloodorb":7,"minecraft:apple":49,"ars_nouveau:water_essence":11,"minecraft:music_disc_far":1,"minecraft:cobweb":46,"minecraft:glass_bottle":20,"minecraft:iron_sword":2,"stonechest:chest_cobblestone":6,"minecraft:polished_andesite_stairs":1,"minecraft:milk_bucket":4,"botania:manasteel_helmet":2,"projecte:mobius_fuel":15,"minecraft:gravel":960,"minecraft:orange_candle":3,"minecraft:leather_helmet":2,"minecraft:diamond_shovel":1,"experienceobelisk:experience_obelisk":1,"immersiveengineering:seed":6,"minecraft:slime_ball":38,"ftbsbc:stone_crook":5,"minecraft:stone_axe":1,"minecraft:diamond_axe":2,"minecraft:warped_roots":5,"minecraft:brown_banner":1,"farmersdelight:cooked_salmon_slice":6,"minecraft:melon_seeds":12,"minecraft:hopper":9,"minecraft:ender_pearl":2,"minecraft:shulker_shell":1,"minecraft:music_disc_strad":2,"minecraft:wheat":124,"minecraft:potion":1,"minecraft:raw_copper":2,"minecraft:iron_leggings":3,"minecraft:red_candle":17,"minecraft:zombie_head":3,"minecraft:sea_pickle":31,"minecraft:bucket":2,"minecraft:cobblestone_slab":12,"create:potato_cannon":3,"minecraft:azalea":4,"minecraft:wooden_shovel":1,"minecraft:iron_pickaxe":1,"minecraft:deepslate_tile_wall":6,"minecraft:furnace":1,"minecraft:tipped_arrow":42,"powah:magmator_starter":1,"minecraft:stick":164,"ironchest:crystal_chest":1,"minecraft:oak_fence":10,"thermal:raw_lead":5,"minecraft:torch":319,"ars_nouveau:archwood_chest":2,"minecraft:porkchop":18,"minecraft:dried_kelp":279,"minecraft:pointed_dripstone":10,"minecraft:diorite":5,"minecraft:vine":8,"supplementaries:flax":5,"create:large_cogwheel":2,"minecraft:rotten_flesh":468,"minecraft:music_disc_ward":2,"minecraft:guardian_spawn_egg":2,"ars_nouveau:whirlisprig_shards":2,"minecraft:blaze_powder":17,"minecraft:cobblestone":5982,"minecraft:nautilus_shell":1,"mekanismtools:refined_glowstone_leggings":4,"farmersdelight:mixed_salad":11,"ftbstoneblock:dust":116,"minecraft:leather_chestplate":2,"minecraft:magma_cream":1,"minecraft:repeater":6,"jags:jags":14,"minecraft:andesite":482,"thermal:phytogro":57,"minecraft:potato":27,"minecraft:tuff":6,"ars_nouveau:earth_essence":1,"minecraft:lapis_lazuli":48,"minecraft:dirt":303,"constructionwand:iron_wand":2,"powah:dielectric_paste":102,"minecraft:name_tag":1,"minecraft:leather_boots":1,"minecraft:bone":178,"botania:cyan_mystical_flower":2,"ftbdripper:dripper":2,"powah:steel_energized":11,"minecraft:bow":10,"minecraft:cobbled_deepslate_wall":1,"minecraft:wheat_seeds":22,"minecraft:green_candle":27,"minecraft:raw_gold":6,"minecraft:cyan_candle":22,"minecraft:bamboo":21,"simplylight:lamp_post":1,"minecraft:oak_planks":1,"minecraft:stone_hoe":2,"create:cogwheel":1,"justhammers:iron_hammer":1,"minecraft:sand":227,"minecraft:dead_bush":6,"minecraft:sugar":4,"minecraft:clay":8,"minecraft:diamond":46,"create:filter":1,"mekanismtools:steel_sword":1,"minecraft:polished_blackstone_button":11,"darkutils:vector_plate":4,"minecraft:crossbow":1,"supercircuitmaker:tiny_redstone":12,"minecraft:bone_meal":2,"minecraft:golden_apple":10,"minecraft:emerald":14,"minecraft:netherrack":66,"minecraft:oak_sapling":110,"minecraft:nether_star":2,"minecraft:lingering_potion":2,"minecraft:charcoal":166,"minecraft:splash_potion":2,"minecraft:chicken":17,"botania:manasteel_leggings":5,"minecraft:brown_mushroom":49,"torchbowmod:torchbow":3,"minecraft:diamond_horse_armor":2,"minecraft:chain":48,"minecraft:brick":108,"botania:cosmetic_questgiver_mark":4,"ars_nouveau:amplify_arrow":122,"ftbquests:lootcrate":22,"minecraft:stone_stairs":16,"minecraft:moss_carpet":25,"ars_nouveau:source_berry_pie":8,"minecraft:candle":133,"ars_nouveau:starbuncle_shards":1,"create:basin":1,"minecraft:phantom_membrane":26,"botania:magnet_ring":4,"minecraft:dark_oak_sapling":1,"minecraft:raw_iron":3,"minecraft:bowl":17,"minecraft:copper_ingot":54,"minecraft:mooshroom_spawn_egg":1,"minecraft:stone_button":4,"minecraft:cookie":51,"minecraft:music_disc_11":1,"minecraft:trident":3,"create:zinc_ingot":1,"powah:crystal_blazing":2,"minecraft:weeping_vines":1,"minecraft:purple_candle":20,"minecraft:arrow":111,"minecraft:lime_candle":19,"minecraft:pumpkin_pie":4,"industrialforegoing:straw":1,"ftbstoneblock:cold_silverfish_shard":86,"minecraft:saddle":12,"minecraft:elder_guardian_spawn_egg":1,"ftbstoneblock:stonepebble":95,"minecraft:golden_carrot":13,"supplementaries:flint_block":1,"minecraft:glow_ink_sac":69,"minecraft:leather":39,"minecraft:music_disc_stal":3,"botania:cosmetic_tiny_potato_mask":5,"minecraft:crimson_fungus":5,"create:andesite_alloy":18,"minecraft:gunpowder":140,"minecraft:cobblestone_wall":3,"minecraft:cobblestone_stairs":9,"minecraft:wooden_hoe":2,"minecraft:deepslate_tile_slab":18,"minecraft:zombie_horse_spawn_egg":2,"ae2:sky_dust":5,"minecraft:spruce_wood":84,"minecraft:iron_ingot":53,"minecraft:polished_andesite_slab":44,"minecraft:soul_sand":1,"minecraft:book":48,"minecraft:scaffolding":37,"minecraft:warped_fungus":1,"minecraft:black_candle":2,"minecraft:budding_amethyst":5,"botania:quartz_mana":48,"minecraft:lava_bucket":1,"minecraft:amethyst_shard":23,"minecraft:blast_furnace":1,"minecraft:spider_eye":11,"ars_nouveau:wilden_spike":20,"minecraft:dried_kelp_block":13,"minecraft:music_disc_mall":3,"minecraft:pumpkin_seeds":5,"minecraft:light_gray_candle":15,"minecraft:chainmail_leggings":2,"minecraft:coal":13},"minecraft:custom":{"minecraft:interact_with_crafting_table":40,"minecraft:open_barrel":56,"minecraft:leave_game":4,"minecraft:time_since_death":133703,"champions:champion_mobs_killed":243,"minecraft:damage_blocked_by_shield":140,"minecraft:play_time":349656,"minecraft:deaths":3,"minecraft:jump":2903,"minecraft:interact_with_furnace":14,"minecraft:sleep_in_bed":1,"minecraft:damage_dealt":40575,"minecraft:sneak_time":13079,"minecraft:interact_with_blast_furnace":1,"minecraft:total_world_time":349656,"minecraft:time_since_rest":133732,"minecraft:swim_one_cm":2596,"minecraft:fly_one_cm":444663,"minecraft:open_chest":511,"minecraft:fall_one_cm":31477,"minecraft:sprint_one_cm":440891,"minecraft:drop":832,"minecraft:walk_on_water_one_cm":5811,"minecraft:player_kills":1,"minecraft:crouch_one_cm":34561,"minecraft:mob_kills":278,"minecraft:climb_one_cm":16723,"minecraft:walk_one_cm":740527,"minecraft:walk_under_water_one_cm":3340,"minecraft:damage_taken":7901,"minecraft:damage_absorbed":2316,"minecraft:trigger_trapped_chest":1},"minecraft:mined":{"minecraft:dead_horn_coral_fan":3,"minecraft:granite":1,"minecraft:deepslate_tile_wall":2,"ftbstoneblock:1x_compressed_gravel":28,"minecraft:coal_block":20,"minecraft:deepslate_tile_stairs":27,"minecraft:spawner":10,"minecraft:weeping_vines_plant":1,"minecraft:magma_block":8,"minecraft:fire":11,"minecraft:barrel":71,"minecraft:moss_carpet":11,"minecraft:fletching_table":1,"minecraft:cave_vines":13,"ftbdripper:dripper":1,"minecraft:spruce_wood":29,"stonechest:chest_cobblestone":6,"minecraft:brown_mushroom":2,"minecraft:smoker":1,"minecraft:soul_fire":2,"minecraft:deepslate_tile_slab":7,"minecraft:torch":7,"minecraft:blast_furnace":2,"minecraft:dead_bush":1,"experienceobelisk:experience_obelisk":1,"create:basin":1,"minecraft:chain":1,"minecraft:grass":25,"minecraft:moss_block":15,"minecraft:red_mushroom":1,"minecraft:andesite":18,"minecraft:potatoes":4,"minecraft:cobblestone_slab":6,"minecraft:vine":4,"minecraft:soul_sand":1,"minecraft:cobbled_deepslate_wall":1,"minecraft:campfire":70,"minecraft:tall_grass":23,"minecraft:big_dripleaf":1,"minecraft:gravel":194,"ftbstoneblock:1x_compressed_cobblestone":28,"minecraft:cave_vines_plant":1,"minecraft:composter":17,"supplementaries:ash":1,"minecraft:flowering_azalea_leaves":2,"minecraft:azalea_leaves":3,"simplylight:lamp_post":1,"minecraft:twisting_vines_plant":1,"minecraft:chest":18,"minecraft:cobblestone":875,"minecraft:wall_torch":2,"minecraft:light_gray_candle":3,"minecraft:oak_log":121,"minecraft:sand":102,"minecraft:dirt":102,"minecraft:netherrack":2,"minecraft:oak_leaves":289,"minecraft:redstone_lamp":40,"minecraft:nether_gold_ore":1,"minecraft:tuff":2,"ars_nouveau:archwood_chest":2,"gravestone:gravestone":3,"create:large_cogwheel":1,"minecraft:weeping_vines":1,"minecraft:polished_andesite_slab":3,"minecraft:dead_brain_coral":4,"minecraft:furnace":1,"minecraft:bookshelf":5,"minecraft:stone":174,"minecraft:scaffolding":9,"minecraft:crafting_table":1,"minecraft:stone_slab":1,"minecraft:red_nether_brick_wall":2,"minecraft:sea_pickle":1,"minecraft:beehive":29,"minecraft:polished_andesite":9},"minecraft:killed_by":{"minecraft:zombie":1,"minecraft:creeper":1,"minecraft:player":1},"minecraft:dropped":{"farmersdelight:hamburger":3,"minecraft:clay":4,"minecraft:piston":8,"minecraft:porkchop":12,"minecraft:respawn_anchor":2,"minecraft:lapis_lazuli":9,"minecraft:glow_ink_sac":52,"minecraft:glass_bottle":20,"minecraft:diamond":23,"mcwdoors:metal_warning_door":2,"minecraft:weeping_vines":1,"minecraft:cookie":64,"minecraft:glow_berries":557,"minecraft:warped_roots":6,"minecraft:saddle":9,"minecraft:leather_helmet":2,"minecraft:red_mushroom":20,"botania:manasteel_leggings":3,"minecraft:dirt":128,"constructionwand:iron_wand":1,"minecraft:stone_button":4,"minecraft:dark_oak_fence":3,"minecraft:chain":35,"powah:dielectric_paste":41,"minecraft:gold_nugget":13,"minecraft:phantom_membrane":13,"minecraft:gray_candle":23,"minecraft:sand":48,"tconstruct:sky_slime_ball":63,"mekanismtools:iron_paxel":3,"minecraft:music_disc_stal":1,"minecraft:bone":86,"minecraft:green_candle":27,"projecte:white_alchemical_bag":2,"minecraft:stone_axe":1,"minecraft:polished_andesite_slab":3,"minecraft:golden_chestplate":1,"rftoolsutility:crafter1":1,"minecraft:wheat":188,"minecraft:rotten_flesh":264,"powah:crystal_blazing":2,"minecraft:oak_planks":2,"botania:cosmetic_questgiver_mark":3,"functionalstorage:linking_tool":1,"minecraft:glowstone_dust":1,"create:potato_cannon":2,"minecraft:blaze_powder":13,"jags:jags":5,"botania:manasteel_ingot":5,"minecraft:rabbit_foot":4,"minecraft:tipped_arrow":26,"minecraft:red_candle":6,"minecraft:charcoal":120,"minecraft:hopper":1,"minecraft:music_disc_mall":1,"minecraft:leather_boots":1,"farmersdelight:mixed_salad":8,"farmersdelight:rope":8,"minecraft:leather_leggings":2,"minecraft:egg":3,"farmersdelight:tomato_seeds":3,"minecraft:enchanted_book":4,"minecraft:iron_ingot":39,"minecraft:wheat_seeds":8,"minecraft:cobbled_deepslate_wall":1,"minecraft:guardian_spawn_egg":2,"minecraft:oak_fence":10,"minecraft:cobblestone":4428,"minecraft:book":21,"minecraft:apple":4,"minecraft:granite":1,"minecraft:deepslate_tile_slab":2,"mekanismtools:stone_paxel":1,"minecraft:polished_blackstone_button":20,"minecraft:coal":13,"minecraft:golden_apple":1,"minecraft:coal_block":8,"minecraft:polished_andesite":62,"minecraft:cobweb":28,"minecraft:diamond_horse_armor":1,"minecraft:dried_kelp_block":7,"minecraft:rabbit":6,"minecraft:cooked_salmon":30,"projecte:dark_matter":1,"minecraft:dead_bush":4,"minecraft:dried_kelp":178,"ftbstoneblock:stonepebble":1,"minecraft:chainmail_leggings":1,"minecraft:string":60,"minecraft:blue_candle":11,"farmersdelight:glow_berry_custard":12,"ars_nouveau:source_berry":8,"minecraft:cobblestone_wall":1,"minecraft:bowl":27,"minecraft:stone_shovel":1,"minecraft:chicken":11,"minecraft:clay_ball":147,"torchbowmod:torchbow":1,"ftbstoneblock:1x_compressed_dirt":1,"industrialforegoing:range_addon0":1,"minecraft:budding_amethyst":1,"mekanismtools:steel_sword":1,"minecraft:potato":26,"minecraft:cobblestone_slab":7,"minecraft:flower_pot":1,"minecraft:sea_pickle":24,"minecraft:powder_snow_bucket":2,"minecraft:spruce_planks":3,"create:zinc_ingot":3,"ftbstoneblock:dust":109,"thermal:phytogro":14,"minecraft:wooden_shovel":1,"minecraft:spider_eye":1,"minecraft:barrel":62,"minecraft:bamboo":6,"minecraft:warped_button":5,"minecraft:bow":3,"minecraft:purple_candle":18,"ars_nouveau:amplify_arrow":122,"minecraft:magma_block":1,"functionalstorage:void_upgrade":2,"minecraft:brown_mushroom":38,"minecraft:candle":46,"minecraft:moss_block":12,"minecraft:diamond_axe":1,"functionalstorage:redstone_upgrade":2,"minecraft:ender_pearl":1,"minecraft:dark_oak_sapling":1,"ftbstoneblock:warm_silverfish_shard":2,"minecraft:deepslate_tile_wall":3,"minecraft:leather":1,"luggage:luggage":15,"minecraft:cobblestone_stairs":7,"minecraft:flint":11,"ftbstoneblock:mob_soul":67,"minecraft:deepslate_tile_stairs":5,"minecraft:redstone_lamp":10,"botania:manasteel_helmet":1,"minecraft:cornflower":40,"minecraft:mutton":11,"minecraft:cooked_cod":26,"minecraft:snowball":26,"gravestone:obituary":3,"minecraft:amethyst_shard":23,"botania:quartz_mana":25,"farmersdelight:cooked_salmon_slice":2,"industrialforegoing:straw":1,"shrink:shrinking_device":1,"minecraft:gold_ingot":29,"minecraft:gravel":893,"ars_nouveau:wilden_spike":8,"minecraft:twisting_vines":14,"chiselsandbits:bit_bag":1,"minecraft:pointed_dripstone":8,"minecraft:white_candle":1,"minecraft:beehive":27,"bloodmagic:weakbloodorb":7,"minecraft:stone_stairs":16,"minecraft:honey_bottle":136,"ars_nouveau:water_essence":9,"minecraft:carrot":4,"ae2:sky_dust":2,"minecraft:leather_chestplate":2,"minecraft:trident":1,"minecraft:gunpowder":171,"minecraft:beetroot_seeds":6,"minecraft:melon_seeds":12,"minecraft:lingering_potion":2,"minecraft:chainmail_boots":1,"minecraft:azalea":1,"minecraft:chest":61,"minecraft:spruce_wood":84,"minecraft:arrow":129,"minecraft:iron_bars":7,"entangled:item":1,"minecraft:scaffolding":23,"minecraft:netherrack":65,"minecraft:splash_potion":1,"create:andesite_alloy":9,"minecraft:stone_hoe":1,"ftbstoneblock:1x_compressed_sand":2,"minecraft:amethyst_block":4,"powah:steel_energized":6,"minecraft:copper_ingot":14,"minecraft:stick":22,"botania:manasteel_chestplate":2,"botania:livingwood_twig":1,"ftbsbc:stone_hammer":2,"chancecubes:silk_touch_pendant":1,"minecraft:milk_bucket":1,"minecraft:diorite":7,"minecraft:torch":389,"minecraft:zombie_head":3,"minecraft:fire_charge":6,"mekanismtools:steel_helmet":1,"minecraft:music_disc_strad":1,"ftbstoneblock:1x_compressed_gravel":2,"minecraft:music_disc_ward":2,"minecraft:wither_rose":6,"minecraft:crimson_fence":3,"minecraft:cyan_candle":2,"minecraft:bucket":3,"ars_nouveau:wilden_wing":11,"minecraft:redstone":32,"minecraft:raw_copper":1,"thermal:raw_lead":5,"thermal:slag":16,"minecraft:composter":18,"minecraft:raw_iron":1,"botania:magnet_ring":3,"minecraft:pink_candle":9,"ftbstoneblock:cold_silverfish_shard":46,"minecraft:light_gray_candle":7,"minecraft:flint_and_steel":1,"minecraft:shield":1,"supplementaries:flint_block":1,"simplylight:lamp_post":4,"minecraft:andesite":350,"minecraft:magenta_candle":4,"tconstruct:earth_slime_sapling":3,"supercircuitmaker:tiny_redstone":4,"minecraft:oak_sapling":7,"projecte:mobius_fuel":12,"mekanismtools:refined_glowstone_leggings":4,"itemcollectors:basic_collector":1,"minecraft:diamond_boots":1,"minecraft:slime_ball":13,"minecraft:music_disc_mellohi":1,"minecraft:magma_cream":1,"minecraft:nautilus_shell":1,"botania:cosmetic_tiny_potato_mask":4,"ftbquests:lootcrate":3,"minecraft:brick":61,"ars_nouveau:ritual_challenge":2},"minecraft:used":{"minecraft:moss_block":1,"farmersdelight:mixed_salad":1,"minecraft:soul_sand":2,"minecraft:snowball":1,"ars_nouveau:archwood_chest":6,"minecraft:lava_bucket":60,"simplylight:lamp_post":3,"farmersdelight:glow_berry_custard":7,"minecraft:furnace":8,"minecraft:oak_sapling":13,"minecraft:cooked_cod":8,"minecraft:potato":1,"minecraft:dragon_head":1,"farmersdelight:beef_stew":12,"minecraft:golden_apple":1,"minecraft:glow_berries":55,"minecraft:sand":102,"minecraft:blast_furnace":2,"mekanismtools:iron_paxel":697,"justhammers:iron_reinforced_impact_hammer":141,"gag:time_sand_pouch":4,"create:basin":2,"ftbsbc:stone_hammer":1272,"minecraft:cooked_salmon":9,"minecraft:netherrack":1,"minecraft:bee_spawn_egg":1,"minecraft:torch":266,"minecraft:brewing_stand":1,"cobblefordays:tier_4":1,"minecraft:totem_of_undying":1,"minecraft:barrel":25,"minecraft:diamond_chestplate":1,"farmersdelight:cooking_pot":1,"stonechest:chest_cobblestone":28,"minecraft:water_bucket":5,"mekanismtools:stone_paxel":531,"minecraft:crafting_table":1,"supplementaries:bomb":2,"minecraft:cake":1,"justhammers:iron_hammer":135,"minecraft:oak_log":1,"minecraft:diamond_shovel":64,"minecraft:cobblestone":897,"minecraft:potion":3,"minecraft:moss_carpet":13,"minecraft:shield":4,"minecraft:honey_bottle":6,"minecraft:lantern":1,"minecraft:magma_block":1,"minecraft:scaffolding":2,"minecraft:chainmail_helmet":1,"minecraft:diamond_axe":32,"minecraft:bread":17,"experienceobelisk:experience_obelisk":2,"minecraft:gravel":131,"minecraft:chainmail_boots":1,"minecraft:andesite":35,"ftbdripper:dripper":2,"ftbstoneblock:dust":24,"ironchest:crystal_chest":1,"minecraft:bone_meal":34,"minecraft:experience_bottle":9,"create:large_cogwheel":4,"ftbsbc:stone_crook":275,"minecraft:flint_and_steel":50,"minecraft:dirt":136,"create:mechanical_mixer":1,"minecraft:cobblestone_wall":1,"minecraft:diamond_helmet":1,"ars_nouveau:source_berry_pie":4,"minecraft:golden_carrot":12,"ftbstoneblock:1x_compressed_cobblestone":4,"minecraft:iron_leggings":1,"minecraft:polished_andesite":2,"minecraft:cobblestone_slab":17,"minecraft:apple":41,"torchbowmod:torchbow":125,"minecraft:bucket":64,"create:hand_crank":1,"minecraft:chainmail_leggings":1}},"DataVersion":2975}